id,series_id,start,length,true_class,pred_class,confidence,F_stat,Separability,IG,Composite_Score,dim_0,dim_1,dim_2,dim_3,dim_4,dim_5,dim_6,dim_7,dim_8,dim_9,dim_10,dim_11,Shapelet_Length
4897,108,5,15,3,3,0.97659445,78.04665,2.3790317,0.84983033863117232,1657.2192,"[0.5902309417724609, 0.2599884271621704, 0.2891608476638794, 0.17915679514408112, -0.1669323444366455, -0.33624255657196045, -0.4385698139667511, -0.6718496680259705, -0.7781793475151062, -0.7624671459197998, -0.9437946677207947, -1.1007699966430664, -0.9901870489120483, -1.0625767707824707, -1.365294098854065]","[0.043808870017528534, 0.07057312875986099, 0.1322973221540451, 0.007018771953880787, -0.1335161030292511, -0.07104864716529846, 0.0051528941839933395, -0.04072105884552002, -0.0506276860833168, -0.004167737904936075, -0.03572960942983627, -0.049111105501651764, 0.03905026614665985, 0.004026188515126705, -0.12133936583995819]","[0.5891842246055603, 0.44544559717178345, 0.35593220591545105, 0.31740906834602356, 0.24564297497272491, 0.1364632099866867, 0.0884966030716896, 0.11447079479694366, 0.1253160685300827, 0.10881859064102173, 0.11633708328008652, 0.1598350703716278, 0.20521233975887299, 0.2927621901035309, 0.41630762815475464]","[-1.9853789806365967, -1.8532863855361938, -2.0669589042663574, -2.1409411430358887, -1.934714674949646, -1.8889178037643433, -1.8734936714172363, -1.5179007053375244, -1.277482032775879, -1.3063180446624756, -1.1530052423477173, -0.9678570032119751, -1.0528335571289062, -0.9430933594703674, -0.6377228498458862]","[-0.334666907787323, -0.24836322665214539, -0.4521922469139099, -0.27802637219429016, 0.14333182573318481, 0.1401672214269638, 0.09645945578813553, 0.44656065106391907, 0.6397943496704102, 0.5324888825416565, 0.6491582989692688, 0.711825966835022, 0.4052888751029968, 0.32109540700912476, 0.5412600636482239]","[-0.6689099669456482, -0.4697631001472473, -0.4207634925842285, -0.1949366182088852, 0.0469476543366909, -0.09795675426721573, -0.2700737416744232, -0.20168563723564148, -0.25437304377555847, -0.42948678135871887, -0.3429863154888153, -0.231790229678154, -0.3241439461708069, -0.15103518962860107, 0.25151458382606506]","[-2.0866527557373047, -1.769600749015808, -1.615247130393982, -1.4288910627365112, -1.2082058191299438, -1.0854098796844482, -0.9079803824424744, -0.6717936396598816, -0.6441547870635986, -0.6930152177810669, -0.5315976142883301, -0.47384148836135864, -0.7468515634536743, -0.771256148815155, -0.31962504982948303]","[1.5896979570388794, 1.3509087562561035, 1.4740251302719116, 1.5259217023849487, 1.3347312211990356, 1.415866494178772, 1.5381736755371094, 1.2691624164581299, 1.012382984161377, 0.931709349155426, 0.5990443229675293, 0.2827703654766083, 0.4024370014667511, 0.331731379032135, -0.09642906486988068]","[1.3200876712799072, 1.3008406162261963, 1.209885597229004, 0.9101898670196533, 0.6390336751937866, 0.6081845164299011, 0.5764644742012024, 0.39562126994132996, 0.3218151926994324, 0.3693455159664154, 0.3461340367794037, 0.3784993290901184, 0.5811796188354492, 0.7261464595794678, 0.729995608329773]","[0.5708361268043518, 0.3954087495803833, 0.041246965527534485, -0.4536155164241791, -0.9112389087677002, -1.2850650548934937, -1.613020420074463, -1.8053110837936401, -1.8794339895248413, -1.9331512451171875, -1.9044814109802246, -1.7660967111587524, -1.6235437393188477, -1.533233404159546, -1.291056752204895]","[-0.7637308835983276, -0.9208278059959412, -0.8874062299728394, -1.0642718076705933, -1.3998407125473022, -1.6561143398284912, -1.8522217273712158, -1.961116075515747, -1.8248754739761353, -1.6655851602554321, -1.7975084781646729, -1.8632111549377441, -1.473128318786621, -1.3083093166351318, -1.5003753900527954]","[-1.579174518585205, -1.7861154079437256, -1.6825400590896606, -1.497371792793274, -1.2772525548934937, -0.7776702642440796, -0.2972637116909027, 0.023777181282639503, 0.38394951820373535, 0.6584398150444031, 0.5908629298210144, 0.5023290514945984, 0.6317967772483826, 0.6459686160087585, 0.4168756306171417]",15
4901,108,4,15,3,3,1.00,77.61738,2.3772275,0.75262430034057659,1649.9764,"[0.840985119342804, 0.5902309417724609, 0.2599884271621704, 0.2891608476638794, 0.17915679514408112, -0.1669323444366455, -0.33624255657196045, -0.4385698139667511, -0.6718496680259705, -0.7781793475151062, -0.7624671459197998, -0.9437946677207947, -1.1007699966430664, -0.9901870489120483, -1.0625767707824707]","[0.11255187541246414, 0.043808870017528534, 0.07057312875986099, 0.1322973221540451, 0.007018771953880787, -0.1335161030292511, -0.07104864716529846, 0.0051528941839933395, -0.04072105884552002, -0.0506276860833168, -0.004167737904936075, -0.03572960942983627, -0.049111105501651764, 0.03905026614665985, 0.004026188515126705]","[0.7050687670707703, 0.5891842246055603, 0.44544559717178345, 0.35593220591545105, 0.31740906834602356, 0.24564297497272491, 0.1364632099866867, 0.0884966030716896, 0.11447079479694366, 0.1253160685300827, 0.10881859064102173, 0.11633708328008652, 0.1598350703716278, 0.20521233975887299, 0.2927621901035309]","[-2.069474935531616, -1.9853789806365967, -1.8532863855361938, -2.0669589042663574, -2.1409411430358887, -1.934714674949646, -1.8889178037643433, -1.8734936714172363, -1.5179007053375244, -1.277482032775879, -1.3063180446624756, -1.1530052423477173, -0.9678570032119751, -1.0528335571289062, -0.9430933594703674]","[-0.5287061333656311, -0.334666907787323, -0.24836322665214539, -0.4521922469139099, -0.27802637219429016, 0.14333182573318481, 0.1401672214269638, 0.09645945578813553, 0.44656065106391907, 0.6397943496704102, 0.5324888825416565, 0.6491582989692688, 0.711825966835022, 0.4052888751029968, 0.32109540700912476]","[-0.763200044631958, -0.6689099669456482, -0.4697631001472473, -0.4207634925842285, -0.1949366182088852, 0.0469476543366909, -0.09795675426721573, -0.2700737416744232, -0.20168563723564148, -0.25437304377555847, -0.42948678135871887, -0.3429863154888153, -0.231790229678154, -0.3241439461708069, -0.15103518962860107]","[-2.306069850921631, -2.0866527557373047, -1.769600749015808, -1.615247130393982, -1.4288910627365112, -1.2082058191299438, -1.0854098796844482, -0.9079803824424744, -0.6717936396598816, -0.6441547870635986, -0.6930152177810669, -0.5315976142883301, -0.47384148836135864, -0.7468515634536743, -0.771256148815155]","[1.7055151462554932, 1.5896979570388794, 1.3509087562561035, 1.4740251302719116, 1.5259217023849487, 1.3347312211990356, 1.415866494178772, 1.5381736755371094, 1.2691624164581299, 1.012382984161377, 0.931709349155426, 0.5990443229675293, 0.2827703654766083, 0.4024370014667511, 0.331731379032135]","[1.3695333003997803, 1.3200876712799072, 1.3008406162261963, 1.209885597229004, 0.9101898670196533, 0.6390336751937866, 0.6081845164299011, 0.5764644742012024, 0.39562126994132996, 0.3218151926994324, 0.3693455159664154, 0.3461340367794037, 0.3784993290901184, 0.5811796188354492, 0.7261464595794678]","[0.5971185564994812, 0.5708361268043518, 0.3954087495803833, 0.041246965527534485, -0.4536155164241791, -0.9112389087677002, -1.2850650548934937, -1.613020420074463, -1.8053110837936401, -1.8794339895248413, -1.9331512451171875, -1.9044814109802246, -1.7660967111587524, -1.6235437393188477, -1.533233404159546]","[-0.3818415403366089, -0.7637308835983276, -0.9208278059959412, -0.8874062299728394, -1.0642718076705933, -1.3998407125473022, -1.6561143398284912, -1.8522217273712158, -1.961116075515747, -1.8248754739761353, -1.6655851602554321, -1.7975084781646729, -1.8632111549377441, -1.473128318786621, -1.3083093166351318]","[-1.3068732023239136, -1.579174518585205, -1.7861154079437256, -1.6825400590896606, -1.497371792793274, -1.2772525548934937, -0.7776702642440796, -0.2972637116909027, 0.023777181282639503, 0.38394951820373535, 0.6584398150444031, 0.5908629298210144, 0.5023290514945984, 0.6317967772483826, 0.6459686160087585]",15
4402,97,2,15,3,3,1.000000,74.84885,2.2912743,0.85159684434183978,1591.5137,"[-0.2042122185230255, 0.0741157978773117, -0.15247710049152374, -0.19187039136886597, -0.3569646179676056, -0.5343592762947083, -0.517113447189331, -0.5086067914962769, -0.42176511883735657, -0.6162457466125488, -0.6603313684463501, -0.6735994815826416, -0.7724085450172424, -0.7800494432449341, -0.9048236012458801]","[0.058299921452999115, 0.184186190366745, -0.04492296651005745, 0.15432162582874298, 0.04811088368296623, -0.11610442399978638, -0.20935307443141937, -0.40388110280036926, -0.3619922399520874, -0.42637133598327637, -0.31975889205932617, -0.40739279985427856, -0.6217901110649109, -0.6491103768348694, -0.8172346949577332]","[-0.06975474953651428, -0.3425329923629761, -0.43458327651023865, -0.6308060884475708, -0.7196551561355591, -0.7724137902259827, -0.8277679085731506, -0.8218355774879456, -0.6453593969345093, -0.46190792322158813, -0.5235185027122498, -0.23603996634483337, 0.07922064512968063, 0.19896703958511353, 0.3795795440673828]","[-0.5830973982810974, -1.1297509670257568, -1.000401496887207, -1.271113395690918, -1.3009960651397705, -1.195938229560852, -1.1948484182357788, -0.9165633320808411, -0.894576907157898, -0.7623108625411987, -0.7935770750045776, -0.80525141954422, -0.6773584485054016, -0.6254702806472778, -0.37524309754371643]","[-0.2906986474990845, -0.3945823907852173, 0.17478834092617035, -0.0023040922824293375, 0.2327822744846344, 0.42629361152648926, 0.34777483344078064, 0.5439688563346863, 0.5574641823768616, 1.0836842060089111, 1.2386704683303833, 1.250126600265503, 1.1704635620117188, 0.6598930954933167, 0.5644473433494568]","[-1.2291896343231201, -1.4747599363327026, -1.0834559202194214, -1.1568408012390137, -0.7693533301353455, -0.4290487468242645, -0.34297698736190796, -0.025865674018859863, -0.02521444298326969, 0.10518581420183182, -0.14260567724704742, -0.014631036669015884, 0.2584392726421356, 0.001632724772207439, -0.00947344209998846]","[-1.4071416854858398, -1.2718195915222168, -1.0881211757659912, -0.972959578037262, -0.875702440738678, -0.8338350057601929, -0.7552000284194946, -0.5381149649620056, -0.5149103999137878, -0.5234729647636414, -0.5506587028503418, -0.8709427714347839, -0.9048702120780945, -0.5517727732658386, -0.351805180311203]","[-0.1646769791841507, 0.34578463435173035, 0.09794189780950546, 0.190303236246109, 0.16143032908439636, 0.06730444729328156, 0.10180671513080597, -0.1701103150844574, -0.18802978098392487, -0.0827006995677948, 0.056012313812971115, -0.16068653762340546, -0.47020286321640015, -0.42508748173713684, -0.3958575129508972]","[1.4035954475402832, 1.50880765914917, 1.420890212059021, 1.5497148036956787, 1.3043854236602783, 1.0071948766708374, 0.8696298599243164, 0.616256594657898, 0.3567643165588379, -0.21115505695343018, -0.35870134830474854, -0.2292264848947525, -0.22883644700050354, -0.25303924083709717, -0.32801273465156555]","[1.144457221031189, 1.1914985179901123, 1.101922631263733, 0.8848151564598083, 0.3980610966682434, -0.13797833025455475, -0.48700594902038574, -0.6927300095558167, -0.7543153762817383, -0.5730983018875122, -0.3256915807723999, -0.11963183432817459, -0.029492082074284554, -0.1673402488231659, -0.4267825186252594]","[-0.663383424282074, -1.0814151763916016, -1.5074366331100464, -1.6384494304656982, -1.6151446104049683, -1.5817856788635254, -1.615869402885437, -1.5940922498703003, -1.4617712497711182, -1.4789597988128662, -1.3969917297363281, -1.2760708332061768, -1.2643548250198364, -1.0062814950942993, -0.8769444227218628]","[-0.305542916059494, -0.5445009469985962, -1.0707849264144897, -1.1202046871185303, -1.151023030281067, -0.8821849822998047, -0.5487238168716431, -0.10727348923683167, 0.7168905735015869, 0.375995010137558, 0.010571039281785488, 0.12066035717725754, 0.26131248474121094, 0.6679316163063049, 0.9040923118591309]",15
4900,108,6,15,3,3,0.8554392,73.83457,2.1692486,0.84818734662812143,1565.8624,"[0.2599884271621704, 0.2891608476638794, 0.17915679514408112, -0.1669323444366455, -0.33624255657196045, -0.4385698139667511, -0.6718496680259705, -0.7781793475151062, -0.7624671459197998, -0.9437946677207947, -1.1007699966430664, -0.9901870489120483, -1.0625767707824707, -1.365294098854065, -1.3392969369888306]","[0.07057312875986099, 0.1322973221540451, 0.007018771953880787, -0.1335161030292511, -0.07104864716529846, 0.0051528941839933395, -0.04072105884552002, -0.0506276860833168, -0.004167737904936075, -0.03572960942983627, -0.049111105501651764, 0.03905026614665985, 0.004026188515126705, -0.12133936583995819, -0.041490357369184494]","[0.44544559717178345, 0.35593220591545105, 0.31740906834602356, 0.24564297497272491, 0.1364632099866867, 0.0884966030716896, 0.11447079479694366, 0.1253160685300827, 0.10881859064102173, 0.11633708328008652, 0.1598350703716278, 0.20521233975887299, 0.2927621901035309, 0.41630762815475464, 0.526414155960083]","[-1.8532863855361938, -2.0669589042663574, -2.1409411430358887, -1.934714674949646, -1.8889178037643433, -1.8734936714172363, -1.5179007053375244, -1.277482032775879, -1.3063180446624756, -1.1530052423477173, -0.9678570032119751, -1.0528335571289062, -0.9430933594703674, -0.6377228498458862, -0.8504769802093506]","[-0.24836322665214539, -0.4521922469139099, -0.27802637219429016, 0.14333182573318481, 0.1401672214269638, 0.09645945578813553, 0.44656065106391907, 0.6397943496704102, 0.5324888825416565, 0.6491582989692688, 0.711825966835022, 0.4052888751029968, 0.32109540700912476, 0.5412600636482239, 0.3541618585586548]","[-0.4697631001472473, -0.4207634925842285, -0.1949366182088852, 0.0469476543366909, -0.09795675426721573, -0.2700737416744232, -0.20168563723564148, -0.25437304377555847, -0.42948678135871887, -0.3429863154888153, -0.231790229678154, -0.3241439461708069, -0.15103518962860107, 0.25151458382606506, 0.27278298139572144]","[-1.769600749015808, -1.615247130393982, -1.4288910627365112, -1.2082058191299438, -1.0854098796844482, -0.9079803824424744, -0.6717936396598816, -0.6441547870635986, -0.6930152177810669, -0.5315976142883301, -0.47384148836135864, -0.7468515634536743, -0.771256148815155, -0.31962504982948303, -0.011288991197943687]","[1.3509087562561035, 1.4740251302719116, 1.5259217023849487, 1.3347312211990356, 1.415866494178772, 1.5381736755371094, 1.2691624164581299, 1.012382984161377, 0.931709349155426, 0.5990443229675293, 0.2827703654766083, 0.4024370014667511, 0.331731379032135, -0.09642906486988068, -0.16068841516971588]","[1.3008406162261963, 1.209885597229004, 0.9101898670196533, 0.6390336751937866, 0.6081845164299011, 0.5764644742012024, 0.39562126994132996, 0.3218151926994324, 0.3693455159664154, 0.3461340367794037, 0.3784993290901184, 0.5811796188354492, 0.7261464595794678, 0.729995608329773, 0.8436324596405029]","[0.3954087495803833, 0.041246965527534485, -0.4536155164241791, -0.9112389087677002, -1.2850650548934937, -1.613020420074463, -1.8053110837936401, -1.8794339895248413, -1.9331512451171875, -1.9044814109802246, -1.7660967111587524, -1.6235437393188477, -1.533233404159546, -1.291056752204895, -0.8669335842132568]","[-0.9208278059959412, -0.8874062299728394, -1.0642718076705933, -1.3998407125473022, -1.6561143398284912, -1.8522217273712158, -1.961116075515747, -1.8248754739761353, -1.6655851602554321, -1.7975084781646729, -1.8632111549377441, -1.473128318786621, -1.3083093166351318, -1.5003753900527954, -1.4821799993515015]","[-1.7861154079437256, -1.6825400590896606, -1.497371792793274, -1.2772525548934937, -0.7776702642440796, -0.2972637116909027, 0.023777181282639503, 0.38394951820373535, 0.6584398150444031, 0.5908629298210144, 0.5023290514945984, 0.6317967772483826, 0.6459686160087585, 0.4168756306171417, 0.3360555171966553]",15
4899,108,3,15,3,3,0.99899125,70.74915,2.290323,0.85199830647507226,1509.6919,"[0.5743288993835449, 0.840985119342804, 0.5902309417724609, 0.2599884271621704, 0.2891608476638794, 0.17915679514408112, -0.1669323444366455, -0.33624255657196045, -0.4385698139667511, -0.6718496680259705, -0.7781793475151062, -0.7624671459197998, -0.9437946677207947, -1.1007699966430664, -0.9901870489120483]","[0.07823222875595093, 0.11255187541246414, 0.043808870017528534, 0.07057312875986099, 0.1322973221540451, 0.007018771953880787, -0.1335161030292511, -0.07104864716529846, 0.0051528941839933395, -0.04072105884552002, -0.0506276860833168, -0.004167737904936075, -0.03572960942983627, -0.049111105501651764, 0.03905026614665985]","[0.7987865209579468, 0.7050687670707703, 0.5891842246055603, 0.44544559717178345, 0.35593220591545105, 0.31740906834602356, 0.24564297497272491, 0.1364632099866867, 0.0884966030716896, 0.11447079479694366, 0.1253160685300827, 0.10881859064102173, 0.11633708328008652, 0.1598350703716278, 0.20521233975887299]","[-1.6633447408676147, -2.069474935531616, -1.9853789806365967, -1.8532863855361938, -2.0669589042663574, -2.1409411430358887, -1.934714674949646, -1.8889178037643433, -1.8734936714172363, -1.5179007053375244, -1.277482032775879, -1.3063180446624756, -1.1530052423477173, -0.9678570032119751, -1.0528335571289062]","[-0.2980210781097412, -0.5287061333656311, -0.334666907787323, -0.24836322665214539, -0.4521922469139099, -0.27802637219429016, 0.14333182573318481, 0.1401672214269638, 0.09645945578813553, 0.44656065106391907, 0.6397943496704102, 0.5324888825416565, 0.6491582989692688, 0.711825966835022, 0.4052888751029968]","[-0.4401327073574066, -0.763200044631958, -0.6689099669456482, -0.4697631001472473, -0.4207634925842285, -0.1949366182088852, 0.0469476543366909, -0.09795675426721573, -0.2700737416744232, -0.20168563723564148, -0.25437304377555847, -0.42948678135871887, -0.3429863154888153, -0.231790229678154, -0.3241439461708069]","[-2.184326410293579, -2.306069850921631, -2.0866527557373047, -1.769600749015808, -1.615247130393982, -1.4288910627365112, -1.2082058191299438, -1.0854098796844482, -0.9079803824424744, -0.6717936396598816, -0.6441547870635986, -0.6930152177810669, -0.5315976142883301, -0.47384148836135864, -0.7468515634536743]","[1.234849214553833, 1.7055151462554932, 1.5896979570388794, 1.3509087562561035, 1.4740251302719116, 1.5259217023849487, 1.3347312211990356, 1.415866494178772, 1.5381736755371094, 1.2691624164581299, 1.012382984161377, 0.931709349155426, 0.5990443229675293, 0.2827703654766083, 0.4024370014667511]","[1.2843834161758423, 1.3695333003997803, 1.3200876712799072, 1.3008406162261963, 1.209885597229004, 0.9101898670196533, 0.6390336751937866, 0.6081845164299011, 0.5764644742012024, 0.39562126994132996, 0.3218151926994324, 0.3693455159664154, 0.3461340367794037, 0.3784993290901184, 0.5811796188354492]","[0.5652602910995483, 0.5971185564994812, 0.5708361268043518, 0.3954087495803833, 0.041246965527534485, -0.4536155164241791, -0.9112389087677002, -1.2850650548934937, -1.613020420074463, -1.8053110837936401, -1.8794339895248413, -1.9331512451171875, -1.9044814109802246, -1.7660967111587524, -1.6235437393188477]","[-0.1581224948167801, -0.3818415403366089, -0.7637308835983276, -0.9208278059959412, -0.8874062299728394, -1.0642718076705933, -1.3998407125473022, -1.6561143398284912, -1.8522217273712158, -1.961116075515747, -1.8248754739761353, -1.6655851602554321, -1.7975084781646729, -1.8632111549377441, -1.473128318786621]","[-1.2007651329040527, -1.3068732023239136, -1.579174518585205, -1.7861154079437256, -1.6825400590896606, -1.497371792793274, -1.2772525548934937, -0.7776702642440796, -0.2972637116909027, 0.023777181282639503, 0.38394951820373535, 0.6584398150444031, 0.5908629298210144, 0.5023290514945984, 0.6317967772483826]",15
4585,101,2,15,3,3,0.7955196,68.39288,2.1481023,0.75301329135850239,1458.8074,"[-0.12188791483640671, -0.15978913009166718, -0.5275951623916626, -0.5603698492050171, -0.8964144587516785, -0.7705410122871399, -0.918684720993042, -0.9079732894897461, -0.9560471773147583, -0.9910763502120972, -1.191180944442749, -1.329337239265442, -1.2773360013961792, -1.266561508178711, -1.244820237159729]","[-1.0481224060058594, -1.0491528511047363, -1.0713446140289307, -0.8844621777534485, -0.8929066061973572, -0.9612382054328918, -1.0176643133163452, -0.9815818667411804, -1.060077428817749, -1.0564216375350952, -1.0211573839187622, -0.9895634651184082, -0.9708890914916992, -0.9618841409683228, -0.9191237688064575]","[0.5323179364204407, 0.4239673316478729, 0.44523122906684875, 0.2915181815624237, 0.20947031676769257, 0.06568046659231186, 0.055963266640901566, 0.036814529448747635, 0.05921521782875061, -0.04935120791196823, -0.08666232228279114, 0.025772374123334885, 0.2034754753112793, 0.40491554141044617, 0.5019524693489075]","[-1.4474678039550781, -1.6188337802886963, -1.3614157438278198, -1.5326653718948364, -1.2836697101593018, -1.4081315994262695, -1.2799808979034424, -1.3877204656600952, -1.1924127340316772, -1.0010871887207031, -0.6815945506095886, -0.5815199017524719, -0.6740166544914246, -0.6704764366149902, -0.7566229701042175]","[-0.23684847354888916, -0.2542441487312317, -0.006764233577996492, -0.10777301341295242, 0.04751572385430336, 0.004804140422493219, 0.11185914278030396, 0.01896674558520317, 0.11797821521759033, -0.018266428261995316, -0.08104407787322998, -0.09767400473356247, -0.27814868092536926, -0.44176462292671204, -0.4978921115398407]","[-0.43468043208122253, -0.3821294605731964, -0.10315563529729843, -0.2406185120344162, -0.01852438785135746, -0.07095231115818024, 0.04928143322467804, -0.10380532592535019, -0.06340810656547546, -0.1905166357755661, -0.25263091921806335, -0.22511672973632812, -0.015989206731319427, 0.23219911754131317, 0.1410655379295349]","[-1.4658066034317017, -1.2222076654434204, -0.8902463912963867, -0.7703360319137573, -0.47455164790153503, -0.559492826461792, -0.43936094641685486, -0.5407537817955017, -0.4911876916885376, -0.32916396856307983, -0.06651527434587479, -0.0189723689109087, 0.09878207743167877, 0.450235515832901, 0.3386284410953522]","[1.3912254571914673, 1.6275267601013184, 1.0934263467788696, 1.2680778503417969, 0.710524320602417, 0.809768795967102, 0.33429214358329773, 0.24809665977954865, -0.1956484317779541, -0.4519834816455841, -0.8800224661827087, -1.0602511167526245, -1.1276872158050537, -1.4028041362762451, -1.2640268802642822]","[0.4336988925933838, 0.482177734375, 0.41456472873687744, 0.49451982975006104, 0.39351287484169006, 0.383312851190567, 0.20921826362609863, 0.11133372783660889, -0.039465971291065216, -0.01088337879627943, -0.0005317193572409451, -0.004210587125271559, -0.0009382569114677608, -0.12245862185955048, -0.08909539878368378]","[0.8079363703727722, 0.650578498840332, 0.7026829123497009, 0.529895007610321, 0.2869322597980499, -0.10644176602363586, -0.04452632740139961, 0.01793654076755047, 0.0896986722946167, -0.08180906623601913, -0.10829830169677734, -0.02031698450446129, 0.09184682369232178, 0.2608596980571747, 0.33308932185173035]","[0.023000117391347885, -0.38181403279304504, -1.0221041440963745, -1.170910120010376, -1.3243194818496704, -1.0689045190811157, -1.1041669845581055, -0.763906717300415, -0.4444194734096527, -0.1489439308643341, -0.09227784723043442, -0.16695120930671692, -0.1693384349346161, -0.2316751778125763, -0.3040176331996918]","[-1.216210961341858, -1.2792493104934692, -1.1667617559432983, -0.7992535829544067, -0.09577364474534988, 0.4487104117870331, 0.8549994826316833, 1.3983867168426514, 1.9201480150222778, 2.2954392433166504, 2.416283130645752, 2.2939035892486572, 1.8903696537017822, 1.3868160247802734, 1.0538913011550903]",15
4392,97,3,10,3,3,0.8866799,68.28275,1.7483122,0.942348996090238344,1439.2788,"[0.0741157978773117, -0.15247710049152374, -0.19187039136886597, -0.3569646179676056, -0.5343592762947083, -0.517113447189331, -0.5086067914962769, -0.42176511883735657, -0.6162457466125488, -0.6603313684463501]","[0.184186190366745, -0.04492296651005745, 0.15432162582874298, 0.04811088368296623, -0.11610442399978638, -0.20935307443141937, -0.40388110280036926, -0.3619922399520874, -0.42637133598327637, -0.31975889205932617]","[-0.3425329923629761, -0.43458327651023865, -0.6308060884475708, -0.7196551561355591, -0.7724137902259827, -0.8277679085731506, -0.8218355774879456, -0.6453593969345093, -0.46190792322158813, -0.5235185027122498]","[-1.1297509670257568, -1.000401496887207, -1.271113395690918, -1.3009960651397705, -1.195938229560852, -1.1948484182357788, -0.9165633320808411, -0.894576907157898, -0.7623108625411987, -0.7935770750045776]","[-0.3945823907852173, 0.17478834092617035, -0.0023040922824293375, 0.2327822744846344, 0.42629361152648926, 0.34777483344078064, 0.5439688563346863, 0.5574641823768616, 1.0836842060089111, 1.2386704683303833]","[-1.4747599363327026, -1.0834559202194214, -1.1568408012390137, -0.7693533301353455, -0.4290487468242645, -0.34297698736190796, -0.025865674018859863, -0.02521444298326969, 0.10518581420183182, -0.14260567724704742]","[-1.2718195915222168, -1.0881211757659912, -0.972959578037262, -0.875702440738678, -0.8338350057601929, -0.7552000284194946, -0.5381149649620056, -0.5149103999137878, -0.5234729647636414, -0.5506587028503418]","[0.34578463435173035, 0.09794189780950546, 0.190303236246109, 0.16143032908439636, 0.06730444729328156, 0.10180671513080597, -0.1701103150844574, -0.18802978098392487, -0.0827006995677948, 0.056012313812971115]","[1.50880765914917, 1.420890212059021, 1.5497148036956787, 1.3043854236602783, 1.0071948766708374, 0.8696298599243164, 0.616256594657898, 0.3567643165588379, -0.21115505695343018, -0.35870134830474854]","[1.1914985179901123, 1.101922631263733, 0.8848151564598083, 0.3980610966682434, -0.13797833025455475, -0.48700594902038574, -0.6927300095558167, -0.7543153762817383, -0.5730983018875122, -0.3256915807723999]","[-1.0814151763916016, -1.5074366331100464, -1.6384494304656982, -1.6151446104049683, -1.5817856788635254, -1.615869402885437, -1.5940922498703003, -1.4617712497711182, -1.4789597988128662, -1.3969917297363281]","[-0.5445009469985962, -1.0707849264144897, -1.1202046871185303, -1.151023030281067, -0.8821849822998047, -0.5487238168716431, -0.10727348923683167, 0.7168905735015869, 0.375995010137558, 0.010571039281785488]",10
4403,97,3,15,3,3,1.000,67.0847,2.1400752,0.94810742743316594,1429.9501,"[0.0741157978773117, -0.15247710049152374, -0.19187039136886597, -0.3569646179676056, -0.5343592762947083, -0.517113447189331, -0.5086067914962769, -0.42176511883735657, -0.6162457466125488, -0.6603313684463501, -0.6735994815826416, -0.7724085450172424, -0.7800494432449341, -0.9048236012458801, -0.7887973785400391]","[0.184186190366745, -0.04492296651005745, 0.15432162582874298, 0.04811088368296623, -0.11610442399978638, -0.20935307443141937, -0.40388110280036926, -0.3619922399520874, -0.42637133598327637, -0.31975889205932617, -0.40739279985427856, -0.6217901110649109, -0.6491103768348694, -0.8172346949577332, -0.7525289058685303]","[-0.3425329923629761, -0.43458327651023865, -0.6308060884475708, -0.7196551561355591, -0.7724137902259827, -0.8277679085731506, -0.8218355774879456, -0.6453593969345093, -0.46190792322158813, -0.5235185027122498, -0.23603996634483337, 0.07922064512968063, 0.19896703958511353, 0.3795795440673828, 0.23495543003082275]","[-1.1297509670257568, -1.000401496887207, -1.271113395690918, -1.3009960651397705, -1.195938229560852, -1.1948484182357788, -0.9165633320808411, -0.894576907157898, -0.7623108625411987, -0.7935770750045776, -0.80525141954422, -0.6773584485054016, -0.6254702806472778, -0.37524309754371643, -0.4560135006904602]","[-0.3945823907852173, 0.17478834092617035, -0.0023040922824293375, 0.2327822744846344, 0.42629361152648926, 0.34777483344078064, 0.5439688563346863, 0.5574641823768616, 1.0836842060089111, 1.2386704683303833, 1.250126600265503, 1.1704635620117188, 0.6598930954933167, 0.5644473433494568, 0.16372117400169373]","[-1.4747599363327026, -1.0834559202194214, -1.1568408012390137, -0.7693533301353455, -0.4290487468242645, -0.34297698736190796, -0.025865674018859863, -0.02521444298326969, 0.10518581420183182, -0.14260567724704742, -0.014631036669015884, 0.2584392726421356, 0.001632724772207439, -0.00947344209998846, -0.2323262095451355]","[-1.2718195915222168, -1.0881211757659912, -0.972959578037262, -0.875702440738678, -0.8338350057601929, -0.7552000284194946, -0.5381149649620056, -0.5149103999137878, -0.5234729647636414, -0.5506587028503418, -0.8709427714347839, -0.9048702120780945, -0.5517727732658386, -0.351805180311203, -0.2382875680923462]","[0.34578463435173035, 0.09794189780950546, 0.190303236246109, 0.16143032908439636, 0.06730444729328156, 0.10180671513080597, -0.1701103150844574, -0.18802978098392487, -0.0827006995677948, 0.056012313812971115, -0.16068653762340546, -0.47020286321640015, -0.42508748173713684, -0.3958575129508972, -0.1949208378791809]","[1.50880765914917, 1.420890212059021, 1.5497148036956787, 1.3043854236602783, 1.0071948766708374, 0.8696298599243164, 0.616256594657898, 0.3567643165588379, -0.21115505695343018, -0.35870134830474854, -0.2292264848947525, -0.22883644700050354, -0.25303924083709717, -0.32801273465156555, 0.06554821133613586]","[1.1914985179901123, 1.101922631263733, 0.8848151564598083, 0.3980610966682434, -0.13797833025455475, -0.48700594902038574, -0.6927300095558167, -0.7543153762817383, -0.5730983018875122, -0.3256915807723999, -0.11963183432817459, -0.029492082074284554, -0.1673402488231659, -0.4267825186252594, -0.6919518709182739]","[-1.0814151763916016, -1.5074366331100464, -1.6384494304656982, -1.6151446104049683, -1.5817856788635254, -1.615869402885437, -1.5940922498703003, -1.4617712497711182, -1.4789597988128662, -1.3969917297363281, -1.2760708332061768, -1.2643548250198364, -1.0062814950942993, -0.8769444227218628, -1.0950629711151123]","[-0.5445009469985962, -1.0707849264144897, -1.1202046871185303, -1.151023030281067, -0.8821849822998047, -0.5487238168716431, -0.10727348923683167, 0.7168905735015869, 0.375995010137558, 0.010571039281785488, 0.12066035717725754, 0.26131248474121094, 0.6679316163063049, 0.9040923118591309, 1.1939902305603027]",15
4898,108,7,15,3,3,0.75893545,66.54514,1.9555993,0.85109350347335933,1415.1176,"[0.2891608476638794, 0.17915679514408112, -0.1669323444366455, -0.33624255657196045, -0.4385698139667511, -0.6718496680259705, -0.7781793475151062, -0.7624671459197998, -0.9437946677207947, -1.1007699966430664, -0.9901870489120483, -1.0625767707824707, -1.365294098854065, -1.3392969369888306, -1.1874151229858398]","[0.1322973221540451, 0.007018771953880787, -0.1335161030292511, -0.07104864716529846, 0.0051528941839933395, -0.04072105884552002, -0.0506276860833168, -0.004167737904936075, -0.03572960942983627, -0.049111105501651764, 0.03905026614665985, 0.004026188515126705, -0.12133936583995819, -0.041490357369184494, 0.10751151293516159]","[0.35593220591545105, 0.31740906834602356, 0.24564297497272491, 0.1364632099866867, 0.0884966030716896, 0.11447079479694366, 0.1253160685300827, 0.10881859064102173, 0.11633708328008652, 0.1598350703716278, 0.20521233975887299, 0.2927621901035309, 0.41630762815475464, 0.526414155960083, 0.5613380074501038]","[-2.0669589042663574, -2.1409411430358887, -1.934714674949646, -1.8889178037643433, -1.8734936714172363, -1.5179007053375244, -1.277482032775879, -1.3063180446624756, -1.1530052423477173, -0.9678570032119751, -1.0528335571289062, -0.9430933594703674, -0.6377228498458862, -0.8504769802093506, -1.1679906845092773]","[-0.4521922469139099, -0.27802637219429016, 0.14333182573318481, 0.1401672214269638, 0.09645945578813553, 0.44656065106391907, 0.6397943496704102, 0.5324888825416565, 0.6491582989692688, 0.711825966835022, 0.4052888751029968, 0.32109540700912476, 0.5412600636482239, 0.3541618585586548, 0.09510589390993118]","[-0.4207634925842285, -0.1949366182088852, 0.0469476543366909, -0.09795675426721573, -0.2700737416744232, -0.20168563723564148, -0.25437304377555847, -0.42948678135871887, -0.3429863154888153, -0.231790229678154, -0.3241439461708069, -0.15103518962860107, 0.25151458382606506, 0.27278298139572144, 0.16560561954975128]","[-1.615247130393982, -1.4288910627365112, -1.2082058191299438, -1.0854098796844482, -0.9079803824424744, -0.6717936396598816, -0.6441547870635986, -0.6930152177810669, -0.5315976142883301, -0.47384148836135864, -0.7468515634536743, -0.771256148815155, -0.31962504982948303, -0.011288991197943687, -0.011434403248131275]","[1.4740251302719116, 1.5259217023849487, 1.3347312211990356, 1.415866494178772, 1.5381736755371094, 1.2691624164581299, 1.012382984161377, 0.931709349155426, 0.5990443229675293, 0.2827703654766083, 0.4024370014667511, 0.331731379032135, -0.09642906486988068, -0.16068841516971588, -0.1212751641869545]","[1.209885597229004, 0.9101898670196533, 0.6390336751937866, 0.6081845164299011, 0.5764644742012024, 0.39562126994132996, 0.3218151926994324, 0.3693455159664154, 0.3461340367794037, 0.3784993290901184, 0.5811796188354492, 0.7261464595794678, 0.729995608329773, 0.8436324596405029, 0.967974841594696]","[0.041246965527534485, -0.4536155164241791, -0.9112389087677002, -1.2850650548934937, -1.613020420074463, -1.8053110837936401, -1.8794339895248413, -1.9331512451171875, -1.9044814109802246, -1.7660967111587524, -1.6235437393188477, -1.533233404159546, -1.291056752204895, -0.8669335842132568, -0.6271477341651917]","[-0.8874062299728394, -1.0642718076705933, -1.3998407125473022, -1.6561143398284912, -1.8522217273712158, -1.961116075515747, -1.8248754739761353, -1.6655851602554321, -1.7975084781646729, -1.8632111549377441, -1.473128318786621, -1.3083093166351318, -1.5003753900527954, -1.4821799993515015, -1.2907938957214355]","[-1.6825400590896606, -1.497371792793274, -1.2772525548934937, -0.7776702642440796, -0.2972637116909027, 0.023777181282639503, 0.38394951820373535, 0.6584398150444031, 0.5908629298210144, 0.5023290514945984, 0.6317967772483826, 0.6459686160087585, 0.4168756306171417, 0.3360555171966553, 0.36869797110557556]",15
5129,113,0,15,3,3,0.88996196,65.60623,2.2429807,0.74623579936775306,1402.532,"[-0.6278444528579712, -0.7358720302581787, -0.671837329864502, -0.815761148929596, -1.024349331855774, -1.215301752090454, -1.2422508001327515, -1.248523473739624, -1.277355670928955, -1.346529245376587, -1.4082117080688477, -1.3134748935699463, -1.2935359477996826, -1.3913201093673706, -1.3883039951324463]","[-0.4396868050098419, -0.5271201133728027, -0.22892571985721588, -0.12313281744718552, -0.35335803031921387, -0.4853077232837677, -0.5583664178848267, -0.6207311153411865, -0.6222308278083801, -0.5925098061561584, -0.6036630868911743, -0.5982171297073364, -0.5937222838401794, -0.5551115274429321, -0.5728557109832764]","[0.9417659640312195, 0.8630481362342834, 0.7440088391304016, 0.5688558220863342, 0.4781988561153412, 0.3775844871997833, 0.27974146604537964, 0.27178531885147095, 0.37784168124198914, 0.43266797065734863, 0.46944767236709595, 0.4880816340446472, 0.4714878797531128, 0.4684479236602783, 0.5026695728302002]","[-1.7780307531356812, -1.4172793626785278, -1.9779763221740723, -1.839544415473938, -1.6787344217300415, -1.6626709699630737, -1.6680454015731812, -1.5566972494125366, -1.5050715208053589, -1.3605412244796753, -1.2679706811904907, -1.332696795463562, -1.239620327949524, -1.0995832681655884, -1.1142027378082275]","[-0.2969207167625427, 0.20493853092193604, 0.004143720027059317, 0.2724440097808838, 0.3864882290363312, 0.4536418318748474, 0.508782684803009, 0.5749682784080505, 0.5279779434204102, 0.5462334156036377, 0.7380110025405884, 0.7477207183837891, 0.8051208257675171, 0.8573881387710571, 0.884484052658081]","[0.012587924487888813, 0.13137829303741455, 0.11880134046077728, 0.2554229199886322, 0.32304418087005615, 0.18633608520030975, 0.15811298787593842, 0.2916712462902069, 0.5578113198280334, 0.7505139112472534, 0.7510953545570374, 0.6307220458984375, 0.49306344985961914, 0.3241541087627411, 0.14496399462223053]","[-1.9193484783172607, -1.8305902481079102, -1.6935707330703735, -1.384894609451294, -1.1288295984268188, -0.9797958135604858, -0.9134828448295593, -0.8544896841049194, -0.7800627946853638, -0.6652691960334778, -0.7341282963752747, -0.9397577047348022, -0.9490154981613159, -0.8187152743339539, -0.7538331747055054]","[1.0224440097808838, 0.7875760197639465, 1.056297779083252, 0.8676561117172241, 0.6930639743804932, 0.6460775136947632, 0.5617021918296814, 0.3231687545776367, 0.027973869815468788, -0.23074375092983246, -0.18825899064540863, -0.00361155578866601, -0.012875857762992382, -0.2446546107530594, -0.18687918782234192]","[0.5989151000976562, 0.37449103593826294, 0.22255030274391174, -0.0030776020139455795, -0.1975899636745453, -0.25777027010917664, -0.3876379728317261, -0.6164436936378479, -0.7427045106887817, -0.7073878645896912, -0.7237967848777771, -0.6930907368659973, -0.6734554767608643, -0.7388335466384888, -0.8177984356880188]","[0.42214471101760864, 0.38349759578704834, 0.2655980885028839, 0.030156638473272324, -0.11914299428462982, -0.016637248918414116, 0.11159465461969376, 0.18300041556358337, 0.23409432172775269, 0.15409842133522034, 0.0020865020342171192, 9.249382128473371e-05, 0.12860621511936188, 0.43615156412124634, 0.39455556869506836]","[0.47837886214256287, 0.1527870148420334, -0.02337832748889923, -0.4146275818347931, -0.7779472470283508, -0.9726625680923462, -0.7701656222343445, -0.4756171703338623, -0.3448600769042969, -0.6110424399375916, -0.7545861601829529, -0.621772825717926, -0.6910961270332336, -0.6816561818122864, -0.5337415337562561]","[-1.30060613155365, -1.3634165525436401, -1.2143545150756836, -1.2117204666137695, -1.2350999116897583, -1.2210365533828735, -1.0604478120803833, -0.7036625742912292, -0.17327551543712616, 0.2216739058494568, 0.05882702395319939, -0.15995407104492188, -0.3797583281993866, -0.4379166066646576, -0.25223782658576965]",15
2379,52,3,15,1,1,0.8788283,46.470703,1.7349584,0.840853605840956764,1001.88965,"[-0.7363737225532532, -0.5722352266311646, -0.41415414214134216, -0.3323499858379364, -0.34614962339401245, -0.3815627992153168, -0.3970513343811035, -0.37547874450683594, -0.32370123267173767, -0.28439605236053467, -0.2903159260749817, -0.3120075464248657, -0.308651328086853, -0.3086240589618683, -0.36810964345932007]","[-1.225019931793213, -1.13870108127594, -1.100734829902649, -1.2083115577697754, -1.2629179954528809, -1.1576571464538574, -1.1052839756011963, -1.1452031135559082, -1.1492689847946167, -1.104349136352539, -1.1199369430541992, -1.1677820682525635, -1.1209458112716675, -0.9970369338989258, -0.9258504509925842]","[0.6984045505523682, 0.5892542004585266, 0.5086248517036438, 0.540073812007904, 0.5776636600494385, 0.5534815788269043, 0.5629194974899292, 0.6146372556686401, 0.6042500138282776, 0.5214613676071167, 0.49240031838417053, 0.5324718952178955, 0.5292001366615295, 0.5060528516769409, 0.5816479325294495]","[-0.8235591650009155, -0.9861080646514893, -1.0772985219955444, -0.8278383016586304, -0.7221099734306335, -0.9625807404518127, -1.0225101709365845, -0.7703738808631897, -0.6789525747299194, -0.8289450407028198, -0.8276715278625488, -0.64023357629776, -0.6538776159286499, -0.8270496726036072, -0.6775883436203003]","[0.6627992391586304, 0.5769921541213989, 0.5388652086257935, 0.7408818006515503, 0.8068358898162842, 0.6669418215751648, 0.7343020439147949, 1.005334734916687, 1.0553655624389648, 0.8984993696212769, 0.9096102714538574, 1.0870052576065063, 0.9933536648750305, 0.6487159132957458, 0.6475764513015747]","[0.4834979772567749, 0.4356266260147095, 0.36174896359443665, 0.36990851163864136, 0.3967694640159607, 0.34392789006233215, 0.2722693383693695, 0.21748507022857666, 0.13701078295707703, 0.0025324022863060236, -0.16345202922821045, -0.35342276096343994, -0.5482291579246521, -0.69684237241745, -0.7214310765266418]","[-0.6915519833564758, -0.6955417990684509, -0.77409827709198, -0.9664800763130188, -1.0572667121887207, -1.0440376996994019, -1.1313079595565796, -1.3200581073760986, -1.4199410676956177, -1.3946783542633057, -1.3787503242492676, -1.3882166147232056, -1.2913709878921509, -1.1061174869537354, -0.9693237543106079]","[0.5925817489624023, 0.6200859546661377, 0.6789827346801758, 0.5792774558067322, 0.5335572361946106, 0.6823838353157043, 0.7297828793525696, 0.6160227060317993, 0.625198245048523, 0.8072682619094849, 0.8660392165184021, 0.78427654504776, 0.8788130879402161, 1.138167381286621, 1.1734282970428467]","[-0.9275596141815186, -0.8884530663490295, -0.7943603992462158, -0.7866843342781067, -0.787744402885437, -0.7320515513420105, -0.7534900903701782, -0.8441977500915527, -0.8413674831390381, -0.7615160942077637, -0.7478919625282288, -0.8124274015426636, -0.8209584355354309, -0.7518584728240967, -0.7656342387199402]","[-1.02638578414917, -1.1194735765457153, -1.2896398305892944, -1.2607502937316895, -1.2017993927001953, -1.1820881366729736, -0.9639261960983276, -0.6363329291343689, -0.5008352994918823, -0.5173388719558716, -0.4008103609085083, -0.11186444014310837, 0.10855203121900558, 0.19623792171478271, 0.37558847665786743]","[0.513083279132843, 0.4303579032421112, 0.17202341556549072, -0.04755208641290665, -0.04964399337768555, 0.1013384461402893, 0.2675943672657013, 0.36551618576049805, 0.4212453067302704, 0.4404617249965668, 0.3869037330150604, 0.3243057131767273, 0.37473687529563904, 0.49206167459487915, 0.435465931892395]","[0.7648493647575378, 1.1247974634170532, 1.4328317642211914, 1.1637961864471436, 0.9026500582695007, 0.9846030473709106, 0.8367944359779358, 0.319733589887619, 0.09770764410495758, 0.22215506434440613, 0.17863619327545166, -0.09533537179231644, -0.21993547677993774, -0.23173418641090393, -0.5502442121505737]",15
2068,45,5,15,1,1,1.0000,45.743683,1.8575683,0.83760436022107383,1989.4029,"[-1.291834831237793, -1.18616783618927, -1.0658857822418213, -0.9556882977485657, -0.8562049865722656, -0.7707211971282959, -0.7152937054634094, -0.7065693140029907, -0.7248292565345764, -0.6965760588645935, -0.6612156629562378, -0.7281701564788818, -0.8493911623954773, -0.944181501865387, -1.0122040510177612]","[-1.2664045095443726, -1.2897073030471802, -1.3102198839187622, -1.3953025341033936, -1.4374423027038574, -1.3733969926834106, -1.2741916179656982, -1.2084249258041382, -1.2409645318984985, -1.299745798110962, -1.2730088233947754, -1.1652673482894897, -0.9903604388237, -0.8930481672286987, -0.9310364723205566]","[0.6403253078460693, 0.590495228767395, 0.5311015248298645, 0.5011797547340393, 0.4606378376483917, 0.3837926387786865, 0.2969602644443512, 0.21339240670204163, 0.1493789404630661, 0.12171398103237152, 0.1352851390838623, 0.1857638955116272, 0.21076147258281708, 0.22053515911102295, 0.247104212641716]","[-1.014862060546875, -1.082595705986023, -1.1443774700164795, -1.0067269802093506, -0.9708442091941833, -0.990354061126709, -1.0026167631149292, -1.0935611724853516, -1.1255265474319458, -1.065125823020935, -0.9660700559616089, -0.7952774167060852, -0.8629607558250427, -1.1128528118133545, -0.9645575881004333]","[0.3670155107975006, 0.43735188245773315, 0.45194289088249207, 0.718916118144989, 0.8976662755012512, 0.95189368724823, 1.0114442110061646, 1.028214931488037, 1.044314980506897, 1.0019828081130981, 0.9206176400184631, 1.0467532873153687, 1.1660937070846558, 1.083755612373352, 1.1985265016555786]","[0.11975061893463135, 0.07742416113615036, 0.03851381689310074, 0.018536746501922607, 0.022375356405973434, 0.007870287634432316, -0.056910183280706406, -0.1855204552412033, -0.3768479824066162, -0.6125285029411316, -0.8492293357849121, -1.0591486692428589, -1.185758352279663, -1.2080762386322021, -1.2136824131011963]","[-0.30064186453819275, -0.5006116032600403, -0.6472259163856506, -0.8708616495132446, -1.123178243637085, -1.3579959869384766, -1.5077069997787476, -1.514886498451233, -1.4784122705459595, -1.4487613439559937, -1.434293270111084, -1.4963868856430054, -1.456650972366333, -1.2437928915023804, -1.1124186515808105]","[0.8355273604393005, 0.885208010673523, 0.9358479976654053, 0.8370702266693115, 0.7957473993301392, 0.7259456515312195, 0.605919361114502, 0.6672911643981934, 0.763918399810791, 0.7925512194633484, 0.8677703738212585, 0.9547572135925293, 1.1276870965957642, 1.2571672201156616, 1.0161793231964111]","[-0.7600850462913513, -0.6714958548545837, -0.5703403949737549, -0.6388576030731201, -0.7546513676643372, -0.7671445608139038, -0.7163549661636353, -0.710248589515686, -0.7297958731651306, -0.6591421961784363, -0.5367181897163391, -0.5229906439781189, -0.6115955710411072, -0.7714465260505676, -1.050591230392456]","[-0.7367157340049744, -0.7903009653091431, -0.8664258718490601, -0.7775765061378479, -0.6230157613754272, -0.47101858258247375, -0.3527165353298187, -0.29921573400497437, -0.21457532048225403, -0.05888112261891365, 0.1523342877626419, 0.40671980381011963, 0.5483052730560303, 0.5791308283805847, 0.70574951171875]","[0.03949999436736107, -0.14953304827213287, -0.20555831491947174, -0.1629336178302765, 0.08719474822282791, 0.2965657413005829, 0.3009432256221771, 0.29204821586608887, 0.28978633880615234, 0.16867659986019135, -0.04353915899991989, -0.20422016084194183, -0.11856166273355484, 0.06188635528087616, 0.019885551184415817]","[0.8147004246711731, 0.857201099395752, 0.9978582262992859, 0.8381948471069336, 0.6004742383956909, 0.5636846423149109, 0.6557098627090454, 0.6479933857917786, 0.5540205240249634, 0.557372510433197, 0.5097018480300903, 0.19629904627799988, -0.10814420878887177, -0.2568708062171936, -0.496690958738327]",15
2060,45,4,15,1,1,1.0000,45.49578,1.8053818,0.93884586426723975,1983.5,"[-1.3268758058547974, -1.291834831237793, -1.18616783618927, -1.0658857822418213, -0.9556882977485657, -0.8562049865722656, -0.7707211971282959, -0.7152937054634094, -0.7065693140029907, -0.7248292565345764, -0.6965760588645935, -0.6612156629562378, -0.7281701564788818, -0.8493911623954773, -0.944181501865387]","[-1.1307910680770874, -1.2664045095443726, -1.2897073030471802, -1.3102198839187622, -1.3953025341033936, -1.4374423027038574, -1.3733969926834106, -1.2741916179656982, -1.2084249258041382, -1.2409645318984985, -1.299745798110962, -1.2730088233947754, -1.1652673482894897, -0.9903604388237, -0.8930481672286987]","[0.6287837028503418, 0.6403253078460693, 0.590495228767395, 0.5311015248298645, 0.5011797547340393, 0.4606378376483917, 0.3837926387786865, 0.2969602644443512, 0.21339240670204163, 0.1493789404630661, 0.12171398103237152, 0.1352851390838623, 0.1857638955116272, 0.21076147258281708, 0.22053515911102295]","[-1.1818287372589111, -1.014862060546875, -1.082595705986023, -1.1443774700164795, -1.0067269802093506, -0.9708442091941833, -0.990354061126709, -1.0026167631149292, -1.0935611724853516, -1.1255265474319458, -1.065125823020935, -0.9660700559616089, -0.7952774167060852, -0.8629607558250427, -1.1128528118133545]","[0.01788286119699478, 0.3670155107975006, 0.43735188245773315, 0.45194289088249207, 0.718916118144989, 0.8976662755012512, 0.95189368724823, 1.0114442110061646, 1.028214931488037, 1.044314980506897, 1.0019828081130981, 0.9206176400184631, 1.0467532873153687, 1.1660937070846558, 1.083755612373352]","[0.10072600841522217, 0.11975061893463135, 0.07742416113615036, 0.03851381689310074, 0.018536746501922607, 0.022375356405973434, 0.007870287634432316, -0.056910183280706406, -0.1855204552412033, -0.3768479824066162, -0.6125285029411316, -0.8492293357849121, -1.0591486692428589, -1.185758352279663, -1.2080762386322021]","[-0.06497412174940109, -0.30064186453819275, -0.5006116032600403, -0.6472259163856506, -0.8708616495132446, -1.123178243637085, -1.3579959869384766, -1.5077069997787476, -1.514886498451233, -1.4784122705459595, -1.4487613439559937, -1.434293270111084, -1.4963868856430054, -1.456650972366333, -1.2437928915023804]","[1.03471839427948, 0.8355273604393005, 0.885208010673523, 0.9358479976654053, 0.8370702266693115, 0.7957473993301392, 0.7259456515312195, 0.605919361114502, 0.6672911643981934, 0.763918399810791, 0.7925512194633484, 0.8677703738212585, 0.9547572135925293, 1.1276870965957642, 1.2571672201156616]","[-0.6935743689537048, -0.7600850462913513, -0.6714958548545837, -0.5703403949737549, -0.6388576030731201, -0.7546513676643372, -0.7671445608139038, -0.7163549661636353, -0.710248589515686, -0.7297958731651306, -0.6591421961784363, -0.5367181897163391, -0.5229906439781189, -0.6115955710411072, -0.7714465260505676]","[-0.8045157194137573, -0.7367157340049744, -0.7903009653091431, -0.8664258718490601, -0.7775765061378479, -0.6230157613754272, -0.47101858258247375, -0.3527165353298187, -0.29921573400497437, -0.21457532048225403, -0.05888112261891365, 0.1523342877626419, 0.40671980381011963, 0.5483052730560303, 0.5791308283805847]","[0.4002756178379059, 0.03949999436736107, -0.14953304827213287, -0.20555831491947174, -0.1629336178302765, 0.08719474822282791, 0.2965657413005829, 0.3009432256221771, 0.29204821586608887, 0.28978633880615234, 0.16867659986019135, -0.04353915899991989, -0.20422016084194183, -0.11856166273355484, 0.06188635528087616]","[1.0481345653533936, 0.8147004246711731, 0.857201099395752, 0.9978582262992859, 0.8381948471069336, 0.6004742383956909, 0.5636846423149109, 0.6557098627090454, 0.6479933857917786, 0.5540205240249634, 0.557372510433197, 0.5097018480300903, 0.19629904627799988, -0.10814420878887177, -0.2568708062171936]",15
1889,41,0,15,1,1,1.000,44.88935,2.0902755,0.835409555324035136,1978.2,"[-1.492470383644104, -1.412428379058838, -1.3209220170974731, -1.3469195365905762, -1.2904053926467896, -1.21876060962677, -1.2157080173492432, -1.2585748434066772, -1.246146559715271, -1.2229557037353516, -1.2130084037780762, -1.16871178150177, -1.1114729642868042, -1.1084920167922974, -1.1562390327453613]","[-1.234899878501892, -1.2524447441101074, -1.233143925666809, -1.357433795928955, -1.344537615776062, -1.3017174005508423, -1.3013110160827637, -1.2650518417358398, -1.141419768333435, -1.0687079429626465, -1.0463138818740845, -0.9878836274147034, -0.8897911906242371, -0.8335820436477661, -0.8277502655982971]","[0.46713975071907043, 0.491507351398468, 0.5963225960731506, 0.7052567005157471, 0.6706175208091736, 0.680751383304596, 0.78521329164505, 0.8500804901123047, 0.7980738282203674, 0.7368069887161255, 0.6991394758224487, 0.6085647344589233, 0.4800771176815033, 0.460997074842453, 0.5588279366493225]","[-0.8632432818412781, -0.8707963228225708, -0.8825318217277527, -0.5754971504211426, -0.6811703443527222, -0.7513397336006165, -0.5313088297843933, -0.42165783047676086, -0.6445556879043579, -0.798984169960022, -0.7491281628608704, -0.8055102229118347, -0.9715011119842529, -0.9390132427215576, -0.7271081805229187]","[0.8857223391532898, 0.6961191892623901, 0.7360752820968628, 0.9446370601654053, 0.8808107376098633, 0.8411546349525452, 1.0492132902145386, 1.1545487642288208, 1.022708535194397, 0.9999706745147705, 1.1381380558013916, 1.0942564010620117, 0.8716474771499634, 0.832886278629303, 1.068056583404541]","[0.39495936036109924, 0.550595223903656, 0.2771416902542114, 0.22360551357269287, 0.20311228930950165, 0.1055145412683487, -0.02805405855178833, -0.1256839632987976, -0.23787249624729156, -0.41905391216278076, -0.6307076811790466, -0.796936571598053, -0.9278023838996887, -1.0719647407531738, -1.2107902765274048]","[-0.09261657297611237, -0.06569472700357437, -0.16023561358451843, -0.33568674325942993, -0.3903259336948395, -0.4819295406341553, -0.7175726890563965, -0.8501194715499878, -0.79802006483078, -0.7482073307037354, -0.749138593673706, -0.6791087985038757, -0.5583926439285278, -0.5476158857345581, -0.6205373406410217]","[0.4784547686576843, 0.4883997440338135, 0.6009591817855835, 0.4442445933818817, 0.569273829460144, 0.6495550870895386, 0.5103524327278137, 0.3780212104320526, 0.46519526839256287, 0.5766180157661438, 0.6229408979415894, 0.7339826226234436, 0.8841481804847717, 0.8685462474822998, 0.7686426043510437]","[-1.6610875129699707, -1.5445843935012817, -1.5559529066085815, -1.5134507417678833, -1.4745835065841675, -1.4577600955963135, -1.5490165948867798, -1.6811063289642334, -1.782405138015747, -1.9241825342178345, -2.0455825328826904, -2.007573127746582, -1.8633739948272705, -1.7418559789657593, -1.6704249382019043]","[-1.5498714447021484, -1.7736831903457642, -1.5993367433547974, -1.2909197807312012, -1.4456626176834106, -1.5146229267120361, -1.0662363767623901, -0.7278857231140137, -0.7313572764396667, -0.5673971176147461, -0.19787479937076569, -0.0792052298784256, -0.126662015914917, 0.17197543382644653, 0.7581450939178467]","[0.29126402735710144, 0.42116156220436096, 0.48092344403266907, 0.5315621495246887, 0.649413526058197, 0.8046610355377197, 1.0192015171051025, 1.2694039344787598, 1.5423518419265747, 1.7619755268096924, 1.8239556550979614, 1.7698255777359009, 1.7365760803222656, 1.7466576099395752, 1.6838152408599854]","[1.0172547101974487, 1.2582319974899292, 0.8761290907859802, 0.43748846650123596, 0.6962003707885742, 0.7903393507003784, 0.3441524803638458, 0.15652324259281158, 0.46116119623184204, 0.430616557598114, -0.04993410408496857, -0.18249569833278656, 0.01848437823355198, -0.13730910420417786, -0.6626006960868835]",15
2378,52,2,15,1,1,1.000,44.763042,1.7203894,0.83506345606646777,1964.4043,"[-0.9034973382949829, -0.7363737225532532, -0.5722352266311646, -0.41415414214134216, -0.3323499858379364, -0.34614962339401245, -0.3815627992153168, -0.3970513343811035, -0.37547874450683594, -0.32370123267173767, -0.28439605236053467, -0.2903159260749817, -0.3120075464248657, -0.308651328086853, -0.3086240589618683]","[-1.0818097591400146, -1.225019931793213, -1.13870108127594, -1.100734829902649, -1.2083115577697754, -1.2629179954528809, -1.1576571464538574, -1.1052839756011963, -1.1452031135559082, -1.1492689847946167, -1.104349136352539, -1.1199369430541992, -1.1677820682525635, -1.1209458112716675, -0.9970369338989258]","[0.6279582381248474, 0.6984045505523682, 0.5892542004585266, 0.5086248517036438, 0.540073812007904, 0.5776636600494385, 0.5534815788269043, 0.5629194974899292, 0.6146372556686401, 0.6042500138282776, 0.5214613676071167, 0.49240031838417053, 0.5324718952178955, 0.5292001366615295, 0.5060528516769409]","[-1.1871743202209473, -0.8235591650009155, -0.9861080646514893, -1.0772985219955444, -0.8278383016586304, -0.7221099734306335, -0.9625807404518127, -1.0225101709365845, -0.7703738808631897, -0.6789525747299194, -0.8289450407028198, -0.8276715278625488, -0.64023357629776, -0.6538776159286499, -0.8270496726036072]","[0.4147542119026184, 0.6627992391586304, 0.5769921541213989, 0.5388652086257935, 0.7408818006515503, 0.8068358898162842, 0.6669418215751648, 0.7343020439147949, 1.005334734916687, 1.0553655624389648, 0.8984993696212769, 0.9096102714538574, 1.0870052576065063, 0.9933536648750305, 0.6487159132957458]","[0.4158439338207245, 0.4834979772567749, 0.4356266260147095, 0.36174896359443665, 0.36990851163864136, 0.3967694640159607, 0.34392789006233215, 0.2722693383693695, 0.21748507022857666, 0.13701078295707703, 0.0025324022863060236, -0.16345202922821045, -0.35342276096343994, -0.5482291579246521, -0.69684237241745]","[-0.6435205936431885, -0.6915519833564758, -0.6955417990684509, -0.77409827709198, -0.9664800763130188, -1.0572667121887207, -1.0440376996994019, -1.1313079595565796, -1.3200581073760986, -1.4199410676956177, -1.3946783542633057, -1.3787503242492676, -1.3882166147232056, -1.2913709878921509, -1.1061174869537354]","[0.9157413840293884, 0.5925817489624023, 0.6200859546661377, 0.6789827346801758, 0.5792774558067322, 0.5335572361946106, 0.6823838353157043, 0.7297828793525696, 0.6160227060317993, 0.625198245048523, 0.8072682619094849, 0.8660392165184021, 0.78427654504776, 0.8788130879402161, 1.138167381286621]","[-0.8004204630851746, -0.9275596141815186, -0.8884530663490295, -0.7943603992462158, -0.7866843342781067, -0.787744402885437, -0.7320515513420105, -0.7534900903701782, -0.8441977500915527, -0.8413674831390381, -0.7615160942077637, -0.7478919625282288, -0.8124274015426636, -0.8209584355354309, -0.7518584728240967]","[-1.1085959672927856, -1.02638578414917, -1.1194735765457153, -1.2896398305892944, -1.2607502937316895, -1.2017993927001953, -1.1820881366729736, -0.9639261960983276, -0.6363329291343689, -0.5008352994918823, -0.5173388719558716, -0.4008103609085083, -0.11186444014310837, 0.10855203121900558, 0.19623792171478271]","[0.5416616797447205, 0.513083279132843, 0.4303579032421112, 0.17202341556549072, -0.04755208641290665, -0.04964399337768555, 0.1013384461402893, 0.2675943672657013, 0.36551618576049805, 0.4212453067302704, 0.4404617249965668, 0.3869037330150604, 0.3243057131767273, 0.37473687529563904, 0.49206167459487915]","[1.0796400308609009, 0.7648493647575378, 1.1247974634170532, 1.4328317642211914, 1.1637961864471436, 0.9026500582695007, 0.9846030473709106, 0.8367944359779358, 0.319733589887619, 0.09770764410495758, 0.22215506434440613, 0.17863619327545166, -0.09533537179231644, -0.21993547677993774, -0.23173418641090393]",15
1881,41,1,15,1,1,1.0000,44.1305,2.0089705,0.934798877611007883,1960.2785,"[-1.412428379058838, -1.3209220170974731, -1.3469195365905762, -1.2904053926467896, -1.21876060962677, -1.2157080173492432, -1.2585748434066772, -1.246146559715271, -1.2229557037353516, -1.2130084037780762, -1.16871178150177, -1.1114729642868042, -1.1084920167922974, -1.1562390327453613, -1.2305903434753418]","[-1.2524447441101074, -1.233143925666809, -1.357433795928955, -1.344537615776062, -1.3017174005508423, -1.3013110160827637, -1.2650518417358398, -1.141419768333435, -1.0687079429626465, -1.0463138818740845, -0.9878836274147034, -0.8897911906242371, -0.8335820436477661, -0.8277502655982971, -0.8130788207054138]","[0.491507351398468, 0.5963225960731506, 0.7052567005157471, 0.6706175208091736, 0.680751383304596, 0.78521329164505, 0.8500804901123047, 0.7980738282203674, 0.7368069887161255, 0.6991394758224487, 0.6085647344589233, 0.4800771176815033, 0.460997074842453, 0.5588279366493225, 0.6088407039642334]","[-0.8707963228225708, -0.8825318217277527, -0.5754971504211426, -0.6811703443527222, -0.7513397336006165, -0.5313088297843933, -0.42165783047676086, -0.6445556879043579, -0.798984169960022, -0.7491281628608704, -0.8055102229118347, -0.9715011119842529, -0.9390132427215576, -0.7271081805229187, -0.6837146282196045]","[0.6961191892623901, 0.7360752820968628, 0.9446370601654053, 0.8808107376098633, 0.8411546349525452, 1.0492132902145386, 1.1545487642288208, 1.022708535194397, 0.9999706745147705, 1.1381380558013916, 1.0942564010620117, 0.8716474771499634, 0.832886278629303, 1.068056583404541, 1.2312957048416138]","[0.550595223903656, 0.2771416902542114, 0.22360551357269287, 0.20311228930950165, 0.1055145412683487, -0.02805405855178833, -0.1256839632987976, -0.23787249624729156, -0.41905391216278076, -0.6307076811790466, -0.796936571598053, -0.9278023838996887, -1.0719647407531738, -1.2107902765274048, -1.2415724992752075]","[-0.06569472700357437, -0.16023561358451843, -0.33568674325942993, -0.3903259336948395, -0.4819295406341553, -0.7175726890563965, -0.8501194715499878, -0.79802006483078, -0.7482073307037354, -0.749138593673706, -0.6791087985038757, -0.5583926439285278, -0.5476158857345581, -0.6205373406410217, -0.581143319606781]","[0.4883997440338135, 0.6009591817855835, 0.4442445933818817, 0.569273829460144, 0.6495550870895386, 0.5103524327278137, 0.3780212104320526, 0.46519526839256287, 0.5766180157661438, 0.6229408979415894, 0.7339826226234436, 0.8841481804847717, 0.8685462474822998, 0.7686426043510437, 0.8779477477073669]","[-1.5445843935012817, -1.5559529066085815, -1.5134507417678833, -1.4745835065841675, -1.4577600955963135, -1.5490165948867798, -1.6811063289642334, -1.782405138015747, -1.9241825342178345, -2.0455825328826904, -2.007573127746582, -1.8633739948272705, -1.7418559789657593, -1.6704249382019043, -1.6131303310394287]","[-1.7736831903457642, -1.5993367433547974, -1.2909197807312012, -1.4456626176834106, -1.5146229267120361, -1.0662363767623901, -0.7278857231140137, -0.7313572764396667, -0.5673971176147461, -0.19787479937076569, -0.0792052298784256, -0.126662015914917, 0.17197543382644653, 0.7581450939178467, 0.9927687048912048]","[0.42116156220436096, 0.48092344403266907, 0.5315621495246887, 0.649413526058197, 0.8046610355377197, 1.0192015171051025, 1.2694039344787598, 1.5423518419265747, 1.7619755268096924, 1.8239556550979614, 1.7698255777359009, 1.7365760803222656, 1.7466576099395752, 1.6838152408599854, 1.47278892993927]","[1.2582319974899292, 0.8761290907859802, 0.43748846650123596, 0.6962003707885742, 0.7903393507003784, 0.3441524803638458, 0.15652324259281158, 0.46116119623184204, 0.430616557598114, -0.04993410408496857, -0.18249569833278656, 0.01848437823355198, -0.13730910420417786, -0.6626006960868835, -0.9380996823310852]",15
3731,82,4,15,2,2,0.17755055,44.036346,1.4709959,0.945505487078707896,1947.60956,"[-0.06609990447759628, -0.14683251082897186, -0.22102795541286469, -0.4242576062679291, -0.49850085377693176, -0.45079106092453003, -0.8336783647537231, -1.1723426580429077, -0.9366850256919861, -0.8530369400978088, -1.0716906785964966, -0.9409846663475037, -0.6907010674476624, -0.5974178314208984, -0.48112842440605164]","[1.0708461999893188, 0.5552980899810791, 0.2667539119720459, 0.11312244087457657, -0.1856401413679123, -0.3192417621612549, -0.3378554582595825, -0.3184642493724823, -0.17284099757671356, -0.19827061891555786, -0.32744017243385315, -0.22266006469726562, -0.29576870799064636, -0.6244992613792419, -0.6541292071342468]","[-0.8221160173416138, -0.6910097002983093, -0.5157787799835205, -0.4735957086086273, -0.4503532648086548, -0.3820420205593109, -0.2922215461730957, -0.266971230506897, -0.39743542671203613, -0.5008640885353088, -0.4153783619403839, -0.3466794192790985, -0.3108636140823364, -0.12936127185821533, 0.047967977821826935]","[-1.7530202865600586, -1.2690614461898804, -1.4405585527420044, -1.6000252962112427, -1.4633883237838745, -1.5404319763183594, -1.3368258476257324, -1.0577099323272705, -1.249692678451538, -1.1851794719696045, -0.9188628196716309, -0.9841137528419495, -0.47628065943717957, 0.28068235516548157, 0.12483560293912888]","[0.9394335746765137, 0.6943126320838928, 0.2862459123134613, 0.3516556918621063, 0.5679000616073608, 0.47140511870384216, 0.5355191826820374, 0.7246376276016235, 0.7411088347434998, 0.9932657480239868, 1.3859196901321411, 1.3284313678741455, 1.0459110736846924, 0.7914279699325562, 0.4328099191188812]","[-2.7969284057617188, -1.9403712749481201, -1.7306630611419678, -1.8586342334747314, -1.585737943649292, -1.3994213342666626, -1.382384181022644, -1.3822615146636963, -1.5788626670837402, -1.6703091859817505, -1.5993034839630127, -1.6575202941894531, -1.503485083580017, -1.1346123218536377, -1.16779363155365]","[-0.13616500794887543, -0.18336869776248932, -0.3882178068161011, -0.4075324833393097, -0.3425268530845642, -0.30518603324890137, -0.08868809044361115, 0.08700999617576599, 0.02367236465215683, 0.0331992506980896, 0.1828363835811615, 0.27007266879081726, 0.35077720880508423, 0.42178621888160706, 0.4191424250602722]","[1.5198017358779907, 1.1629664897918701, 1.6578609943389893, 1.8706601858139038, 1.5226777791976929, 1.2911274433135986, 0.8937204480171204, 0.6040878891944885, 0.9451712369918823, 0.9726809859275818, 0.658827006816864, 0.7265216112136841, 0.4733988046646118, 0.0917862057685852, 0.3674280345439911]","[0.09513647854328156, -0.00619011465460062, -0.08188122510910034, -0.22360996901988983, -0.3059098422527313, -0.30958807468414307, -0.496582955121994, -0.7352555394172668, -0.8255366086959839, -1.0277597904205322, -1.3287363052368164, -1.4015668630599976, -1.3377256393432617, -1.26847243309021, -1.1077773571014404]","[1.3811124563217163, 1.0318199396133423, 0.7700589895248413, 0.6442379951477051, 0.25679975748062134, -0.0008121517603285611, 0.10969438403844833, 0.15806777775287628, 0.15564121305942535, 0.36383259296417236, 0.6472296714782715, 0.7757361531257629, 0.739177405834198, 0.7063392400741577, 0.7946737408638]","[-1.3310329914093018, -0.9581352472305298, -0.5417385697364807, -0.4595276415348053, -0.4686027765274048, -0.5161831974983215, -0.8459596037864685, -1.0764294862747192, -0.859915554523468, -0.5693255662918091, -0.3453543484210968, -0.0803489089012146, -0.04296056553721428, -0.2717530131340027, -0.5344563126564026]","[-0.4035813808441162, -0.5738431811332703, -0.4794446527957916, -0.4708797037601471, -0.27124956250190735, 0.6753828525543213, 1.4325987100601196, 1.5796334743499756, 1.5129947662353516, 0.9735221266746521, 0.2851113975048065, 0.1935776025056839, 0.15554998815059662, -0.2416258603334427, -0.4173249900341034]",15
2384,52,4,15,1,1,0.8444834,43.66409,1.817956,0.83710979520198574,1946.37537,"[-0.5722352266311646, -0.41415414214134216, -0.3323499858379364, -0.34614962339401245, -0.3815627992153168, -0.3970513343811035, -0.37547874450683594, -0.32370123267173767, -0.28439605236053467, -0.2903159260749817, -0.3120075464248657, -0.308651328086853, -0.3086240589618683, -0.36810964345932007, -0.443672776222229]","[-1.13870108127594, -1.100734829902649, -1.2083115577697754, -1.2629179954528809, -1.1576571464538574, -1.1052839756011963, -1.1452031135559082, -1.1492689847946167, -1.104349136352539, -1.1199369430541992, -1.1677820682525635, -1.1209458112716675, -0.9970369338989258, -0.9258504509925842, -0.9658322334289551]","[0.5892542004585266, 0.5086248517036438, 0.540073812007904, 0.5776636600494385, 0.5534815788269043, 0.5629194974899292, 0.6146372556686401, 0.6042500138282776, 0.5214613676071167, 0.49240031838417053, 0.5324718952178955, 0.5292001366615295, 0.5060528516769409, 0.5816479325294495, 0.7193052172660828]","[-0.9861080646514893, -1.0772985219955444, -0.8278383016586304, -0.7221099734306335, -0.9625807404518127, -1.0225101709365845, -0.7703738808631897, -0.6789525747299194, -0.8289450407028198, -0.8276715278625488, -0.64023357629776, -0.6538776159286499, -0.8270496726036072, -0.6775883436203003, -0.31908828020095825]","[0.5769921541213989, 0.5388652086257935, 0.7408818006515503, 0.8068358898162842, 0.6669418215751648, 0.7343020439147949, 1.005334734916687, 1.0553655624389648, 0.8984993696212769, 0.9096102714538574, 1.0870052576065063, 0.9933536648750305, 0.6487159132957458, 0.6475764513015747, 0.8908669948577881]","[0.4356266260147095, 0.36174896359443665, 0.36990851163864136, 0.3967694640159607, 0.34392789006233215, 0.2722693383693695, 0.21748507022857666, 0.13701078295707703, 0.0025324022863060236, -0.16345202922821045, -0.35342276096343994, -0.5482291579246521, -0.69684237241745, -0.7214310765266418, -0.616622269153595]","[-0.6955417990684509, -0.77409827709198, -0.9664800763130188, -1.0572667121887207, -1.0440376996994019, -1.1313079595565796, -1.3200581073760986, -1.4199410676956177, -1.3946783542633057, -1.3787503242492676, -1.3882166147232056, -1.2913709878921509, -1.1061174869537354, -0.9693237543106079, -0.8776359558105469]","[0.6200859546661377, 0.6789827346801758, 0.5792774558067322, 0.5335572361946106, 0.6823838353157043, 0.7297828793525696, 0.6160227060317993, 0.625198245048523, 0.8072682619094849, 0.8660392165184021, 0.78427654504776, 0.8788130879402161, 1.138167381286621, 1.1734282970428467, 0.9931805729866028]","[-0.8884530663490295, -0.7943603992462158, -0.7866843342781067, -0.787744402885437, -0.7320515513420105, -0.7534900903701782, -0.8441977500915527, -0.8413674831390381, -0.7615160942077637, -0.7478919625282288, -0.8124274015426636, -0.8209584355354309, -0.7518584728240967, -0.7656342387199402, -0.8832795023918152]","[-1.1194735765457153, -1.2896398305892944, -1.2607502937316895, -1.2017993927001953, -1.1820881366729736, -0.9639261960983276, -0.6363329291343689, -0.5008352994918823, -0.5173388719558716, -0.4008103609085083, -0.11186444014310837, 0.10855203121900558, 0.19623792171478271, 0.37558847665786743, 0.618268609046936]","[0.4303579032421112, 0.17202341556549072, -0.04755208641290665, -0.04964399337768555, 0.1013384461402893, 0.2675943672657013, 0.36551618576049805, 0.4212453067302704, 0.4404617249965668, 0.3869037330150604, 0.3243057131767273, 0.37473687529563904, 0.49206167459487915, 0.435465931892395, 0.25671082735061646]","[1.1247974634170532, 1.4328317642211914, 1.1637961864471436, 0.9026500582695007, 0.9846030473709106, 0.8367944359779358, 0.319733589887619, 0.09770764410495758, 0.22215506434440613, 0.17863619327545166, -0.09533537179231644, -0.21993547677993774, -0.23173418641090393, -0.5502442121505737, -1.0271663665771484]",15
3730,82,5,15,2,2,0.08489919,43.483547,1.388063,0.74873691219202687,1935.68134,"[-0.14683251082897186, -0.22102795541286469, -0.4242576062679291, -0.49850085377693176, -0.45079106092453003, -0.8336783647537231, -1.1723426580429077, -0.9366850256919861, -0.8530369400978088, -1.0716906785964966, -0.9409846663475037, -0.6907010674476624, -0.5974178314208984, -0.48112842440605164, -0.6358579993247986]","[0.5552980899810791, 0.2667539119720459, 0.11312244087457657, -0.1856401413679123, -0.3192417621612549, -0.3378554582595825, -0.3184642493724823, -0.17284099757671356, -0.19827061891555786, -0.32744017243385315, -0.22266006469726562, -0.29576870799064636, -0.6244992613792419, -0.6541292071342468, -0.5152857899665833]","[-0.6910097002983093, -0.5157787799835205, -0.4735957086086273, -0.4503532648086548, -0.3820420205593109, -0.2922215461730957, -0.266971230506897, -0.39743542671203613, -0.5008640885353088, -0.4153783619403839, -0.3466794192790985, -0.3108636140823364, -0.12936127185821533, 0.047967977821826935, 0.04842279851436615]","[-1.2690614461898804, -1.4405585527420044, -1.6000252962112427, -1.4633883237838745, -1.5404319763183594, -1.3368258476257324, -1.0577099323272705, -1.249692678451538, -1.1851794719696045, -0.9188628196716309, -0.9841137528419495, -0.47628065943717957, 0.28068235516548157, 0.12483560293912888, 0.13495250046253204]","[0.6943126320838928, 0.2862459123134613, 0.3516556918621063, 0.5679000616073608, 0.47140511870384216, 0.5355191826820374, 0.7246376276016235, 0.7411088347434998, 0.9932657480239868, 1.3859196901321411, 1.3284313678741455, 1.0459110736846924, 0.7914279699325562, 0.4328099191188812, 0.4190380573272705]","[-1.9403712749481201, -1.7306630611419678, -1.8586342334747314, -1.585737943649292, -1.3994213342666626, -1.382384181022644, -1.3822615146636963, -1.5788626670837402, -1.6703091859817505, -1.5993034839630127, -1.6575202941894531, -1.503485083580017, -1.1346123218536377, -1.16779363155365, -1.383029818534851]","[-0.18336869776248932, -0.3882178068161011, -0.4075324833393097, -0.3425268530845642, -0.30518603324890137, -0.08868809044361115, 0.08700999617576599, 0.02367236465215683, 0.0331992506980896, 0.1828363835811615, 0.27007266879081726, 0.35077720880508423, 0.42178621888160706, 0.4191424250602722, 0.5487340688705444]","[1.1629664897918701, 1.6578609943389893, 1.8706601858139038, 1.5226777791976929, 1.2911274433135986, 0.8937204480171204, 0.6040878891944885, 0.9451712369918823, 0.9726809859275818, 0.658827006816864, 0.7265216112136841, 0.4733988046646118, 0.0917862057685852, 0.3674280345439911, 0.3003387153148651]","[-0.00619011465460062, -0.08188122510910034, -0.22360996901988983, -0.3059098422527313, -0.30958807468414307, -0.496582955121994, -0.7352555394172668, -0.8255366086959839, -1.0277597904205322, -1.3287363052368164, -1.4015668630599976, -1.3377256393432617, -1.26847243309021, -1.1077773571014404, -0.9925516247749329]","[1.0318199396133423, 0.7700589895248413, 0.6442379951477051, 0.25679975748062134, -0.0008121517603285611, 0.10969438403844833, 0.15806777775287628, 0.15564121305942535, 0.36383259296417236, 0.6472296714782715, 0.7757361531257629, 0.739177405834198, 0.7063392400741577, 0.7946737408638, 0.8053213357925415]","[-0.9581352472305298, -0.5417385697364807, -0.4595276415348053, -0.4686027765274048, -0.5161831974983215, -0.8459596037864685, -1.0764294862747192, -0.859915554523468, -0.5693255662918091, -0.3453543484210968, -0.0803489089012146, -0.04296056553721428, -0.2717530131340027, -0.5344563126564026, -0.8948531746864319]","[-0.5738431811332703, -0.4794446527957916, -0.4708797037601471, -0.27124956250190735, 0.6753828525543213, 1.4325987100601196, 1.5796334743499756, 1.5129947662353516, 0.9735221266746521, 0.2851113975048065, 0.1935776025056839, 0.15554998815059662, -0.2416258603334427, -0.4173249900341034, -0.5147861242294312]",15
5976,132,3,15,4,4,0.56166315,42.15614,2.0124643,0.74446275858733755,1925.7281,"[1.7172333002090454, 1.5307759046554565, 1.0384241342544556, 0.7975375056266785, 0.751499593257904, 0.6406710743904114, 0.6201969981193542, 0.7617689967155457, 0.9451192021369934, 1.068024754524231, 1.1581857204437256, 1.424354910850525, 1.7730541229248047, 1.7887800931930542, 1.5139408111572266]","[-0.792485237121582, -0.65277099609375, -0.6636718511581421, -0.6056665182113647, -0.5628166794776917, -0.5717391967773438, -0.49223729968070984, -0.4293111562728882, -0.5167853832244873, -0.626141369342804, -0.7386043071746826, -0.978132963180542, -1.3099099397659302, -1.4712766408920288, -1.2551581859588623]","[-1.489982008934021, -1.3733245134353638, -0.9254182577133179, -0.9788180589675903, -1.1177469491958618, -0.9185304641723633, -0.9223265647888184, -1.0420600175857544, -0.9390543699264526, -0.7892200946807861, -0.5772057175636292, -0.14108175039291382, 0.39254018664360046, 0.746192991733551, 0.5991144180297852]","[2.060443162918091, 1.607067584991455, 1.4257001876831055, 1.4723455905914307, 1.4759601354599, 1.4804246425628662, 1.6156785488128662, 1.8522807359695435, 2.081653594970703, 2.1775777339935303, 2.176879405975342, 1.8764837980270386, 1.430681586265564, 1.3567579984664917, 1.4145017862319946]","[-0.5781069397926331, -0.44128865003585815, -0.06225913017988205, 0.03135371580719948, 0.07932151854038239, 0.1591239720582962, -0.05139126256108284, -0.44597581028938293, -0.7723275423049927, -0.993944525718689, -0.985909104347229, -0.8185872435569763, -0.779980480670929, -0.8909130692481995, -0.9997997879981995]","[0.5279199481010437, 0.8589747548103333, 1.0415884256362915, 0.8920590877532959, 0.5572066903114319, 0.4485973119735718, 0.6061121225357056, 0.7038990259170532, 0.6513240933418274, 0.5644969344139099, 0.4329566955566406, 0.20576100051403046, 0.09489032626152039, 0.21584084630012512, 0.3024049997329712]","[0.3247082829475403, -0.01971595175564289, -0.6419910788536072, -0.9617656469345093, -1.036539077758789, -1.3383259773254395, -1.6020028591156006, -1.5304135084152222, -1.3745265007019043, -1.3296229839324951, -1.3072901964187622, -1.3018789291381836, -1.455707311630249, -1.6589373350143433, -1.5648523569107056]","[-1.9105545282363892, -1.682124376296997, -1.4367748498916626, -1.3545414209365845, -1.4101593494415283, -1.4296680688858032, -1.3812040090560913, -1.5037118196487427, -1.5696707963943481, -1.2161085605621338, -0.7283108234405518, -0.39066892862319946, -0.19969789683818817, -0.19156838953495026, -0.2552671730518341]","[0.28672096133232117, 0.2286064326763153, 0.18223872780799866, 0.34842178225517273, 0.6066080331802368, 0.7799615859985352, 0.8919888138771057, 1.0250940322875977, 1.0666208267211914, 0.9191585183143616, 0.7500694990158081, 0.6986191272735596, 0.7185980081558228, 0.7629662156105042, 0.8678721785545349]","[0.5644124746322632, 0.4653870165348053, 0.48623374104499817, 0.6193206310272217, 0.8794515132904053, 1.1416172981262207, 1.291017770767212, 1.455735683441162, 1.6311722993850708, 1.6044174432754517, 1.350046157836914, 1.071412205696106, 0.9206488728523254, 0.8025525808334351, 0.5457124710083008]","[0.9595569372177124, 1.1805899143218994, 1.3867309093475342, 1.3267768621444702, 1.0724284648895264, 0.9840296506881714, 1.0308163166046143, 0.8550453782081604, 0.5350285172462463, 0.46873903274536133, 0.5980430245399475, 0.5967468619346619, 0.45219701528549194, 0.30188924074172974, 0.12884382903575897]","[1.4959478378295898, 1.7525198459625244, 1.5242879390716553, 1.258675217628479, 1.0017242431640625, 0.5191307067871094, 0.05886099487543106, -0.244050070643425, -0.4720153212547302, -0.6639652252197266, -0.8485541343688965, -0.9721695780754089, -1.0878177881240845, -1.2006607055664062, -0.9629086256027222]",15
2109,46,3,15,1,1,1.0000,42.223835,1.9391794,0.834142370202796135,1919.72327,"[-2.4580132961273193, -2.2889745235443115, -2.1675875186920166, -2.11460018157959, -2.070239782333374, -2.047184944152832, -2.0665197372436523, -1.994639277458191, -1.8396910429000854, -1.7801076173782349, -1.8150476217269897, -1.808647632598877, -1.7589551210403442, -1.695939064025879, -1.6014395952224731]","[-1.256758689880371, -1.3397802114486694, -1.3184517621994019, -1.2622190713882446, -1.2730433940887451, -1.2345234155654907, -1.1407091617584229, -1.1004061698913574, -1.1622941493988037, -1.2173786163330078, -1.1999928951263428, -1.1353931427001953, -1.062782883644104, -0.9978035688400269, -0.9359112977981567]","[0.7066614031791687, 0.7101765871047974, 0.7864048480987549, 0.7963451147079468, 0.7294694185256958, 0.7227751612663269, 0.7381138205528259, 0.6765297055244446, 0.6759613752365112, 0.7813029289245605, 0.8270282745361328, 0.8074254989624023, 0.8315216302871704, 0.8029619455337524, 0.6312149167060852]","[-0.8474005460739136, -1.0788342952728271, -0.9302834868431091, -0.8095530867576599, -0.9891858696937561, -0.9922058582305908, -0.8346346616744995, -0.9656121730804443, -1.106472134590149, -0.9102120995521545, -0.8359799385070801, -0.9700345993041992, -0.8892667889595032, -0.8526694774627686, -1.1292524337768555]","[0.09231870621442795, -0.17330612242221832, -0.03381868824362755, 0.1607639044523239, 0.11804154515266418, 0.20704081654548645, 0.389098197221756, 0.2920807898044586, 0.21690714359283447, 0.44861891865730286, 0.5970239043235779, 0.59273761510849, 0.7667526602745056, 0.824964165687561, 0.5935202836990356]","[0.12902243435382843, 0.23094695806503296, 0.14812295138835907, -0.028979390859603882, -0.10566089302301407, -0.17340333759784698, -0.34043073654174805, -0.5302830338478088, -0.6594676971435547, -0.7385600209236145, -0.780820906162262, -0.8210312724113464, -0.8789902329444885, -0.9716479778289795, -1.109432578086853]","[0.02157476916909218, -0.05570359528064728, -0.2334408164024353, -0.37800201773643494, -0.35851040482521057, -0.33214130997657776, -0.3171759247779846, -0.21514050662517548, -0.17236384749412537, -0.2635735869407654, -0.33033487200737, -0.37908151745796204, -0.5348284244537354, -0.6478591561317444, -0.5662990808486938]","[0.34365880489349365, 0.4580928385257721, 0.2873401641845703, 0.23828288912773132, 0.44578489661216736, 0.44846609234809875, 0.29729363322257996, 0.44009092450141907, 0.6263207197189331, 0.5538772344589233, 0.5394107699394226, 0.6158148646354675, 0.4484184980392456, 0.34109264612197876, 0.5792549252510071]","[-1.1873563528060913, -1.0503054857254028, -0.9523998498916626, -0.9003983736038208, -0.8952661752700806, -0.9853091835975647, -1.1547497510910034, -1.282799243927002, -1.3802297115325928, -1.4989879131317139, -1.5198547840118408, -1.4303207397460938, -1.3928501605987549, -1.4141536951065063, -1.4266284704208374]","[-0.4892879128456116, -0.4859239459037781, -0.16416870057582855, -0.027528943493962288, -0.25265777111053467, -0.2569167912006378, -0.053198736160993576, -0.04156147688627243, 0.012443739920854568, 0.29141876101493835, 0.42710840702056885, 0.4535095989704132, 0.7055109739303589, 0.8620091676712036, 0.6962146162986755]","[1.081985592842102, 1.1083052158355713, 0.919706404209137, 0.8649120330810547, 1.0000853538513184, 1.0511139631271362, 1.061605453491211, 1.1931594610214233, 1.2757059335708618, 1.1695096492767334, 1.087236762046814, 1.0946470499038696, 1.0296350717544556, 0.9897249341011047, 1.0023949146270752]","[1.3449923992156982, 1.6738274097442627, 1.575643539428711, 1.6040607690811157, 1.9760569334030151, 1.9702802896499634, 1.6569561958312988, 1.5702379941940308, 1.3776533603668213, 0.7316116690635681, 0.22392135858535767, 0.02583257295191288, -0.23038075864315033, -0.32477521896362305, -0.10565657168626785]",15
6200,137,7,15,4,4,0.8054142,41.904507,1.8897352,0.73816280338903695,1913.86365,"[0.6113189458847046, 0.6390649080276489, 0.6561200022697449, 0.6929981112480164, 0.662530779838562, 0.5813067555427551, 0.5244227647781372, 0.5458545088768005, 0.6603883504867554, 0.8253481984138489, 0.995045006275177, 1.240152359008789, 1.4830883741378784, 1.4909147024154663, 1.3403502702713013]","[0.4635361135005951, 0.23680688440799713, -0.027157803997397423, 0.026240263134241104, -0.025288265198469162, -0.30275899171829224, -0.2789230942726135, -0.08946838974952698, -0.31635206937789917, -0.6207071542739868, -0.5958980321884155, -0.8455229997634888, -1.3639850616455078, -1.2741323709487915, -0.9296043515205383]","[-2.3914794921875, -2.2689898014068604, -2.074821949005127, -2.1594324111938477, -1.9330374002456665, -1.3254468441009521, -1.2507888078689575, -1.4832323789596558, -1.1327991485595703, -0.6165391206741333, -0.5321120619773865, -0.14984574913978577, 0.5330403447151184, 0.39974477887153625, -0.0993695855140686]","[0.5860661268234253, 0.7830896377563477, 1.4031156301498413, 1.505014419555664, 1.0443111658096313, 0.8488718867301941, 1.0771002769470215, 1.2583868503570557, 1.2896430492401123, 1.1318215131759644, 0.7335166931152344, 0.3788898289203644, 0.2582085430622101, 0.15347690880298615, 0.17886580526828766]","[0.5586987733840942, 0.26619386672973633, -0.1613486260175705, -0.49747827649116516, -0.27227848768234253, 0.14862492680549622, 0.015790127217769623, -0.32754990458488464, -0.15294039249420166, 0.15998196601867676, 0.10091701149940491, 0.009383746422827244, -0.012582858093082905, -0.28968316316604614, -0.5448122620582581]","[0.21838785707950592, 0.5077571272850037, 0.8762495517730713, 0.9655385613441467, 0.7926726937294006, 0.6793433427810669, 0.6337659955024719, 0.572628378868103, 0.5510203838348389, 0.46164408326148987, 0.2624143660068512, 0.22719033062458038, 0.3310009241104126, 0.2821379005908966, 0.20678773522377014]","[-0.4538900852203369, -0.5972923636436462, -0.8208231329917908, -0.9448413252830505, -1.259946346282959, -1.717318058013916, -1.7710580825805664, -1.620234727859497, -1.8760018348693848, -2.2354602813720703, -2.1444036960601807, -2.0606603622436523, -2.3267290592193604, -2.317948579788208, -2.055788516998291]","[-0.4930582046508789, -0.6755180358886719, -1.3616033792495728, -1.759519338607788, -1.4598422050476074, -1.0472410917282104, -1.0042593479156494, -1.0061020851135254, -0.7344330549240112, -0.2605192959308624, 0.12321538478136063, 0.21001529693603516, 0.21007020771503448, 0.31173816323280334, 0.3972421884536743]","[0.11711477488279343, 0.3004516065120697, 0.7036153078079224, 1.1938703060150146, 1.2804203033447266, 1.056526780128479, 1.0695334672927856, 1.170723795890808, 0.9486969113349915, 0.6573385000228882, 0.6014708280563354, 0.5508729219436646, 0.45173460245132446, 0.6337175965309143, 0.870647668838501]","[0.1296197921037674, 0.15577490627765656, 0.17797139286994934, 0.04902896657586098, 0.02646220102906227, 0.24876922369003296, 0.48633989691734314, 0.6994801759719849, 0.9555085301399231, 1.029955506324768, 0.8545575737953186, 0.7518604397773743, 0.6744515895843506, 0.29961925745010376, -0.18299582600593567]","[0.6814435720443726, 0.7776613831520081, 0.7705349326133728, 0.6265003681182861, 0.5033138394355774, 0.4969080984592438, 0.42752310633659363, 0.21229827404022217, 0.14182503521442413, 0.4368286728858948, 0.7126006484031677, 0.6488194465637207, 0.4272564649581909, 0.325585275888443, 0.3734259307384491]","[0.44850462675094604, 0.47656697034835815, 0.3883001506328583, 0.35831308364868164, 0.2764946222305298, -0.01911434344947338, -0.23801666498184204, -0.30268463492393494, -0.5553440451622009, -0.9749035239219666, -1.2128669023513794, -1.3111653327941895, -1.3247026205062866, -1.097346544265747, -0.7373124361038208]",15
2110,46,2,15,1,1,1.0000,41.701263,1.8427658,0.831637395396115586,1905.12695,"[-2.355809450149536, -2.4580132961273193, -2.2889745235443115, -2.1675875186920166, -2.11460018157959, -2.070239782333374, -2.047184944152832, -2.0665197372436523, -1.994639277458191, -1.8396910429000854, -1.7801076173782349, -1.8150476217269897, -1.808647632598877, -1.7589551210403442, -1.695939064025879]","[-1.2563796043395996, -1.256758689880371, -1.3397802114486694, -1.3184517621994019, -1.2622190713882446, -1.2730433940887451, -1.2345234155654907, -1.1407091617584229, -1.1004061698913574, -1.1622941493988037, -1.2173786163330078, -1.1999928951263428, -1.1353931427001953, -1.062782883644104, -0.9978035688400269]","[0.6877713799476624, 0.7066614031791687, 0.7101765871047974, 0.7864048480987549, 0.7963451147079468, 0.7294694185256958, 0.7227751612663269, 0.7381138205528259, 0.6765297055244446, 0.6759613752365112, 0.7813029289245605, 0.8270282745361328, 0.8074254989624023, 0.8315216302871704, 0.8029619455337524]","[-0.9339540004730225, -0.8474005460739136, -1.0788342952728271, -0.9302834868431091, -0.8095530867576599, -0.9891858696937561, -0.9922058582305908, -0.8346346616744995, -0.9656121730804443, -1.106472134590149, -0.9102120995521545, -0.8359799385070801, -0.9700345993041992, -0.8892667889595032, -0.8526694774627686]","[0.12240305542945862, 0.09231870621442795, -0.17330612242221832, -0.03381868824362755, 0.1607639044523239, 0.11804154515266418, 0.20704081654548645, 0.389098197221756, 0.2920807898044586, 0.21690714359283447, 0.44861891865730286, 0.5970239043235779, 0.59273761510849, 0.7667526602745056, 0.824964165687561]","[0.15529806911945343, 0.12902243435382843, 0.23094695806503296, 0.14812295138835907, -0.028979390859603882, -0.10566089302301407, -0.17340333759784698, -0.34043073654174805, -0.5302830338478088, -0.6594676971435547, -0.7385600209236145, -0.780820906162262, -0.8210312724113464, -0.8789902329444885, -0.9716479778289795]","[0.09050148725509644, 0.02157476916909218, -0.05570359528064728, -0.2334408164024353, -0.37800201773643494, -0.35851040482521057, -0.33214130997657776, -0.3171759247779846, -0.21514050662517548, -0.17236384749412537, -0.2635735869407654, -0.33033487200737, -0.37908151745796204, -0.5348284244537354, -0.6478591561317444]","[0.43682780861854553, 0.34365880489349365, 0.4580928385257721, 0.2873401641845703, 0.23828288912773132, 0.44578489661216736, 0.44846609234809875, 0.29729363322257996, 0.44009092450141907, 0.6263207197189331, 0.5538772344589233, 0.5394107699394226, 0.6158148646354675, 0.4484184980392456, 0.34109264612197876]","[-1.3183590173721313, -1.1873563528060913, -1.0503054857254028, -0.9523998498916626, -0.9003983736038208, -0.8952661752700806, -0.9853091835975647, -1.1547497510910034, -1.282799243927002, -1.3802297115325928, -1.4989879131317139, -1.5198547840118408, -1.4303207397460938, -1.3928501605987549, -1.4141536951065063]","[-0.4745844304561615, -0.4892879128456116, -0.4859239459037781, -0.16416870057582855, -0.027528943493962288, -0.25265777111053467, -0.2569167912006378, -0.053198736160993576, -0.04156147688627243, 0.012443739920854568, 0.29141876101493835, 0.42710840702056885, 0.4535095989704132, 0.7055109739303589, 0.8620091676712036]","[1.0840365886688232, 1.081985592842102, 1.1083052158355713, 0.919706404209137, 0.8649120330810547, 1.0000853538513184, 1.0511139631271362, 1.061605453491211, 1.1931594610214233, 1.2757059335708618, 1.1695096492767334, 1.087236762046814, 1.0946470499038696, 1.0296350717544556, 0.9897249341011047]","[1.059134602546692, 1.3449923992156982, 1.6738274097442627, 1.575643539428711, 1.6040607690811157, 1.9760569334030151, 1.9702802896499634, 1.6569561958312988, 1.5702379941940308, 1.3776533603668213, 0.7316116690635681, 0.22392135858535767, 0.02583257295191288, -0.23038075864315033, -0.32477521896362305]",15
5978,132,2,15,4,4,0.58129454,41.07157,1.8663843,0.847312199640292274,1901.07904,"[1.5892318487167358, 1.7172333002090454, 1.5307759046554565, 1.0384241342544556, 0.7975375056266785, 0.751499593257904, 0.6406710743904114, 0.6201969981193542, 0.7617689967155457, 0.9451192021369934, 1.068024754524231, 1.1581857204437256, 1.424354910850525, 1.7730541229248047, 1.7887800931930542]","[-0.8695406317710876, -0.792485237121582, -0.65277099609375, -0.6636718511581421, -0.6056665182113647, -0.5628166794776917, -0.5717391967773438, -0.49223729968070984, -0.4293111562728882, -0.5167853832244873, -0.626141369342804, -0.7386043071746826, -0.978132963180542, -1.3099099397659302, -1.4712766408920288]","[-1.2768551111221313, -1.489982008934021, -1.3733245134353638, -0.9254182577133179, -0.9788180589675903, -1.1177469491958618, -0.9185304641723633, -0.9223265647888184, -1.0420600175857544, -0.9390543699264526, -0.7892200946807861, -0.5772057175636292, -0.14108175039291382, 0.39254018664360046, 0.746192991733551]","[2.2247707843780518, 2.060443162918091, 1.607067584991455, 1.4257001876831055, 1.4723455905914307, 1.4759601354599, 1.4804246425628662, 1.6156785488128662, 1.8522807359695435, 2.081653594970703, 2.1775777339935303, 2.176879405975342, 1.8764837980270386, 1.430681586265564, 1.3567579984664917]","[-0.335776686668396, -0.5781069397926331, -0.44128865003585815, -0.06225913017988205, 0.03135371580719948, 0.07932151854038239, 0.1591239720582962, -0.05139126256108284, -0.44597581028938293, -0.7723275423049927, -0.993944525718689, -0.985909104347229, -0.8185872435569763, -0.779980480670929, -0.8909130692481995]","[-0.000837538973428309, 0.5279199481010437, 0.8589747548103333, 1.0415884256362915, 0.8920590877532959, 0.5572066903114319, 0.4485973119735718, 0.6061121225357056, 0.7038990259170532, 0.6513240933418274, 0.5644969344139099, 0.4329566955566406, 0.20576100051403046, 0.09489032626152039, 0.21584084630012512]","[0.6420739889144897, 0.3247082829475403, -0.01971595175564289, -0.6419910788536072, -0.9617656469345093, -1.036539077758789, -1.3383259773254395, -1.6020028591156006, -1.5304135084152222, -1.3745265007019043, -1.3296229839324951, -1.3072901964187622, -1.3018789291381836, -1.455707311630249, -1.6589373350143433]","[-1.7831618785858154, -1.9105545282363892, -1.682124376296997, -1.4367748498916626, -1.3545414209365845, -1.4101593494415283, -1.4296680688858032, -1.3812040090560913, -1.5037118196487427, -1.5696707963943481, -1.2161085605621338, -0.7283108234405518, -0.39066892862319946, -0.19969789683818817, -0.19156838953495026]","[0.17793910205364227, 0.28672096133232117, 0.2286064326763153, 0.18223872780799866, 0.34842178225517273, 0.6066080331802368, 0.7799615859985352, 0.8919888138771057, 1.0250940322875977, 1.0666208267211914, 0.9191585183143616, 0.7500694990158081, 0.6986191272735596, 0.7185980081558228, 0.7629662156105042]","[0.5992326140403748, 0.5644124746322632, 0.4653870165348053, 0.48623374104499817, 0.6193206310272217, 0.8794515132904053, 1.1416172981262207, 1.291017770767212, 1.455735683441162, 1.6311722993850708, 1.6044174432754517, 1.350046157836914, 1.071412205696106, 0.9206488728523254, 0.8025525808334351]","[0.8443079590797424, 0.9595569372177124, 1.1805899143218994, 1.3867309093475342, 1.3267768621444702, 1.0724284648895264, 0.9840296506881714, 1.0308163166046143, 0.8550453782081604, 0.5350285172462463, 0.46873903274536133, 0.5980430245399475, 0.5967468619346619, 0.45219701528549194, 0.30188924074172974]","[1.3971906900405884, 1.4959478378295898, 1.7525198459625244, 1.5242879390716553, 1.258675217628479, 1.0017242431640625, 0.5191307067871094, 0.05886099487543106, -0.244050070643425, -0.4720153212547302, -0.6639652252197266, -0.8485541343688965, -0.9721695780754089, -1.0878177881240845, -1.2006607055664062]",15
2069,45,6,15,1,1,1.0000,40.83844,1.869447,0.936149232039890755,1890.9269,"[-1.18616783618927, -1.0658857822418213, -0.9556882977485657, -0.8562049865722656, -0.7707211971282959, -0.7152937054634094, -0.7065693140029907, -0.7248292565345764, -0.6965760588645935, -0.6612156629562378, -0.7281701564788818, -0.8493911623954773, -0.944181501865387, -1.0122040510177612, -1.0284171104431152]","[-1.2897073030471802, -1.3102198839187622, -1.3953025341033936, -1.4374423027038574, -1.3733969926834106, -1.2741916179656982, -1.2084249258041382, -1.2409645318984985, -1.299745798110962, -1.2730088233947754, -1.1652673482894897, -0.9903604388237, -0.8930481672286987, -0.9310364723205566, -0.9317153096199036]","[0.590495228767395, 0.5311015248298645, 0.5011797547340393, 0.4606378376483917, 0.3837926387786865, 0.2969602644443512, 0.21339240670204163, 0.1493789404630661, 0.12171398103237152, 0.1352851390838623, 0.1857638955116272, 0.21076147258281708, 0.22053515911102295, 0.247104212641716, 0.26447078585624695]","[-1.082595705986023, -1.1443774700164795, -1.0067269802093506, -0.9708442091941833, -0.990354061126709, -1.0026167631149292, -1.0935611724853516, -1.1255265474319458, -1.065125823020935, -0.9660700559616089, -0.7952774167060852, -0.8629607558250427, -1.1128528118133545, -0.9645575881004333, -0.8973084688186646]","[0.43735188245773315, 0.45194289088249207, 0.718916118144989, 0.8976662755012512, 0.95189368724823, 1.0114442110061646, 1.028214931488037, 1.044314980506897, 1.0019828081130981, 0.9206176400184631, 1.0467532873153687, 1.1660937070846558, 1.083755612373352, 1.1985265016555786, 1.1629493236541748]","[0.07742416113615036, 0.03851381689310074, 0.018536746501922607, 0.022375356405973434, 0.007870287634432316, -0.056910183280706406, -0.1855204552412033, -0.3768479824066162, -0.6125285029411316, -0.8492293357849121, -1.0591486692428589, -1.185758352279663, -1.2080762386322021, -1.2136824131011963, -1.215407133102417]","[-0.5006116032600403, -0.6472259163856506, -0.8708616495132446, -1.123178243637085, -1.3579959869384766, -1.5077069997787476, -1.514886498451233, -1.4784122705459595, -1.4487613439559937, -1.434293270111084, -1.4963868856430054, -1.456650972366333, -1.2437928915023804, -1.1124186515808105, -0.93677818775177]","[0.885208010673523, 0.9358479976654053, 0.8370702266693115, 0.7957473993301392, 0.7259456515312195, 0.605919361114502, 0.6672911643981934, 0.763918399810791, 0.7925512194633484, 0.8677703738212585, 0.9547572135925293, 1.1276870965957642, 1.2571672201156616, 1.0161793231964111, 0.8434699773788452]","[-0.6714958548545837, -0.5703403949737549, -0.6388576030731201, -0.7546513676643372, -0.7671445608139038, -0.7163549661636353, -0.710248589515686, -0.7297958731651306, -0.6591421961784363, -0.5367181897163391, -0.5229906439781189, -0.6115955710411072, -0.7714465260505676, -1.050591230392456, -1.2375924587249756]","[-0.7903009653091431, -0.8664258718490601, -0.7775765061378479, -0.6230157613754272, -0.47101858258247375, -0.3527165353298187, -0.29921573400497437, -0.21457532048225403, -0.05888112261891365, 0.1523342877626419, 0.40671980381011963, 0.5483052730560303, 0.5791308283805847, 0.70574951171875, 0.7737618088722229]","[-0.14953304827213287, -0.20555831491947174, -0.1629336178302765, 0.08719474822282791, 0.2965657413005829, 0.3009432256221771, 0.29204821586608887, 0.28978633880615234, 0.16867659986019135, -0.04353915899991989, -0.20422016084194183, -0.11856166273355484, 0.06188635528087616, 0.019885551184415817, -0.03794547915458679]","[0.857201099395752, 0.9978582262992859, 0.8381948471069336, 0.6004742383956909, 0.5636846423149109, 0.6557098627090454, 0.6479933857917786, 0.5540205240249634, 0.557372510433197, 0.5097018480300903, 0.19629904627799988, -0.10814420878887177, -0.2568708062171936, -0.496690958738327, -0.5954638719558716]",15
3734,82,6,15,2,2,0.04860449,41.35875,1.3832796,0.844154554057758366,1890.7507,"[-0.22102795541286469, -0.4242576062679291, -0.49850085377693176, -0.45079106092453003, -0.8336783647537231, -1.1723426580429077, -0.9366850256919861, -0.8530369400978088, -1.0716906785964966, -0.9409846663475037, -0.6907010674476624, -0.5974178314208984, -0.48112842440605164, -0.6358579993247986, -1.0134496688842773]","[0.2667539119720459, 0.11312244087457657, -0.1856401413679123, -0.3192417621612549, -0.3378554582595825, -0.3184642493724823, -0.17284099757671356, -0.19827061891555786, -0.32744017243385315, -0.22266006469726562, -0.29576870799064636, -0.6244992613792419, -0.6541292071342468, -0.5152857899665833, -0.41887232661247253]","[-0.5157787799835205, -0.4735957086086273, -0.4503532648086548, -0.3820420205593109, -0.2922215461730957, -0.266971230506897, -0.39743542671203613, -0.5008640885353088, -0.4153783619403839, -0.3466794192790985, -0.3108636140823364, -0.12936127185821533, 0.047967977821826935, 0.04842279851436615, 0.027201907709240913]","[-1.4405585527420044, -1.6000252962112427, -1.4633883237838745, -1.5404319763183594, -1.3368258476257324, -1.0577099323272705, -1.249692678451538, -1.1851794719696045, -0.9188628196716309, -0.9841137528419495, -0.47628065943717957, 0.28068235516548157, 0.12483560293912888, 0.13495250046253204, 0.510854959487915]","[0.2862459123134613, 0.3516556918621063, 0.5679000616073608, 0.47140511870384216, 0.5355191826820374, 0.7246376276016235, 0.7411088347434998, 0.9932657480239868, 1.3859196901321411, 1.3284313678741455, 1.0459110736846924, 0.7914279699325562, 0.4328099191188812, 0.4190380573272705, 0.5821325778961182]","[-1.7306630611419678, -1.8586342334747314, -1.585737943649292, -1.3994213342666626, -1.382384181022644, -1.3822615146636963, -1.5788626670837402, -1.6703091859817505, -1.5993034839630127, -1.6575202941894531, -1.503485083580017, -1.1346123218536377, -1.16779363155365, -1.383029818534851, -1.4743294715881348]","[-0.3882178068161011, -0.4075324833393097, -0.3425268530845642, -0.30518603324890137, -0.08868809044361115, 0.08700999617576599, 0.02367236465215683, 0.0331992506980896, 0.1828363835811615, 0.27007266879081726, 0.35077720880508423, 0.42178621888160706, 0.4191424250602722, 0.5487340688705444, 0.7028827667236328]","[1.6578609943389893, 1.8706601858139038, 1.5226777791976929, 1.2911274433135986, 0.8937204480171204, 0.6040878891944885, 0.9451712369918823, 0.9726809859275818, 0.658827006816864, 0.7265216112136841, 0.4733988046646118, 0.0917862057685852, 0.3674280345439911, 0.3003387153148651, -0.09216456860303879]","[-0.08188122510910034, -0.22360996901988983, -0.3059098422527313, -0.30958807468414307, -0.496582955121994, -0.7352555394172668, -0.8255366086959839, -1.0277597904205322, -1.3287363052368164, -1.4015668630599976, -1.3377256393432617, -1.26847243309021, -1.1077773571014404, -0.9925516247749329, -0.9609203934669495]","[0.7700589895248413, 0.6442379951477051, 0.25679975748062134, -0.0008121517603285611, 0.10969438403844833, 0.15806777775287628, 0.15564121305942535, 0.36383259296417236, 0.6472296714782715, 0.7757361531257629, 0.739177405834198, 0.7063392400741577, 0.7946737408638, 0.8053213357925415, 0.7692310810089111]","[-0.5417385697364807, -0.4595276415348053, -0.4686027765274048, -0.5161831974983215, -0.8459596037864685, -1.0764294862747192, -0.859915554523468, -0.5693255662918091, -0.3453543484210968, -0.0803489089012146, -0.04296056553721428, -0.2717530131340027, -0.5344563126564026, -0.8948531746864319, -1.1291760206222534]","[-0.4794446527957916, -0.4708797037601471, -0.27124956250190735, 0.6753828525543213, 1.4325987100601196, 1.5796334743499756, 1.5129947662353516, 0.9735221266746521, 0.2851113975048065, 0.1935776025056839, 0.15554998815059662, -0.2416258603334427, -0.4173249900341034, -0.5147861242294312, -0.7496530413627625]",15
5980,132,4,15,4,4,0.52718616,39.667877,2.036739,0.741195487901325345,1875.05743,"[1.5307759046554565, 1.0384241342544556, 0.7975375056266785, 0.751499593257904, 0.6406710743904114, 0.6201969981193542, 0.7617689967155457, 0.9451192021369934, 1.068024754524231, 1.1581857204437256, 1.424354910850525, 1.7730541229248047, 1.7887800931930542, 1.5139408111572266, 1.3425384759902954]","[-0.65277099609375, -0.6636718511581421, -0.6056665182113647, -0.5628166794776917, -0.5717391967773438, -0.49223729968070984, -0.4293111562728882, -0.5167853832244873, -0.626141369342804, -0.7386043071746826, -0.978132963180542, -1.3099099397659302, -1.4712766408920288, -1.2551581859588623, -0.9694844484329224]","[-1.3733245134353638, -0.9254182577133179, -0.9788180589675903, -1.1177469491958618, -0.9185304641723633, -0.9223265647888184, -1.0420600175857544, -0.9390543699264526, -0.7892200946807861, -0.5772057175636292, -0.14108175039291382, 0.39254018664360046, 0.746192991733551, 0.5991144180297852, 0.3508211374282837]","[1.607067584991455, 1.4257001876831055, 1.4723455905914307, 1.4759601354599, 1.4804246425628662, 1.6156785488128662, 1.8522807359695435, 2.081653594970703, 2.1775777339935303, 2.176879405975342, 1.8764837980270386, 1.430681586265564, 1.3567579984664917, 1.4145017862319946, 1.259372591972351]","[-0.44128865003585815, -0.06225913017988205, 0.03135371580719948, 0.07932151854038239, 0.1591239720582962, -0.05139126256108284, -0.44597581028938293, -0.7723275423049927, -0.993944525718689, -0.985909104347229, -0.8185872435569763, -0.779980480670929, -0.8909130692481995, -0.9997997879981995, -0.9983416795730591]","[0.8589747548103333, 1.0415884256362915, 0.8920590877532959, 0.5572066903114319, 0.4485973119735718, 0.6061121225357056, 0.7038990259170532, 0.6513240933418274, 0.5644969344139099, 0.4329566955566406, 0.20576100051403046, 0.09489032626152039, 0.21584084630012512, 0.3024049997329712, 0.3229736089706421]","[-0.01971595175564289, -0.6419910788536072, -0.9617656469345093, -1.036539077758789, -1.3383259773254395, -1.6020028591156006, -1.5304135084152222, -1.3745265007019043, -1.3296229839324951, -1.3072901964187622, -1.3018789291381836, -1.455707311630249, -1.6589373350143433, -1.5648523569107056, -1.439307451248169]","[-1.682124376296997, -1.4367748498916626, -1.3545414209365845, -1.4101593494415283, -1.4296680688858032, -1.3812040090560913, -1.5037118196487427, -1.5696707963943481, -1.2161085605621338, -0.7283108234405518, -0.39066892862319946, -0.19969789683818817, -0.19156838953495026, -0.2552671730518341, -0.2077520787715912]","[0.2286064326763153, 0.18223872780799866, 0.34842178225517273, 0.6066080331802368, 0.7799615859985352, 0.8919888138771057, 1.0250940322875977, 1.0666208267211914, 0.9191585183143616, 0.7500694990158081, 0.6986191272735596, 0.7185980081558228, 0.7629662156105042, 0.8678721785545349, 1.038374662399292]","[0.4653870165348053, 0.48623374104499817, 0.6193206310272217, 0.8794515132904053, 1.1416172981262207, 1.291017770767212, 1.455735683441162, 1.6311722993850708, 1.6044174432754517, 1.350046157836914, 1.071412205696106, 0.9206488728523254, 0.8025525808334351, 0.5457124710083008, 0.25348684191703796]","[1.1805899143218994, 1.3867309093475342, 1.3267768621444702, 1.0724284648895264, 0.9840296506881714, 1.0308163166046143, 0.8550453782081604, 0.5350285172462463, 0.46873903274536133, 0.5980430245399475, 0.5967468619346619, 0.45219701528549194, 0.30188924074172974, 0.12884382903575897, -0.026468578726053238]","[1.7525198459625244, 1.5242879390716553, 1.258675217628479, 1.0017242431640625, 0.5191307067871094, 0.05886099487543106, -0.244050070643425, -0.4720153212547302, -0.6639652252197266, -0.8485541343688965, -0.9721695780754089, -1.0878177881240845, -1.2006607055664062, -0.9629086256027222, -0.5790179371833801]",15
6204,137,8,15,4,4,0.80480266,39.612812,1.8788426,0.740723358685788535,1868.9832,"[0.6390649080276489, 0.6561200022697449, 0.6929981112480164, 0.662530779838562, 0.5813067555427551, 0.5244227647781372, 0.5458545088768005, 0.6603883504867554, 0.8253481984138489, 0.995045006275177, 1.240152359008789, 1.4830883741378784, 1.4909147024154663, 1.3403502702713013, 1.3228483200073242]","[0.23680688440799713, -0.027157803997397423, 0.026240263134241104, -0.025288265198469162, -0.30275899171829224, -0.2789230942726135, -0.08946838974952698, -0.31635206937789917, -0.6207071542739868, -0.5958980321884155, -0.8455229997634888, -1.3639850616455078, -1.2741323709487915, -0.9296043515205383, -1.272116780281067]","[-2.2689898014068604, -2.074821949005127, -2.1594324111938477, -1.9330374002456665, -1.3254468441009521, -1.2507888078689575, -1.4832323789596558, -1.1327991485595703, -0.6165391206741333, -0.5321120619773865, -0.14984574913978577, 0.5330403447151184, 0.39974477887153625, -0.0993695855140686, 0.3228546380996704]","[0.7830896377563477, 1.4031156301498413, 1.505014419555664, 1.0443111658096313, 0.8488718867301941, 1.0771002769470215, 1.2583868503570557, 1.2896430492401123, 1.1318215131759644, 0.7335166931152344, 0.3788898289203644, 0.2582085430622101, 0.15347690880298615, 0.17886580526828766, 0.5831944346427917]","[0.26619386672973633, -0.1613486260175705, -0.49747827649116516, -0.27227848768234253, 0.14862492680549622, 0.015790127217769623, -0.32754990458488464, -0.15294039249420166, 0.15998196601867676, 0.10091701149940491, 0.009383746422827244, -0.012582858093082905, -0.28968316316604614, -0.5448122620582581, -0.39778608083724976]","[0.5077571272850037, 0.8762495517730713, 0.9655385613441467, 0.7926726937294006, 0.6793433427810669, 0.6337659955024719, 0.572628378868103, 0.5510203838348389, 0.46164408326148987, 0.2624143660068512, 0.22719033062458038, 0.3310009241104126, 0.2821379005908966, 0.20678773522377014, 0.4042493999004364]","[-0.5972923636436462, -0.8208231329917908, -0.9448413252830505, -1.259946346282959, -1.717318058013916, -1.7710580825805664, -1.620234727859497, -1.8760018348693848, -2.2354602813720703, -2.1444036960601807, -2.0606603622436523, -2.3267290592193604, -2.317948579788208, -2.055788516998291, -2.1297309398651123]","[-0.6755180358886719, -1.3616033792495728, -1.759519338607788, -1.4598422050476074, -1.0472410917282104, -1.0042593479156494, -1.0061020851135254, -0.7344330549240112, -0.2605192959308624, 0.12321538478136063, 0.21001529693603516, 0.21007020771503448, 0.31173816323280334, 0.3972421884536743, 0.32212868332862854]","[0.3004516065120697, 0.7036153078079224, 1.1938703060150146, 1.2804203033447266, 1.056526780128479, 1.0695334672927856, 1.170723795890808, 0.9486969113349915, 0.6573385000228882, 0.6014708280563354, 0.5508729219436646, 0.45173460245132446, 0.6337175965309143, 0.870647668838501, 0.7116453051567078]","[0.15577490627765656, 0.17797139286994934, 0.04902896657586098, 0.02646220102906227, 0.24876922369003296, 0.48633989691734314, 0.6994801759719849, 0.9555085301399231, 1.029955506324768, 0.8545575737953186, 0.7518604397773743, 0.6744515895843506, 0.29961925745010376, -0.18299582600593567, -0.3010212182998657]","[0.7776613831520081, 0.7705349326133728, 0.6265003681182861, 0.5033138394355774, 0.4969080984592438, 0.42752310633659363, 0.21229827404022217, 0.14182503521442413, 0.4368286728858948, 0.7126006484031677, 0.6488194465637207, 0.4272564649581909, 0.325585275888443, 0.3734259307384491, 0.3456931710243225]","[0.47656697034835815, 0.3883001506328583, 0.35831308364868164, 0.2764946222305298, -0.01911434344947338, -0.23801666498184204, -0.30268463492393494, -0.5553440451622009, -0.9749035239219666, -1.2128669023513794, -1.3111653327941895, -1.3247026205062866, -1.097346544265747, -0.7373124361038208, -0.5401808619499207]",15
3147,69,0,15,2,2,0.28392148,39.501095,1.5185018,0.844835825686406094,1857.9949,"[-0.137844979763031, 0.23701365292072296, -0.1136101707816124, -0.07635082304477692, -0.07027983665466309, -0.25076407194137573, -0.12160322815179825, -0.14847417175769806, -0.3497905731201172, -0.2594389021396637, -0.26321831345558167, -0.5255128741264343, -0.7539913654327393, -1.0752029418945312, -1.2622712850570679]","[1.384386420249939, 1.2963279485702515, 1.0709624290466309, 0.8573017120361328, 0.7748923897743225, 0.7610923647880554, 0.8491342663764954, 0.7844364047050476, 0.7274659276008606, 0.8853456974029541, 0.9497810006141663, 0.9696776270866394, 1.1526708602905273, 1.2726688385009766, 1.3137931823730469]","[-0.3470449447631836, -0.6281955242156982, -0.5144270062446594, -0.5412279367446899, -0.5989471673965454, -0.7186191082000732, -0.9613966345787048, -0.8909343481063843, -0.7323037385940552, -0.8861688375473022, -0.9218372702598572, -0.7705227732658386, -0.6436808109283447, -0.38383880257606506, -0.25191375613212585]","[-1.7345269918441772, -1.6026723384857178, -1.025734305381775, -1.3237656354904175, -1.3643280267715454, -0.7211287021636963, -0.8611795902252197, -1.0446220636367798, -0.6897882223129272, -0.5827394723892212, -0.4816708564758301, -0.31723761558532715, -0.5012595057487488, -0.3468000292778015, 0.041907887905836105]","[1.5247697830200195, 1.1964646577835083, 1.0450109243392944, 0.769091010093689, 0.6935315132141113, 0.6314415335655212, 0.4118900001049042, 0.6138045787811279, 0.9277069568634033, 0.8275817632675171, 0.9181897044181824, 1.2702523469924927, 1.4580241441726685, 1.807006597518921, 2.2532472610473633]","[-1.8730058670043945, -1.6756306886672974, -1.3692381381988525, -1.060926914215088, -0.9770644903182983, -1.0149753093719482, -1.3834176063537598, -1.615887999534607, -1.581684947013855, -1.6178061962127686, -1.6070181131362915, -1.6241230964660645, -1.8138041496276855, -1.8689080476760864, -1.8940973281860352]","[-1.1160656213760376, -0.8960739970207214, -0.47862333059310913, -0.7199815511703491, -0.49723851680755615, 0.2900505065917969, 0.5206465721130371, 0.5092502236366272, 0.6940124034881592, 0.7945843935012817, 0.9843022227287292, 1.189180850982666, 1.0980778932571411, 1.0720762014389038, 1.2057682275772095]","[0.8674107789993286, 0.539503276348114, 0.14486102759838104, 0.2915380597114563, 0.22405260801315308, -0.10664649307727814, 0.20031268894672394, 0.47175806760787964, 0.30698439478874207, 0.2048402577638626, 0.029662292450666428, -0.17585980892181396, -0.02521972730755806, 0.02845907211303711, -0.06715761870145798]","[0.3349147439002991, 0.3451421856880188, 0.24573656916618347, 0.44487911462783813, 0.3619493246078491, -0.029791075736284256, -0.22946330904960632, -0.550375759601593, -0.8670493960380554, -0.8015295267105103, -0.794980525970459, -1.0226037502288818, -1.1717000007629395, -1.2960504293441772, -1.2411779165267944]","[1.4818376302719116, 1.0044440031051636, 0.8690001964569092, 0.5850375294685364, 0.49971333146095276, 0.6060826778411865, 0.5116475224494934, 0.16032861173152924, -0.24375738203525543, -0.5800055265426636, -0.651863694190979, -0.30640915036201477, 0.14138340950012207, 0.3568194508552551, 0.5722234845161438]","[-1.2144454717636108, -1.080100417137146, -1.1039726734161377, -1.259215235710144, -1.5005251169204712, -1.6440435647964478, -1.5612242221832275, -1.2685675621032715, -1.0239864587783813, -1.057506799697876, -1.2206026315689087, -1.1762030124664307, -0.9199848771095276, -0.7994438409805298, -1.107224464416504]","[-1.688822627067566, -1.2032805681228638, -1.2404330968856812, -1.0271341800689697, -0.904639720916748, -1.0029023885726929, -0.8108658194541931, -0.4755029082298279, -0.047997571527957916, 0.5510740280151367, 0.67909836769104, 0.302545428276062, 0.13672976195812225, 0.14249320328235626, -0.09073635935783386]",15
2827,62,6,15,2,2,0.09870291,39.43401,1.476481,0.941289755410617524,1853.6195,"[-1.2525086402893066, -1.0944850444793701, -0.8384557366371155, -0.6439846754074097, -0.5550221800804138, -0.6430140137672424, -0.8481334447860718, -0.9855379462242126, -1.0101244449615479, -1.0052807331085205, -0.930669367313385, -0.7937772870063782, -0.7994161248207092, -0.9252261519432068, -0.9996159672737122]","[-0.08038445562124252, -0.05743151530623436, -0.08911874890327454, -0.19066041707992554, -0.22934934496879578, -0.14476563036441803, -0.013657147996127605, 0.07324962317943573, 0.08015338331460953, 0.047243379056453705, 0.04238789901137352, 0.04609976336359978, -0.007824944332242012, 0.01911078207194805, 0.21555949747562408]","[-0.3843700885772705, -0.47325509786605835, -0.5519530177116394, -0.5388554334640503, -0.517633855342865, -0.5403271317481995, -0.5721740126609802, -0.6033326983451843, -0.5835385918617249, -0.5220136642456055, -0.5043889880180359, -0.484250009059906, -0.3200552463531494, -0.2138807326555252, -0.37607988715171814]","[-0.8407621383666992, -0.8917790651321411, -0.9665032625198364, -0.878301739692688, -0.7799991965293884, -0.6677741408348083, -0.46654295921325684, -0.33594977855682373, -0.23502889275550842, -0.06406918168067932, -0.060266848653554916, -0.17531591653823853, -0.04140474647283554, 0.076484814286232, -0.2064950317144394]","[0.0951843187212944, -0.04569298401474953, -0.24083976447582245, -0.41658955812454224, -0.5949277877807617, -0.7268083691596985, -0.7288606762886047, -0.6378140449523926, -0.4855300486087799, -0.28689923882484436, -0.21065209805965424, -0.2302912175655365, -0.13378004729747772, -0.04141112044453621, -0.07964874058961868]","[-1.2460798025131226, -1.2230665683746338, -1.1506576538085938, -0.8761546015739441, -0.7323654294013977, -0.8337094187736511, -0.9709168672561646, -1.0124657154083252, -0.9329354763031006, -0.785463809967041, -0.770828127861023, -0.8046303391456604, -0.6353941559791565, -0.5417680740356445, -0.7925525307655334]","[-0.04742350056767464, 0.017439916729927063, 0.2187037318944931, 0.48336276412010193, 0.7128196358680725, 0.9725246429443359, 1.3056387901306152, 1.562118411064148, 1.6691532135009766, 1.680411458015442, 1.6403168439865112, 1.55491304397583, 1.4758849143981934, 1.5075212717056274, 1.5447912216186523]","[0.7025872468948364, 0.6884544491767883, 0.6304256916046143, 0.27570226788520813, -0.07847175747156143, -0.3167109191417694, -0.5111744403839111, -0.646364152431488, -0.8013588190078735, -1.0199387073516846, -0.9729905128479004, -0.7252666354179382, -0.8234618306159973, -0.9209882020950317, -0.6125238537788391]","[0.4184240400791168, 0.44840967655181885, 0.4415012300014496, 0.42215925455093384, 0.44727033376693726, 0.37747108936309814, 0.11951620876789093, -0.12658990919589996, -0.26132357120513916, -0.3808303773403168, -0.4997974932193756, -0.648618757724762, -0.9017700552940369, -1.0444170236587524, -0.8910072445869446]","[-0.08712396770715714, -0.3169625997543335, -0.4539611041545868, -0.4625304639339447, -0.38583481311798096, -0.3041025996208191, -0.2650316655635834, -0.28701189160346985, -0.3111109733581543, -0.23797519505023956, -0.07774890214204788, 0.10541783273220062, 0.2443753033876419, 0.25907182693481445, 0.23464569449424744]","[-0.3206011652946472, -0.26134806871414185, -0.4547595679759979, -0.7401168346405029, -0.9496657848358154, -0.9986134767532349, -0.9313933849334717, -0.8597518801689148, -0.8082897663116455, -0.747024416923523, -0.6782571077346802, -0.5599257946014404, -0.3737984001636505, -0.18135716021060944, -0.13626296818256378]","[-0.4006204605102539, -0.15730178356170654, 0.19581818580627441, 0.4593987464904785, 0.717490553855896, 0.9951505661010742, 1.150040864944458, 1.1714704036712646, 1.100675106048584, 0.9811704754829407, 0.9480811357498169, 0.9169200658798218, 0.7362893223762512, 0.4979850947856903, 0.37199634313583374]",15
2826,62,7,15,2,2,0.10732317,39.28052,1.425822,0.843999093469814277,1850.38464,"[-1.0944850444793701, -0.8384557366371155, -0.6439846754074097, -0.5550221800804138, -0.6430140137672424, -0.8481334447860718, -0.9855379462242126, -1.0101244449615479, -1.0052807331085205, -0.930669367313385, -0.7937772870063782, -0.7994161248207092, -0.9252261519432068, -0.9996159672737122, -1.0780375003814697]","[-0.05743151530623436, -0.08911874890327454, -0.19066041707992554, -0.22934934496879578, -0.14476563036441803, -0.013657147996127605, 0.07324962317943573, 0.08015338331460953, 0.047243379056453705, 0.04238789901137352, 0.04609976336359978, -0.007824944332242012, 0.01911078207194805, 0.21555949747562408, 0.34084683656692505]","[-0.47325509786605835, -0.5519530177116394, -0.5388554334640503, -0.517633855342865, -0.5403271317481995, -0.5721740126609802, -0.6033326983451843, -0.5835385918617249, -0.5220136642456055, -0.5043889880180359, -0.484250009059906, -0.3200552463531494, -0.2138807326555252, -0.37607988715171814, -0.47478899359703064]","[-0.8917790651321411, -0.9665032625198364, -0.878301739692688, -0.7799991965293884, -0.6677741408348083, -0.46654295921325684, -0.33594977855682373, -0.23502889275550842, -0.06406918168067932, -0.060266848653554916, -0.17531591653823853, -0.04140474647283554, 0.076484814286232, -0.2064950317144394, -0.322206050157547]","[-0.04569298401474953, -0.24083976447582245, -0.41658955812454224, -0.5949277877807617, -0.7268083691596985, -0.7288606762886047, -0.6378140449523926, -0.4855300486087799, -0.28689923882484436, -0.21065209805965424, -0.2302912175655365, -0.13378004729747772, -0.04141112044453621, -0.07964874058961868, 0.031980760395526886]","[-1.2230665683746338, -1.1506576538085938, -0.8761546015739441, -0.7323654294013977, -0.8337094187736511, -0.9709168672561646, -1.0124657154083252, -0.9329354763031006, -0.785463809967041, -0.770828127861023, -0.8046303391456604, -0.6353941559791565, -0.5417680740356445, -0.7925525307655334, -0.8863462805747986]","[0.017439916729927063, 0.2187037318944931, 0.48336276412010193, 0.7128196358680725, 0.9725246429443359, 1.3056387901306152, 1.562118411064148, 1.6691532135009766, 1.680411458015442, 1.6403168439865112, 1.55491304397583, 1.4758849143981934, 1.5075212717056274, 1.5447912216186523, 1.4739974737167358]","[0.6884544491767883, 0.6304256916046143, 0.27570226788520813, -0.07847175747156143, -0.3167109191417694, -0.5111744403839111, -0.646364152431488, -0.8013588190078735, -1.0199387073516846, -0.9729905128479004, -0.7252666354179382, -0.8234618306159973, -0.9209882020950317, -0.6125238537788391, -0.6090239882469177]","[0.44840967655181885, 0.4415012300014496, 0.42215925455093384, 0.44727033376693726, 0.37747108936309814, 0.11951620876789093, -0.12658990919589996, -0.26132357120513916, -0.3808303773403168, -0.4997974932193756, -0.648618757724762, -0.9017700552940369, -1.0444170236587524, -0.8910072445869446, -0.7863747477531433]","[-0.3169625997543335, -0.4539611041545868, -0.4625304639339447, -0.38583481311798096, -0.3041025996208191, -0.2650316655635834, -0.28701189160346985, -0.3111109733581543, -0.23797519505023956, -0.07774890214204788, 0.10541783273220062, 0.2443753033876419, 0.25907182693481445, 0.23464569449424744, 0.31170961260795593]","[-0.26134806871414185, -0.4547595679759979, -0.7401168346405029, -0.9496657848358154, -0.9986134767532349, -0.9313933849334717, -0.8597518801689148, -0.8082897663116455, -0.747024416923523, -0.6782571077346802, -0.5599257946014404, -0.3737984001636505, -0.18135716021060944, -0.13626296818256378, -0.07190486043691635]","[-0.15730178356170654, 0.19581818580627441, 0.4593987464904785, 0.717490553855896, 0.9951505661010742, 1.150040864944458, 1.1714704036712646, 1.100675106048584, 0.9811704754829407, 0.9480811357498169, 0.9169200658798218, 0.7362893223762512, 0.4979850947856903, 0.37199634313583374, 0.14320455491542816]",15
2832,62,8,15,2,2,0.06001973,39.271095,1.4050977,0.742649086879632714,1848.89935,"[-0.8384557366371155, -0.6439846754074097, -0.5550221800804138, -0.6430140137672424, -0.8481334447860718, -0.9855379462242126, -1.0101244449615479, -1.0052807331085205, -0.930669367313385, -0.7937772870063782, -0.7994161248207092, -0.9252261519432068, -0.9996159672737122, -1.0780375003814697, -1.2636418342590332]","[-0.08911874890327454, -0.19066041707992554, -0.22934934496879578, -0.14476563036441803, -0.013657147996127605, 0.07324962317943573, 0.08015338331460953, 0.047243379056453705, 0.04238789901137352, 0.04609976336359978, -0.007824944332242012, 0.01911078207194805, 0.21555949747562408, 0.34084683656692505, 0.2867928147315979]","[-0.5519530177116394, -0.5388554334640503, -0.517633855342865, -0.5403271317481995, -0.5721740126609802, -0.6033326983451843, -0.5835385918617249, -0.5220136642456055, -0.5043889880180359, -0.484250009059906, -0.3200552463531494, -0.2138807326555252, -0.37607988715171814, -0.47478899359703064, -0.23494920134544373]","[-0.9665032625198364, -0.878301739692688, -0.7799991965293884, -0.6677741408348083, -0.46654295921325684, -0.33594977855682373, -0.23502889275550842, -0.06406918168067932, -0.060266848653554916, -0.17531591653823853, -0.04140474647283554, 0.076484814286232, -0.2064950317144394, -0.322206050157547, 0.0551178976893425]","[-0.24083976447582245, -0.41658955812454224, -0.5949277877807617, -0.7268083691596985, -0.7288606762886047, -0.6378140449523926, -0.4855300486087799, -0.28689923882484436, -0.21065209805965424, -0.2302912175655365, -0.13378004729747772, -0.04141112044453621, -0.07964874058961868, 0.031980760395526886, 0.2814297378063202]","[-1.1506576538085938, -0.8761546015739441, -0.7323654294013977, -0.8337094187736511, -0.9709168672561646, -1.0124657154083252, -0.9329354763031006, -0.785463809967041, -0.770828127861023, -0.8046303391456604, -0.6353941559791565, -0.5417680740356445, -0.7925525307655334, -0.8863462805747986, -0.46860167384147644]","[0.2187037318944931, 0.48336276412010193, 0.7128196358680725, 0.9725246429443359, 1.3056387901306152, 1.562118411064148, 1.6691532135009766, 1.680411458015442, 1.6403168439865112, 1.55491304397583, 1.4758849143981934, 1.5075212717056274, 1.5447912216186523, 1.4739974737167358, 1.413645625114441]","[0.6304256916046143, 0.27570226788520813, -0.07847175747156143, -0.3167109191417694, -0.5111744403839111, -0.646364152431488, -0.8013588190078735, -1.0199387073516846, -0.9729905128479004, -0.7252666354179382, -0.8234618306159973, -0.9209882020950317, -0.6125238537788391, -0.6090239882469177, -1.288866400718689]","[0.4415012300014496, 0.42215925455093384, 0.44727033376693726, 0.37747108936309814, 0.11951620876789093, -0.12658990919589996, -0.26132357120513916, -0.3808303773403168, -0.4997974932193756, -0.648618757724762, -0.9017700552940369, -1.0444170236587524, -0.8910072445869446, -0.7863747477531433, -0.9763974547386169]","[-0.4539611041545868, -0.4625304639339447, -0.38583481311798096, -0.3041025996208191, -0.2650316655635834, -0.28701189160346985, -0.3111109733581543, -0.23797519505023956, -0.07774890214204788, 0.10541783273220062, 0.2443753033876419, 0.25907182693481445, 0.23464569449424744, 0.31170961260795593, 0.47018173336982727]","[-0.4547595679759979, -0.7401168346405029, -0.9496657848358154, -0.9986134767532349, -0.9313933849334717, -0.8597518801689148, -0.8082897663116455, -0.747024416923523, -0.6782571077346802, -0.5599257946014404, -0.3737984001636505, -0.18135716021060944, -0.13626296818256378, -0.07190486043691635, 0.10296009480953217]","[0.19581818580627441, 0.4593987464904785, 0.717490553855896, 0.9951505661010742, 1.150040864944458, 1.1714704036712646, 1.100675106048584, 0.9811704754829407, 0.9480811357498169, 0.9169200658798218, 0.7362893223762512, 0.4979850947856903, 0.37199634313583374, 0.14320455491542816, -0.24707543849945068]",15
8952,198,6,15,6,6,0.3814714,38.865543,1.614497,0.943426738572508117,1847.45917,"[0.7577559351921082, 0.56302410364151, 0.06497950106859207, -0.05528011545538902, -0.23593924939632416, -0.5393528342247009, -0.5215616226196289, -0.4735456705093384, -0.4292626976966858, -0.1842481791973114, -0.19549362361431122, -0.3730517327785492, -0.26576292514801025, -0.38563448190689087, -0.6933117508888245]","[0.7102178335189819, 1.0728363990783691, 1.6233389377593994, 1.9481028318405151, 1.9100857973098755, 1.6930887699127197, 1.5294268131256104, 1.4592148065567017, 1.3742588758468628, 1.3077375888824463, 1.314611792564392, 1.2748900651931763, 1.2252891063690186, 1.3089290857315063, 1.3789575099945068]","[-1.180965542793274, -1.3101832866668701, -1.5616810321807861, -1.8173195123672485, -1.8528754711151123, -1.7582764625549316, -1.6730549335479736, -1.736794114112854, -1.907485008239746, -2.007840633392334, -1.9890177249908447, -1.9714646339416504, -1.95926833152771, -1.9354196786880493, -1.9210808277130127]","[-0.5968972444534302, -0.6417823433876038, -0.7316476106643677, -1.1941933631896973, -1.156121850013733, -0.6878863573074341, -0.6895752549171448, -0.6406208276748657, -0.34746670722961426, -0.4952544867992401, -0.494010865688324, -0.09209499508142471, 0.003615219844505191, 0.2640158534049988, 0.6082377433776855]","[0.8434990644454956, 0.9599860906600952, 1.6344460248947144, 1.8228029012680054, 1.6724481582641602, 1.5065995454788208, 1.1509095430374146, 1.1758148670196533, 1.6029667854309082, 1.5886518955230713, 1.399566888809204, 1.4241390228271484, 1.234716534614563, 1.2900327444076538, 1.5258550643920898]","[0.5690156817436218, 0.26318877935409546, 0.0573020800948143, -0.06061926856637001, 0.18648824095726013, 0.5687174797058105, 0.8208942413330078, 0.8729385733604431, 0.5371276140213013, 0.2985136806964874, 0.6898200511932373, 0.9362173676490784, 0.6515637636184692, 0.5268365144729614, 0.5149480700492859]","[0.2341364622116089, 0.4199431240558624, 0.6127283573150635, 0.7042185664176941, 0.7319720387458801, 0.5631482005119324, 0.3589493930339813, 0.5023684501647949, 0.8321064114570618, 0.9482775330543518, 0.8942127227783203, 0.7471650242805481, 0.4897885024547577, 0.43112412095069885, 0.6086064577102661]","[-1.4602223634719849, -1.3897429704666138, -1.2728874683380127, -0.878698468208313, -0.8588818907737732, -1.0924261808395386, -1.1552244424819946, -1.4632720947265625, -1.6633390188217163, -1.4607369899749756, -1.6020870208740234, -1.8113383054733276, -1.6065351963043213, -1.6817212104797363, -1.7934508323669434]","[1.2666034698486328, 1.298939824104309, 0.9498746395111084, 0.5920689105987549, 0.4995609521865845, 0.7490206956863403, 1.160638689994812, 1.4024978876113892, 1.3569862842559814, 1.2519391775131226, 1.3041284084320068, 1.5622501373291016, 1.912095546722412, 2.0161805152893066, 1.7990152835845947]","[1.8691195249557495, 1.539318561553955, 1.531248927116394, 2.044069528579712, 1.718375325202942, 0.6745702028274536, 0.252453476190567, 0.09526702016592026, 0.04435231536626816, 0.3389052748680115, 0.06478530168533325, -0.3716627359390259, -0.07233764231204987, -0.1763557642698288, -0.4123314917087555]","[-1.9583547115325928, -1.8461072444915771, -1.553578495979309, -1.475228190422058, -1.2051477432250977, -0.7991923689842224, -0.891221284866333, -1.2208832502365112, -1.426169753074646, -1.4549466371536255, -1.0232348442077637, -0.757519006729126, -1.1005243062973022, -0.8871506452560425, -0.5495898723602295]","[-0.64710533618927, -0.6087607741355896, -0.8042992949485779, -1.3132857084274292, -1.135087013244629, -0.5472190380096436, -0.27521198987960815, -0.049747154116630554, 0.14561539888381958, 0.061737749725580215, 0.054250869899988174, 0.0814666822552681, -0.07353195548057556, 0.030352303758263588, 0.2539025843143463]",15
3052,67,5,15,2,2,0.0602417,38.59436,1.7335279,0.742294369983994873,1845.0402,"[-1.3133714199066162, -1.3704174757003784, -1.2925055027008057, -1.1487207412719727, -0.9986127614974976, -0.803128719329834, -0.644253134727478, -0.5928279161453247, -0.565635085105896, -0.5287315249443054, -0.5353829264640808, -0.541671872138977, -0.5193040370941162, -0.540649950504303, -0.5484596490859985]","[0.3276351988315582, 0.24322941899299622, 0.22927364706993103, 0.2275957465171814, 0.20906397700309753, 0.23824366927146912, 0.31739261746406555, 0.378147155046463, 0.39132246375083923, 0.38908374309539795, 0.43856269121170044, 0.5743313431739807, 0.7041880488395691, 0.6959912776947021, 0.6141087412834167]","[-0.3428735136985779, -0.33385223150253296, -0.3624948263168335, -0.43309202790260315, -0.4839918315410614, -0.493836909532547, -0.4987919330596924, -0.5227991342544556, -0.5803095698356628, -0.6491529941558838, -0.7275124192237854, -0.8101071119308472, -0.86972576379776, -0.8702702522277832, -0.8905675411224365]","[-1.5507665872573853, -1.4499338865280151, -1.5283210277557373, -1.5998417139053345, -1.555760145187378, -1.568670392036438, -1.5654363632202148, -1.368604063987732, -1.2350281476974487, -1.2374436855316162, -1.179609775543213, -1.1097099781036377, -1.0042070150375366, -0.6582274436950684, -0.45798569917678833]","[1.1553338766098022, 1.2076958417892456, 1.172836184501648, 1.188970923423767, 1.2768115997314453, 1.2152570486068726, 1.0743441581726074, 1.0348474979400635, 1.0428951978683472, 1.1548503637313843, 1.4157063961029053, 1.5311330556869507, 1.5217516422271729, 1.5618222951889038, 1.5174167156219482]","[-2.4292099475860596, -2.3427441120147705, -2.3867759704589844, -2.3840889930725098, -2.283109188079834, -2.183577299118042, -2.100257396697998, -1.978616714477539, -1.8731584548950195, -1.8500196933746338, -1.8636963367462158, -1.9395278692245483, -2.0078837871551514, -1.9094427824020386, -1.7787837982177734]","[-0.05986807867884636, 0.07136914134025574, 0.14685112237930298, 0.19908133149147034, 0.2524891793727875, 0.33234575390815735, 0.4279654026031494, 0.5257046222686768, 0.6320858001708984, 0.7825549244880676, 0.9375685453414917, 1.0147217512130737, 1.014760136604309, 0.9952048659324646, 1.0088911056518555]","[1.6887441873550415, 1.5752910375595093, 1.626833200454712, 1.6985993385314941, 1.6398179531097412, 1.6194795370101929, 1.5609691143035889, 1.3911932706832886, 1.3106520175933838, 1.2990254163742065, 1.174582600593567, 1.0463182926177979, 0.9438942670822144, 0.6737022995948792, 0.5323003530502319]","[-0.4958398938179016, -0.6492971181869507, -0.7473655343055725, -0.8513234257698059, -1.0591527223587036, -1.2482513189315796, -1.3388983011245728, -1.384505271911621, -1.4042479991912842, -1.465192437171936, -1.5688666105270386, -1.529858946800232, -1.3784279823303223, -1.3844265937805176, -1.4296770095825195]","[1.18612539768219, 1.1701617240905762, 0.974714994430542, 0.6866211295127869, 0.45000216364860535, 0.349617063999176, 0.2802940011024475, 0.11906276643276215, -0.11922819912433624, -0.2648523449897766, -0.16421881318092346, 0.06943874806165695, 0.25198134779930115, 0.3437543511390686, 0.36373889446258545]","[-1.7171869277954102, -1.6205506324768066, -1.5869189500808716, -1.6550370454788208, -1.61049485206604, -1.360376238822937, -1.0185974836349487, -0.7935935854911804, -0.8151084780693054, -1.0286319255828857, -1.3003103733062744, -1.5174401998519897, -1.5288861989974976, -1.4529258012771606, -1.378507375717163]","[-0.7018280625343323, -0.8189693689346313, -0.7293799519538879, -0.46601229906082153, -0.23794396221637726, -0.016777509823441505, 0.2515260875225067, 0.5310288071632385, 0.752933144569397, 0.826053261756897, 0.7411298751831055, 0.6817799210548401, 0.6759858727455139, 0.598179280757904, 0.43452221155166626]",15
5618,124,0,15,4,4,0.63035846,38.372498,1.7520812,0.840822641302035567,1840.4237,"[0.8952842354774475, 0.6540059447288513, 0.5792835354804993, 0.40972644090652466, 0.2853718101978302, 0.2282816469669342, 0.21696770191192627, 0.2553512752056122, 0.33417144417762756, 0.4048130512237549, 0.4537561535835266, 0.5279363989830017, 0.6883993148803711, 0.8882619142532349, 0.9877721667289734]","[-0.5531613826751709, -0.4999741315841675, -0.5620260238647461, -0.8065814971923828, -0.7327282428741455, -0.4859194755554199, -0.3772420287132263, -0.4450558125972748, -0.4480319917201996, -0.29942649602890015, -0.17678630352020264, -0.28251728415489197, -0.5611494183540344, -0.7770642638206482, -0.7801724076271057]","[-2.7368268966674805, -2.5985512733459473, -2.4424400329589844, -1.9802078008651733, -1.8295068740844727, -2.054360866546631, -2.1561472415924072, -2.008110284805298, -1.9525970220565796, -2.165374994277954, -2.312469005584717, -2.0711889266967773, -1.5465160608291626, -1.2239083051681519, -1.256724238395691]","[2.6501142978668213, 2.4941864013671875, 2.2714226245880127, 2.2489256858825684, 2.145484209060669, 1.889592170715332, 1.8666050434112549, 2.0103437900543213, 2.0650415420532227, 2.01739239692688, 1.9616367816925049, 2.020437717437744, 2.013179063796997, 1.8381743431091309, 1.5757731199264526]","[0.26257187128067017, 0.14429819583892822, -0.38315606117248535, -0.2666226327419281, -0.11221176385879517, 0.0028020215686410666, 0.10864246636629105, 0.16352830827236176, 0.05430569127202034, -0.16563130915164948, -0.3415093719959259, -0.398336797952652, -0.35711637139320374, -0.33641764521598816, -0.44353023171424866]","[0.011277029290795326, 0.18748116493225098, 0.3340361416339874, 0.6108752489089966, 0.4870881736278534, 0.05827038735151291, -0.27606630325317383, -0.3345400094985962, -0.24208545684814453, -0.18530574440956116, -0.2135782688856125, -0.23995532095432281, -0.19945241510868073, -0.12020757794380188, -0.05364228039979935]","[0.9072703719139099, 1.0464246273040771, 0.9371519088745117, 0.3504936099052429, 0.14473560452461243, 0.2456861138343811, 0.16095979511737823, -0.2090224325656891, -0.5623478293418884, -0.7001270651817322, -0.758895754814148, -0.987837553024292, -1.3542660474777222, -1.596211314201355, -1.5980054140090942]","[-2.0373177528381348, -2.2504780292510986, -2.5589730739593506, -2.737419843673706, -2.5897762775421143, -2.3509767055511475, -2.290231943130493, -2.3418610095977783, -2.4136576652526855, -2.315890073776245, -2.0549211502075195, -1.695427656173706, -1.2468656301498413, -0.7969939112663269, -0.5043875575065613]","[0.16024689376354218, 0.21496790647506714, 0.5100418329238892, 0.5892583727836609, 0.6303545832633972, 0.6505621075630188, 0.7215844392776489, 0.8672664761543274, 1.0837217569351196, 1.2763465642929077, 1.3511790037155151, 1.2719414234161377, 1.0940089225769043, 0.982132077217102, 1.0283558368682861]","[-0.7454715371131897, -0.749875009059906, -0.6801167130470276, -0.37297090888023376, -0.16582614183425903, -0.028798231855034828, 0.24420404434204102, 0.6142992973327637, 0.8519713878631592, 0.8954294323921204, 0.9513812065124512, 1.1467398405075073, 1.3503974676132202, 1.3644214868545532, 1.1788597106933594]","[1.2598965167999268, 1.486088752746582, 1.5037928819656372, 1.2897627353668213, 1.2285863161087036, 1.2164164781570435, 1.133841872215271, 0.9966732263565063, 0.911880612373352, 0.8701733350753784, 0.7337796092033386, 0.4845699667930603, 0.30637428164482117, 0.3109939396381378, 0.3269438147544861]","[1.270836591720581, 1.270133376121521, 1.3836678266525269, 1.046343207359314, 1.0511137247085571, 1.384057641029358, 1.3313140869140625, 0.7260639667510986, 0.13233962655067444, -0.08414913713932037, -0.08581054955720901, -0.20079804956912994, -0.43545451760292053, -0.5264506340026855, -0.3769805431365967]",15
6253,138,3,15,4,4,0.26189995,38.250896,1.7354677,0.74096290550898636,1837.5634,"[0.6505170464515686, 0.5935680866241455, 0.35613614320755005, 0.20859698951244354, 0.31822025775909424, 0.3936176598072052, 0.43001821637153625, 0.609099805355072, 0.7288002967834473, 0.7232523560523987, 0.9004266262054443, 1.1928025484085083, 1.209210753440857, 1.0720601081848145, 1.0696548223495483]","[-0.2665044069290161, -0.0986395925283432, 0.09231530129909515, 0.22856780886650085, 0.29715240001678467, 0.38370996713638306, 0.4431251287460327, 0.36675310134887695, 0.2269044816493988, 0.09750582277774811, -0.10118256509304047, -0.3284388780593872, -0.3781452178955078, -0.23862408101558685, -0.08902154117822647]","[-1.0478299856185913, -1.2418532371520996, -1.3065458536148071, -1.3649643659591675, -1.5604791641235352, -1.6448038816452026, -1.577547311782837, -1.5568934679031372, -1.5215072631835938, -1.3401402235031128, -1.1676061153411865, -0.9759741425514221, -0.7044788599014282, -0.6370567679405212, -0.8304063677787781]","[1.1946154832839966, 1.1765347719192505, 1.4247435331344604, 1.6421446800231934, 1.5583139657974243, 1.5822088718414307, 1.7805501222610474, 1.828579068183899, 2.0251989364624023, 2.4467828273773193, 2.6088614463806152, 2.4419333934783936, 2.411158561706543, 2.455585479736328, 2.3592092990875244]","[0.5525133013725281, 0.18685254454612732, 0.05727505311369896, -0.01201847568154335, -0.18659648299217224, -0.15740343928337097, 0.05882469192147255, 0.06234919652342796, -0.08238878101110458, -0.16106761991977692, -0.27704837918281555, -0.32901954650878906, -0.1072002723813057, -0.012822875753045082, -0.3183748126029968]","[1.1391451358795166, 1.118599534034729, 1.2035398483276367, 1.2673497200012207, 1.1616010665893555, 1.047443151473999, 0.9735006093978882, 0.7548124194145203, 0.5808411836624146, 0.6404232978820801, 0.667933464050293, 0.4816642105579376, 0.32605457305908203, 0.31751543283462524, 0.30999481678009033]","[-0.47993290424346924, -0.38906267285346985, -0.5607345104217529, -0.7547223567962646, -0.7118063569068909, -0.7988809943199158, -1.019169807434082, -0.9916316866874695, -0.9207398891448975, -1.0869886875152588, -1.1224395036697388, -0.8553857207298279, -0.7130303978919983, -0.805195152759552, -0.7688611745834351]","[-1.8105616569519043, -1.9900591373443604, -2.1441471576690674, -2.313292980194092, -2.40141224861145, -2.6211602687835693, -2.8523964881896973, -2.7789793014526367, -2.3189148902893066, -1.7357953786849976, -1.3461029529571533, -1.1530237197875977, -0.9650564193725586, -0.5764234066009521, -0.15239693224430084]","[0.3447796404361725, 0.6578028798103333, 0.7966029644012451, 0.9580935835838318, 1.217137098312378, 1.50130295753479, 1.7522149085998535, 1.8495296239852905, 1.6361768245697021, 1.2808948755264282, 1.1221355199813843, 1.073473572731018, 0.9177866578102112, 0.7917109727859497, 0.8395131230354309]","[-0.45068514347076416, -0.9219708442687988, -1.1150981187820435, -1.057023525238037, -0.9065991640090942, -0.6071251630783081, -0.2414967566728592, 0.06780598312616348, 0.4856095016002655, 0.9432325959205627, 1.12576162815094, 1.1036616563796997, 1.0945777893066406, 0.9270631670951843, 0.5307074785232544]","[0.09743735194206238, 0.39674094319343567, 0.73882657289505, 0.9030553102493286, 0.8882314562797546, 0.8433706760406494, 0.715006947517395, 0.38975512981414795, 0.00679426034912467, -0.269173800945282, -0.5424273610115051, -0.9136718511581421, -1.2332770824432373, -1.3409103155136108, -1.282238245010376]","[1.3571968078613281, 1.679283618927002, 1.2075233459472656, 0.7723660469055176, 0.7014321088790894, 0.22333768010139465, -0.3806789815425873, -0.3738642632961273, -0.44664907455444336, -0.9497138857841492, -1.107168197631836, -0.9619976878166199, -1.1738742589950562, -1.3344813585281372, -0.9803262948989868]",15
3728,82,3,15,2,2,0.25108838,38.259937,1.496742,0.7428493424788708,1831.5257,"[-0.25134435296058655, -0.06609990447759628, -0.14683251082897186, -0.22102795541286469, -0.4242576062679291, -0.49850085377693176, -0.45079106092453003, -0.8336783647537231, -1.1723426580429077, -0.9366850256919861, -0.8530369400978088, -1.0716906785964966, -0.9409846663475037, -0.6907010674476624, -0.5974178314208984]","[1.0979454517364502, 1.0708461999893188, 0.5552980899810791, 0.2667539119720459, 0.11312244087457657, -0.1856401413679123, -0.3192417621612549, -0.3378554582595825, -0.3184642493724823, -0.17284099757671356, -0.19827061891555786, -0.32744017243385315, -0.22266006469726562, -0.29576870799064636, -0.6244992613792419]","[-0.7141672372817993, -0.8221160173416138, -0.6910097002983093, -0.5157787799835205, -0.4735957086086273, -0.4503532648086548, -0.3820420205593109, -0.2922215461730957, -0.266971230506897, -0.39743542671203613, -0.5008640885353088, -0.4153783619403839, -0.3466794192790985, -0.3108636140823364, -0.12936127185821533]","[-1.7213863134384155, -1.7530202865600586, -1.2690614461898804, -1.4405585527420044, -1.6000252962112427, -1.4633883237838745, -1.5404319763183594, -1.3368258476257324, -1.0577099323272705, -1.249692678451538, -1.1851794719696045, -0.9188628196716309, -0.9841137528419495, -0.47628065943717957, 0.28068235516548157]","[0.9694037437438965, 0.9394335746765137, 0.6943126320838928, 0.2862459123134613, 0.3516556918621063, 0.5679000616073608, 0.47140511870384216, 0.5355191826820374, 0.7246376276016235, 0.7411088347434998, 0.9932657480239868, 1.3859196901321411, 1.3284313678741455, 1.0459110736846924, 0.7914279699325562]","[-2.911033868789673, -2.7969284057617188, -1.9403712749481201, -1.7306630611419678, -1.8586342334747314, -1.585737943649292, -1.3994213342666626, -1.382384181022644, -1.3822615146636963, -1.5788626670837402, -1.6703091859817505, -1.5993034839630127, -1.6575202941894531, -1.503485083580017, -1.1346123218536377]","[-0.13466164469718933, -0.13616500794887543, -0.18336869776248932, -0.3882178068161011, -0.4075324833393097, -0.3425268530845642, -0.30518603324890137, -0.08868809044361115, 0.08700999617576599, 0.02367236465215683, 0.0331992506980896, 0.1828363835811615, 0.27007266879081726, 0.35077720880508423, 0.42178621888160706]","[1.6003884077072144, 1.5198017358779907, 1.1629664897918701, 1.6578609943389893, 1.8706601858139038, 1.5226777791976929, 1.2911274433135986, 0.8937204480171204, 0.6040878891944885, 0.9451712369918823, 0.9726809859275818, 0.658827006816864, 0.7265216112136841, 0.4733988046646118, 0.0917862057685852]","[0.07806594669818878, 0.09513647854328156, -0.00619011465460062, -0.08188122510910034, -0.22360996901988983, -0.3059098422527313, -0.30958807468414307, -0.496582955121994, -0.7352555394172668, -0.8255366086959839, -1.0277597904205322, -1.3287363052368164, -1.4015668630599976, -1.3377256393432617, -1.26847243309021]","[1.525968074798584, 1.3811124563217163, 1.0318199396133423, 0.7700589895248413, 0.6442379951477051, 0.25679975748062134, -0.0008121517603285611, 0.10969438403844833, 0.15806777775287628, 0.15564121305942535, 0.36383259296417236, 0.6472296714782715, 0.7757361531257629, 0.739177405834198, 0.7063392400741577]","[-1.4148651361465454, -1.3310329914093018, -0.9581352472305298, -0.5417385697364807, -0.4595276415348053, -0.4686027765274048, -0.5161831974983215, -0.8459596037864685, -1.0764294862747192, -0.859915554523468, -0.5693255662918091, -0.3453543484210968, -0.0803489089012146, -0.04296056553721428, -0.2717530131340027]","[-0.5548335909843445, -0.4035813808441162, -0.5738431811332703, -0.4794446527957916, -0.4708797037601471, -0.27124956250190735, 0.6753828525543213, 1.4325987100601196, 1.5796334743499756, 1.5129947662353516, 0.9735221266746521, 0.2851113975048065, 0.1935776025056839, 0.15554998815059662, -0.2416258603334427]",15
6246,138,4,15,4,4,0.31482506,37.82778,1.8127732,0.84071766114368158,1831.29767,"[0.5935680866241455, 0.35613614320755005, 0.20859698951244354, 0.31822025775909424, 0.3936176598072052, 0.43001821637153625, 0.609099805355072, 0.7288002967834473, 0.7232523560523987, 0.9004266262054443, 1.1928025484085083, 1.209210753440857, 1.0720601081848145, 1.0696548223495483, 1.094320297241211]","[-0.0986395925283432, 0.09231530129909515, 0.22856780886650085, 0.29715240001678467, 0.38370996713638306, 0.4431251287460327, 0.36675310134887695, 0.2269044816493988, 0.09750582277774811, -0.10118256509304047, -0.3284388780593872, -0.3781452178955078, -0.23862408101558685, -0.08902154117822647, -0.004727051127701998]","[-1.2418532371520996, -1.3065458536148071, -1.3649643659591675, -1.5604791641235352, -1.6448038816452026, -1.577547311782837, -1.5568934679031372, -1.5215072631835938, -1.3401402235031128, -1.1676061153411865, -0.9759741425514221, -0.7044788599014282, -0.6370567679405212, -0.8304063677787781, -0.8014592528343201]","[1.1765347719192505, 1.4247435331344604, 1.6421446800231934, 1.5583139657974243, 1.5822088718414307, 1.7805501222610474, 1.828579068183899, 2.0251989364624023, 2.4467828273773193, 2.6088614463806152, 2.4419333934783936, 2.411158561706543, 2.455585479736328, 2.3592092990875244, 2.3440444469451904]","[0.18685254454612732, 0.05727505311369896, -0.01201847568154335, -0.18659648299217224, -0.15740343928337097, 0.05882469192147255, 0.06234919652342796, -0.08238878101110458, -0.16106761991977692, -0.27704837918281555, -0.32901954650878906, -0.1072002723813057, -0.012822875753045082, -0.3183748126029968, -0.5265458226203918]","[1.118599534034729, 1.2035398483276367, 1.2673497200012207, 1.1616010665893555, 1.047443151473999, 0.9735006093978882, 0.7548124194145203, 0.5808411836624146, 0.6404232978820801, 0.667933464050293, 0.4816642105579376, 0.32605457305908203, 0.31751543283462524, 0.30999481678009033, 0.30531322956085205]","[-0.38906267285346985, -0.5607345104217529, -0.7547223567962646, -0.7118063569068909, -0.7988809943199158, -1.019169807434082, -0.9916316866874695, -0.9207398891448975, -1.0869886875152588, -1.1224395036697388, -0.8553857207298279, -0.7130303978919983, -0.805195152759552, -0.7688611745834351, -0.6602843403816223]","[-1.9900591373443604, -2.1441471576690674, -2.313292980194092, -2.40141224861145, -2.6211602687835693, -2.8523964881896973, -2.7789793014526367, -2.3189148902893066, -1.7357953786849976, -1.3461029529571533, -1.1530237197875977, -0.9650564193725586, -0.5764234066009521, -0.15239693224430084, 0.0060685849748551846]","[0.6578028798103333, 0.7966029644012451, 0.9580935835838318, 1.217137098312378, 1.50130295753479, 1.7522149085998535, 1.8495296239852905, 1.6361768245697021, 1.2808948755264282, 1.1221355199813843, 1.073473572731018, 0.9177866578102112, 0.7917109727859497, 0.8395131230354309, 0.8933541178703308]","[-0.9219708442687988, -1.1150981187820435, -1.057023525238037, -0.9065991640090942, -0.6071251630783081, -0.2414967566728592, 0.06780598312616348, 0.4856095016002655, 0.9432325959205627, 1.12576162815094, 1.1036616563796997, 1.0945777893066406, 0.9270631670951843, 0.5307074785232544, 0.28433606028556824]","[0.39674094319343567, 0.73882657289505, 0.9030553102493286, 0.8882314562797546, 0.8433706760406494, 0.715006947517395, 0.38975512981414795, 0.00679426034912467, -0.269173800945282, -0.5424273610115051, -0.9136718511581421, -1.2332770824432373, -1.3409103155136108, -1.282238245010376, -1.2792606353759766]","[1.679283618927002, 1.2075233459472656, 0.7723660469055176, 0.7014321088790894, 0.22333768010139465, -0.3806789815425873, -0.3738642632961273, -0.44664907455444336, -0.9497138857841492, -1.107168197631836, -0.9619976878166199, -1.1738742589950562, -1.3344813585281372, -0.9803262948989868, -0.8183826804161072]",15
3055,67,4,15,2,2,0.11354232,37.634514,1.6259084,0.743382613440270235,1823.1588,"[-1.215595006942749, -1.3133714199066162, -1.3704174757003784, -1.2925055027008057, -1.1487207412719727, -0.9986127614974976, -0.803128719329834, -0.644253134727478, -0.5928279161453247, -0.565635085105896, -0.5287315249443054, -0.5353829264640808, -0.541671872138977, -0.5193040370941162, -0.540649950504303]","[0.393854022026062, 0.3276351988315582, 0.24322941899299622, 0.22927364706993103, 0.2275957465171814, 0.20906397700309753, 0.23824366927146912, 0.31739261746406555, 0.378147155046463, 0.39132246375083923, 0.38908374309539795, 0.43856269121170044, 0.5743313431739807, 0.7041880488395691, 0.6959912776947021]","[-0.3340386748313904, -0.3428735136985779, -0.33385223150253296, -0.3624948263168335, -0.43309202790260315, -0.4839918315410614, -0.493836909532547, -0.4987919330596924, -0.5227991342544556, -0.5803095698356628, -0.6491529941558838, -0.7275124192237854, -0.8101071119308472, -0.86972576379776, -0.8702702522277832]","[-1.5748004913330078, -1.5507665872573853, -1.4499338865280151, -1.5283210277557373, -1.5998417139053345, -1.555760145187378, -1.568670392036438, -1.5654363632202148, -1.368604063987732, -1.2350281476974487, -1.2374436855316162, -1.179609775543213, -1.1097099781036377, -1.0042070150375366, -0.6582274436950684]","[1.2151459455490112, 1.1553338766098022, 1.2076958417892456, 1.172836184501648, 1.188970923423767, 1.2768115997314453, 1.2152570486068726, 1.0743441581726074, 1.0348474979400635, 1.0428951978683472, 1.1548503637313843, 1.4157063961029053, 1.5311330556869507, 1.5217516422271729, 1.5618222951889038]","[-2.525393009185791, -2.4292099475860596, -2.3427441120147705, -2.3867759704589844, -2.3840889930725098, -2.283109188079834, -2.183577299118042, -2.100257396697998, -1.978616714477539, -1.8731584548950195, -1.8500196933746338, -1.8636963367462158, -1.9395278692245483, -2.0078837871551514, -1.9094427824020386]","[-0.21348105370998383, -0.05986807867884636, 0.07136914134025574, 0.14685112237930298, 0.19908133149147034, 0.2524891793727875, 0.33234575390815735, 0.4279654026031494, 0.5257046222686768, 0.6320858001708984, 0.7825549244880676, 0.9375685453414917, 1.0147217512130737, 1.014760136604309, 0.9952048659324646]","[1.7883265018463135, 1.6887441873550415, 1.5752910375595093, 1.626833200454712, 1.6985993385314941, 1.6398179531097412, 1.6194795370101929, 1.5609691143035889, 1.3911932706832886, 1.3106520175933838, 1.2990254163742065, 1.174582600593567, 1.0463182926177979, 0.9438942670822144, 0.6737022995948792]","[-0.448701411485672, -0.4958398938179016, -0.6492971181869507, -0.7473655343055725, -0.8513234257698059, -1.0591527223587036, -1.2482513189315796, -1.3388983011245728, -1.384505271911621, -1.4042479991912842, -1.465192437171936, -1.5688666105270386, -1.529858946800232, -1.3784279823303223, -1.3844265937805176]","[1.0917320251464844, 1.18612539768219, 1.1701617240905762, 0.974714994430542, 0.6866211295127869, 0.45000216364860535, 0.349617063999176, 0.2802940011024475, 0.11906276643276215, -0.11922819912433624, -0.2648523449897766, -0.16421881318092346, 0.06943874806165695, 0.25198134779930115, 0.3437543511390686]","[-1.6875413656234741, -1.7171869277954102, -1.6205506324768066, -1.5869189500808716, -1.6550370454788208, -1.61049485206604, -1.360376238822937, -1.0185974836349487, -0.7935935854911804, -0.8151084780693054, -1.0286319255828857, -1.3003103733062744, -1.5174401998519897, -1.5288861989974976, -1.4529258012771606]","[-0.6226175427436829, -0.7018280625343323, -0.8189693689346313, -0.7293799519538879, -0.46601229906082153, -0.23794396221637726, -0.016777509823441505, 0.2515260875225067, 0.5310288071632385, 0.752933144569397, 0.826053261756897, 0.7411298751831055, 0.6817799210548401, 0.6759858727455139, 0.598179280757904]",15
9267,205,8,15,6,6,0.029110193,37.825184,1.4141986,0.846624054038975804,1822.24164,"[0.6918525695800781, 0.8440290689468384, 0.6870510578155518, 0.18154971301555634, -0.3854341506958008, -0.6139545440673828, -0.6129924654960632, -0.7105327248573303, -0.7296311259269714, -0.5278180837631226, -0.487773597240448, -0.6081482172012329, -0.43205180764198303, -0.14562566578388214, -0.34013453125953674]","[1.7228692770004272, 1.6211986541748047, 1.857563853263855, 2.316378593444824, 2.764683485031128, 3.142545700073242, 3.3505501747131348, 3.31715726852417, 3.1502492427825928, 2.9207801818847656, 2.6676595211029053, 2.4793574810028076, 2.4716897010803223, 2.3308918476104736, 1.877398133277893]","[-0.4037334620952606, -0.5248200297355652, -0.5836352705955505, -0.6549128293991089, -0.7165298461914062, -0.8337461948394775, -1.076321005821228, -1.3206613063812256, -1.3420910835266113, -1.2255983352661133, -1.2030651569366455, -1.2383655309677124, -1.0992822647094727, -0.8088745474815369, -0.6982877850532532]","[-0.34530526399612427, -0.35167157649993896, -0.3235774040222168, -0.27407121658325195, -0.33710697293281555, -0.7994953989982605, -1.2219159603118896, -1.1015465259552002, -1.01735258102417, -1.3131918907165527, -1.2402759790420532, -0.7711747288703918, -0.7408650517463684, -0.7242222428321838, -0.010369423776865005]","[0.893912136554718, 0.7632356286048889, 0.2916621267795563, -0.1645534485578537, -0.3266964852809906, -0.42257606983184814, -0.5303125381469727, -0.4516558051109314, -0.3004048466682434, -0.14430002868175507, 0.23669324815273285, 0.5334426760673523, 0.276720255613327, -0.15334294736385345, -0.08904685825109482]","[0.7329758405685425, 1.0972305536270142, 0.9934979677200317, 0.9679371118545532, 1.2186812162399292, 1.1964361667633057, 0.9356904029846191, 1.0955573320388794, 1.5078492164611816, 1.5340044498443604, 1.398746371269226, 1.4338524341583252, 1.3778088092803955, 1.152767300605774, 1.116153359413147]","[-0.7245528697967529, -0.6303834319114685, -0.48415741324424744, -0.06336639821529388, 0.618726909160614, 1.2753311395645142, 1.6078064441680908, 1.5590286254882812, 1.3845878839492798, 1.3270444869995117, 1.3867899179458618, 1.5499708652496338, 1.6682946681976318, 1.4947174787521362, 1.2458902597427368]","[-0.15306374430656433, -0.014590892940759659, -0.0221268143504858, -0.33244699239730835, -0.7706209421157837, -0.8545949459075928, -0.694777250289917, -0.8053050637245178, -0.9822224974632263, -0.9130345582962036, -1.022599697113037, -1.2639707326889038, -1.0935181379318237, -0.636444091796875, -0.5167955160140991]","[2.1014556884765625, 2.1764333248138428, 2.3451626300811768, 2.4618308544158936, 2.1038997173309326, 1.5813918113708496, 1.4941303730010986, 1.6825376749038696, 1.6520978212356567, 1.4892480373382568, 1.5334383249282837, 1.6349949836730957, 1.6255186796188354, 1.6598718166351318, 1.6839473247528076]","[0.674151599407196, 0.3037909269332886, 0.2670217752456665, 0.20592033863067627, 0.015398122370243073, -0.024748574942350388, -0.21754668653011322, -0.8204247951507568, -1.1014325618743896, -0.822899341583252, -0.9861509203910828, -1.7030179500579834, -1.8621559143066406, -1.789790153503418, -2.1582486629486084]","[-0.8848509192466736, -0.8205696940422058, -0.6406551599502563, -0.8292765021324158, -1.1378744840621948, -1.0702530145645142, -0.6267951130867004, -0.2520228922367096, -0.4026913344860077, -0.9294805526733398, -1.1093742847442627, -0.713396430015564, -0.3887062072753906, -0.32279422879219055, -0.026529423892498016]","[-2.0340516567230225, -2.3581926822662354, -2.0882599353790283, -1.5143619775772095, -0.7931168675422668, -0.24886400997638702, -0.3106119632720947, -0.6310819983482361, -0.3244258165359497, 0.4432644844055176, 0.7664039731025696, 0.6202609539031982, 0.6546609997749329, 0.8137436509132385, 0.7042031288146973]",15
5981,132,1,15,4,4,0.5897112,37.377205,1.7452703,0.84267898995223103,1821.24164,"[1.5914686918258667, 1.5892318487167358, 1.7172333002090454, 1.5307759046554565, 1.0384241342544556, 0.7975375056266785, 0.751499593257904, 0.6406710743904114, 0.6201969981193542, 0.7617689967155457, 0.9451192021369934, 1.068024754524231, 1.1581857204437256, 1.424354910850525, 1.7730541229248047]","[-0.7931602001190186, -0.8695406317710876, -0.792485237121582, -0.65277099609375, -0.6636718511581421, -0.6056665182113647, -0.5628166794776917, -0.5717391967773438, -0.49223729968070984, -0.4293111562728882, -0.5167853832244873, -0.626141369342804, -0.7386043071746826, -0.978132963180542, -1.3099099397659302]","[-1.5450668334960938, -1.2768551111221313, -1.489982008934021, -1.3733245134353638, -0.9254182577133179, -0.9788180589675903, -1.1177469491958618, -0.9185304641723633, -0.9223265647888184, -1.0420600175857544, -0.9390543699264526, -0.7892200946807861, -0.5772057175636292, -0.14108175039291382, 0.39254018664360046]","[1.8704737424850464, 2.2247707843780518, 2.060443162918091, 1.607067584991455, 1.4257001876831055, 1.4723455905914307, 1.4759601354599, 1.4804246425628662, 1.6156785488128662, 1.8522807359695435, 2.081653594970703, 2.1775777339935303, 2.176879405975342, 1.8764837980270386, 1.430681586265564]","[0.18430127203464508, -0.335776686668396, -0.5781069397926331, -0.44128865003585815, -0.06225913017988205, 0.03135371580719948, 0.07932151854038239, 0.1591239720582962, -0.05139126256108284, -0.44597581028938293, -0.7723275423049927, -0.993944525718689, -0.985909104347229, -0.8185872435569763, -0.779980480670929]","[-0.2843171954154968, -0.000837538973428309, 0.5279199481010437, 0.8589747548103333, 1.0415884256362915, 0.8920590877532959, 0.5572066903114319, 0.4485973119735718, 0.6061121225357056, 0.7038990259170532, 0.6513240933418274, 0.5644969344139099, 0.4329566955566406, 0.20576100051403046, 0.09489032626152039]","[0.9983960390090942, 0.6420739889144897, 0.3247082829475403, -0.01971595175564289, -0.6419910788536072, -0.9617656469345093, -1.036539077758789, -1.3383259773254395, -1.6020028591156006, -1.5304135084152222, -1.3745265007019043, -1.3296229839324951, -1.3072901964187622, -1.3018789291381836, -1.455707311630249]","[-1.389804482460022, -1.7831618785858154, -1.9105545282363892, -1.682124376296997, -1.4367748498916626, -1.3545414209365845, -1.4101593494415283, -1.4296680688858032, -1.3812040090560913, -1.5037118196487427, -1.5696707963943481, -1.2161085605621338, -0.7283108234405518, -0.39066892862319946, -0.19969789683818817]","[-0.15278902649879456, 0.17793910205364227, 0.28672096133232117, 0.2286064326763153, 0.18223872780799866, 0.34842178225517273, 0.6066080331802368, 0.7799615859985352, 0.8919888138771057, 1.0250940322875977, 1.0666208267211914, 0.9191585183143616, 0.7500694990158081, 0.6986191272735596, 0.7185980081558228]","[0.3477466404438019, 0.5992326140403748, 0.5644124746322632, 0.4653870165348053, 0.48623374104499817, 0.6193206310272217, 0.8794515132904053, 1.1416172981262207, 1.291017770767212, 1.455735683441162, 1.6311722993850708, 1.6044174432754517, 1.350046157836914, 1.071412205696106, 0.9206488728523254]","[0.6808211207389832, 0.8443079590797424, 0.9595569372177124, 1.1805899143218994, 1.3867309093475342, 1.3267768621444702, 1.0724284648895264, 0.9840296506881714, 1.0308163166046143, 0.8550453782081604, 0.5350285172462463, 0.46873903274536133, 0.5980430245399475, 0.5967468619346619, 0.45219701528549194]","[1.7128640413284302, 1.3971906900405884, 1.4959478378295898, 1.7525198459625244, 1.5242879390716553, 1.258675217628479, 1.0017242431640625, 0.5191307067871094, 0.05886099487543106, -0.244050070643425, -0.4720153212547302, -0.6639652252197266, -0.8485541343688965, -0.9721695780754089, -1.0878177881240845]",15
5617,124,1,15,4,4,0.641489,37.216244,1.8026695,0.837768437890924367,1817.2892,"[0.6540059447288513, 0.5792835354804993, 0.40972644090652466, 0.2853718101978302, 0.2282816469669342, 0.21696770191192627, 0.2553512752056122, 0.33417144417762756, 0.4048130512237549, 0.4537561535835266, 0.5279363989830017, 0.6883993148803711, 0.8882619142532349, 0.9877721667289734, 0.9741347432136536]","[-0.4999741315841675, -0.5620260238647461, -0.8065814971923828, -0.7327282428741455, -0.4859194755554199, -0.3772420287132263, -0.4450558125972748, -0.4480319917201996, -0.29942649602890015, -0.17678630352020264, -0.28251728415489197, -0.5611494183540344, -0.7770642638206482, -0.7801724076271057, -0.6941119432449341]","[-2.5985512733459473, -2.4424400329589844, -1.9802078008651733, -1.8295068740844727, -2.054360866546631, -2.1561472415924072, -2.008110284805298, -1.9525970220565796, -2.165374994277954, -2.312469005584717, -2.0711889266967773, -1.5465160608291626, -1.2239083051681519, -1.256724238395691, -1.3447235822677612]","[2.4941864013671875, 2.2714226245880127, 2.2489256858825684, 2.145484209060669, 1.889592170715332, 1.8666050434112549, 2.0103437900543213, 2.0650415420532227, 2.01739239692688, 1.9616367816925049, 2.020437717437744, 2.013179063796997, 1.8381743431091309, 1.5757731199264526, 1.4176613092422485]","[0.14429819583892822, -0.38315606117248535, -0.2666226327419281, -0.11221176385879517, 0.0028020215686410666, 0.10864246636629105, 0.16352830827236176, 0.05430569127202034, -0.16563130915164948, -0.3415093719959259, -0.398336797952652, -0.35711637139320374, -0.33641764521598816, -0.44353023171424866, -0.6293125748634338]","[0.18748116493225098, 0.3340361416339874, 0.6108752489089966, 0.4870881736278534, 0.05827038735151291, -0.27606630325317383, -0.3345400094985962, -0.24208545684814453, -0.18530574440956116, -0.2135782688856125, -0.23995532095432281, -0.19945241510868073, -0.12020757794380188, -0.05364228039979935, 0.005616787821054459]","[1.0464246273040771, 0.9371519088745117, 0.3504936099052429, 0.14473560452461243, 0.2456861138343811, 0.16095979511737823, -0.2090224325656891, -0.5623478293418884, -0.7001270651817322, -0.758895754814148, -0.987837553024292, -1.3542660474777222, -1.596211314201355, -1.5980054140090942, -1.5009528398513794]","[-2.2504780292510986, -2.5589730739593506, -2.737419843673706, -2.5897762775421143, -2.3509767055511475, -2.290231943130493, -2.3418610095977783, -2.4136576652526855, -2.315890073776245, -2.0549211502075195, -1.695427656173706, -1.2468656301498413, -0.7969939112663269, -0.5043875575065613, -0.5159720182418823]","[0.21496790647506714, 0.5100418329238892, 0.5892583727836609, 0.6303545832633972, 0.6505621075630188, 0.7215844392776489, 0.8672664761543274, 1.0837217569351196, 1.2763465642929077, 1.3511790037155151, 1.2719414234161377, 1.0940089225769043, 0.982132077217102, 1.0283558368682861, 1.1871225833892822]","[-0.749875009059906, -0.6801167130470276, -0.37297090888023376, -0.16582614183425903, -0.028798231855034828, 0.24420404434204102, 0.6142992973327637, 0.8519713878631592, 0.8954294323921204, 0.9513812065124512, 1.1467398405075073, 1.3503974676132202, 1.3644214868545532, 1.1788597106933594, 0.994289219379425]","[1.486088752746582, 1.5037928819656372, 1.2897627353668213, 1.2285863161087036, 1.2164164781570435, 1.133841872215271, 0.9966732263565063, 0.911880612373352, 0.8701733350753784, 0.7337796092033386, 0.4845699667930603, 0.30637428164482117, 0.3109939396381378, 0.3269438147544861, 0.08582454919815063]","[1.270133376121521, 1.3836678266525269, 1.046343207359314, 1.0511137247085571, 1.384057641029358, 1.3313140869140625, 0.7260639667510986, 0.13233962655067444, -0.08414913713932037, -0.08581054955720901, -0.20079804956912994, -0.43545451760292053, -0.5264506340026855, -0.3769805431365967, -0.20476090908050537]",15
9262,205,7,15,6,6,0.113771915,37.010487,1.4182053,0.84922401853894596,1807.36786,"[0.24560211598873138, 0.6918525695800781, 0.8440290689468384, 0.6870510578155518, 0.18154971301555634, -0.3854341506958008, -0.6139545440673828, -0.6129924654960632, -0.7105327248573303, -0.7296311259269714, -0.5278180837631226, -0.487773597240448, -0.6081482172012329, -0.43205180764198303, -0.14562566578388214]","[1.8727562427520752, 1.7228692770004272, 1.6211986541748047, 1.857563853263855, 2.316378593444824, 2.764683485031128, 3.142545700073242, 3.3505501747131348, 3.31715726852417, 3.1502492427825928, 2.9207801818847656, 2.6676595211029053, 2.4793574810028076, 2.4716897010803223, 2.3308918476104736]","[-0.11412516981363297, -0.4037334620952606, -0.5248200297355652, -0.5836352705955505, -0.6549128293991089, -0.7165298461914062, -0.8337461948394775, -1.076321005821228, -1.3206613063812256, -1.3420910835266113, -1.2255983352661133, -1.2030651569366455, -1.2383655309677124, -1.0992822647094727, -0.8088745474815369]","[-0.03987782076001167, -0.34530526399612427, -0.35167157649993896, -0.3235774040222168, -0.27407121658325195, -0.33710697293281555, -0.7994953989982605, -1.2219159603118896, -1.1015465259552002, -1.01735258102417, -1.3131918907165527, -1.2402759790420532, -0.7711747288703918, -0.7408650517463684, -0.7242222428321838]","[0.9035125374794006, 0.893912136554718, 0.7632356286048889, 0.2916621267795563, -0.1645534485578537, -0.3266964852809906, -0.42257606983184814, -0.5303125381469727, -0.4516558051109314, -0.3004048466682434, -0.14430002868175507, 0.23669324815273285, 0.5334426760673523, 0.276720255613327, -0.15334294736385345]","[0.1740942895412445, 0.7329758405685425, 1.0972305536270142, 0.9934979677200317, 0.9679371118545532, 1.2186812162399292, 1.1964361667633057, 0.9356904029846191, 1.0955573320388794, 1.5078492164611816, 1.5340044498443604, 1.398746371269226, 1.4338524341583252, 1.3778088092803955, 1.152767300605774]","[-0.9139600992202759, -0.7245528697967529, -0.6303834319114685, -0.48415741324424744, -0.06336639821529388, 0.618726909160614, 1.2753311395645142, 1.6078064441680908, 1.5590286254882812, 1.3845878839492798, 1.3270444869995117, 1.3867899179458618, 1.5499708652496338, 1.6682946681976318, 1.4947174787521362]","[-0.49452003836631775, -0.15306374430656433, -0.014590892940759659, -0.0221268143504858, -0.33244699239730835, -0.7706209421157837, -0.8545949459075928, -0.694777250289917, -0.8053050637245178, -0.9822224974632263, -0.9130345582962036, -1.022599697113037, -1.2639707326889038, -1.0935181379318237, -0.636444091796875]","[1.865880012512207, 2.1014556884765625, 2.1764333248138428, 2.3451626300811768, 2.4618308544158936, 2.1038997173309326, 1.5813918113708496, 1.4941303730010986, 1.6825376749038696, 1.6520978212356567, 1.4892480373382568, 1.5334383249282837, 1.6349949836730957, 1.6255186796188354, 1.6598718166351318]","[1.086763858795166, 0.674151599407196, 0.3037909269332886, 0.2670217752456665, 0.20592033863067627, 0.015398122370243073, -0.024748574942350388, -0.21754668653011322, -0.8204247951507568, -1.1014325618743896, -0.822899341583252, -0.9861509203910828, -1.7030179500579834, -1.8621559143066406, -1.789790153503418]","[-0.5198665857315063, -0.8848509192466736, -0.8205696940422058, -0.6406551599502563, -0.8292765021324158, -1.1378744840621948, -1.0702530145645142, -0.6267951130867004, -0.2520228922367096, -0.4026913344860077, -0.9294805526733398, -1.1093742847442627, -0.713396430015564, -0.3887062072753906, -0.32279422879219055]","[-1.394730567932129, -2.0340516567230225, -2.3581926822662354, -2.0882599353790283, -1.5143619775772095, -0.7931168675422668, -0.24886400997638702, -0.3106119632720947, -0.6310819983482361, -0.3244258165359497, 0.4432644844055176, 0.7664039731025696, 0.6202609539031982, 0.6546609997749329, 0.8137436509132385]",15
10701,237,7,15,7,7,0.5110936,35.971344,1.8139744,0.83978747273857832,1793.73987,"[-0.165108785033226, -0.2737889587879181, -0.434040367603302, -0.5424121618270874, -0.6429455280303955, -0.7381348609924316, -0.6740292310714722, -0.49532413482666016, -0.44455280900001526, -0.4586441218852997, -0.36431628465652466, -0.2856333255767822, -0.30625736713409424, -0.3157377243041992, -0.3693685531616211]","[0.7457171678543091, 0.7677121162414551, 0.7894087433815002, 1.005660057067871, 1.0322080850601196, 0.7053142189979553, 0.4114969074726105, 0.2717098891735077, 0.06021751090884209, -0.0944531112909317, -0.024997632950544357, -0.09323147684335709, -0.3657255172729492, -0.3862767219543457, -0.23046861588954926]","[-1.2702220678329468, -1.0201512575149536, -0.7808188199996948, -0.907124400138855, -0.8982985615730286, -0.5588344931602478, -0.46921220421791077, -0.49262750148773193, -0.09451574087142944, 0.3121870160102844, 0.3634035885334015, 0.7731567621231079, 1.490038514137268, 1.494085669517517, 1.1046230792999268]","[0.16599006950855255, 0.22363074123859406, 0.6443452835083008, 0.5659067034721375, 0.32047683000564575, 0.4785343110561371, 0.5455551147460938, 0.41075050830841064, 0.6889135837554932, 1.0247358083724976, 0.9396737813949585, 1.0954561233520508, 1.5199360847473145, 1.2087949514389038, 0.6149344444274902]","[0.07960205525159836, 0.42137354612350464, 0.6983458399772644, 0.4989228844642639, 0.2762817144393921, 0.3943493366241455, 0.4355677664279938, 0.28210607171058655, 0.3435401916503906, 0.4715162217617035, 0.3579147756099701, 0.2696019411087036, 0.3356606662273407, 0.3044597804546356, 0.3785112798213959]","[-0.6077194213867188, -0.6203011274337769, -0.5480749607086182, -0.36500686407089233, -0.28859418630599976, -0.4269414246082306, -0.6352730989456177, -0.746814489364624, -0.7794294357299805, -0.8942826986312866, -1.0674009323120117, -1.1420637369155884, -1.1880055665969849, -1.3396961688995361, -1.5118423700332642]","[-0.26946136355400085, -0.4701319634914398, -0.4432099163532257, -0.04851825162768364, 0.3901056945323944, 0.5076552629470825, 0.3994061052799225, 0.2419731467962265, 0.006614179816097021, -0.19360008835792542, -0.18405432999134064, -0.15953963994979858, -0.2909562885761261, -0.3873472213745117, -0.3659835159778595]","[-0.24531099200248718, -0.2580067813396454, -0.41685283184051514, -0.531728208065033, -0.5676754117012024, -0.5629088282585144, -0.4879266023635864, -0.2968808114528656, -0.004128807689994574, 0.428475558757782, 0.8756853342056274, 1.1670888662338257, 1.4401625394821167, 1.7459808588027954, 1.9257386922836304]","[0.3333486020565033, 0.22914248704910278, 0.23624670505523682, 0.2763899564743042, 0.12427663058042526, -0.12354760617017746, -0.15951749682426453, -0.06056363880634308, 0.007633563131093979, 0.21016377210617065, 0.534453272819519, 0.6377541422843933, 0.5124944448471069, 0.525363564491272, 0.5882952213287354]","[-1.5183658599853516, -1.246551513671875, -1.2230305671691895, -1.5547292232513428, -1.5519760847091675, -1.0209226608276367, -0.6238277554512024, -0.45369958877563477, -0.10400502383708954, 0.1781444251537323, 0.11480271816253662, 0.09706583619117737, 0.13434679806232452, -0.1909046620130539, -0.45801565051078796]","[0.6383310556411743, 0.7442532181739807, 0.7282167077064514, 0.8310606479644775, 0.7701422572135925, 0.42674508690834045, 0.16515988111495972, 0.03826969489455223, -0.2833704352378845, -0.7679965496063232, -1.15828537940979, -1.6490375995635986, -2.12524151802063, -2.209556818008423, -2.1218624114990234]","[-0.011401648633182049, -0.05670300871133804, -0.24981431663036346, -0.289045125246048, -0.35325416922569275, -0.5729723572731018, -0.5542812347412109, -0.35280507802963257, -0.49412983655929565, -0.8655567765235901, -1.0496952533721924, -1.2275233268737793, -1.3883790969848633, -1.1502690315246582, -0.8230602145195007]",15
9251,205,11,10,6,6,0.15790653,36.90231,1.074697,0.84355995345892756,1792.0671,"[0.18154971301555634, -0.3854341506958008, -0.6139545440673828, -0.6129924654960632, -0.7105327248573303, -0.7296311259269714, -0.5278180837631226, -0.487773597240448, -0.6081482172012329, -0.43205180764198303]","[2.316378593444824, 2.764683485031128, 3.142545700073242, 3.3505501747131348, 3.31715726852417, 3.1502492427825928, 2.9207801818847656, 2.6676595211029053, 2.4793574810028076, 2.4716897010803223]","[-0.6549128293991089, -0.7165298461914062, -0.8337461948394775, -1.076321005821228, -1.3206613063812256, -1.3420910835266113, -1.2255983352661133, -1.2030651569366455, -1.2383655309677124, -1.0992822647094727]","[-0.27407121658325195, -0.33710697293281555, -0.7994953989982605, -1.2219159603118896, -1.1015465259552002, -1.01735258102417, -1.3131918907165527, -1.2402759790420532, -0.7711747288703918, -0.7408650517463684]","[-0.1645534485578537, -0.3266964852809906, -0.42257606983184814, -0.5303125381469727, -0.4516558051109314, -0.3004048466682434, -0.14430002868175507, 0.23669324815273285, 0.5334426760673523, 0.276720255613327]","[0.9679371118545532, 1.2186812162399292, 1.1964361667633057, 0.9356904029846191, 1.0955573320388794, 1.5078492164611816, 1.5340044498443604, 1.398746371269226, 1.4338524341583252, 1.3778088092803955]","[-0.06336639821529388, 0.618726909160614, 1.2753311395645142, 1.6078064441680908, 1.5590286254882812, 1.3845878839492798, 1.3270444869995117, 1.3867899179458618, 1.5499708652496338, 1.6682946681976318]","[-0.33244699239730835, -0.7706209421157837, -0.8545949459075928, -0.694777250289917, -0.8053050637245178, -0.9822224974632263, -0.9130345582962036, -1.022599697113037, -1.2639707326889038, -1.0935181379318237]","[2.4618308544158936, 2.1038997173309326, 1.5813918113708496, 1.4941303730010986, 1.6825376749038696, 1.6520978212356567, 1.4892480373382568, 1.5334383249282837, 1.6349949836730957, 1.6255186796188354]","[0.20592033863067627, 0.015398122370243073, -0.024748574942350388, -0.21754668653011322, -0.8204247951507568, -1.1014325618743896, -0.822899341583252, -0.9861509203910828, -1.7030179500579834, -1.8621559143066406]","[-0.8292765021324158, -1.1378744840621948, -1.0702530145645142, -0.6267951130867004, -0.2520228922367096, -0.4026913344860077, -0.9294805526733398, -1.1093742847442627, -0.713396430015564, -0.3887062072753906]","[-1.5143619775772095, -0.7931168675422668, -0.24886400997638702, -0.3106119632720947, -0.6310819983482361, -0.3244258165359497, 0.4432644844055176, 0.7664039731025696, 0.6202609539031982, 0.6546609997749329]",10
9261,205,9,15,6,6,0.05467224,36.425644,1.3637414,0.74460083556380541,1791.7255,"[0.8440290689468384, 0.6870510578155518, 0.18154971301555634, -0.3854341506958008, -0.6139545440673828, -0.6129924654960632, -0.7105327248573303, -0.7296311259269714, -0.5278180837631226, -0.487773597240448, -0.6081482172012329, -0.43205180764198303, -0.14562566578388214, -0.34013453125953674, -0.5961475372314453]","[1.6211986541748047, 1.857563853263855, 2.316378593444824, 2.764683485031128, 3.142545700073242, 3.3505501747131348, 3.31715726852417, 3.1502492427825928, 2.9207801818847656, 2.6676595211029053, 2.4793574810028076, 2.4716897010803223, 2.3308918476104736, 1.877398133277893, 1.6708571910858154]","[-0.5248200297355652, -0.5836352705955505, -0.6549128293991089, -0.7165298461914062, -0.8337461948394775, -1.076321005821228, -1.3206613063812256, -1.3420910835266113, -1.2255983352661133, -1.2030651569366455, -1.2383655309677124, -1.0992822647094727, -0.8088745474815369, -0.6982877850532532, -0.7280786633491516]","[-0.35167157649993896, -0.3235774040222168, -0.27407121658325195, -0.33710697293281555, -0.7994953989982605, -1.2219159603118896, -1.1015465259552002, -1.01735258102417, -1.3131918907165527, -1.2402759790420532, -0.7711747288703918, -0.7408650517463684, -0.7242222428321838, -0.010369423776865005, 0.3083060681819916]","[0.7632356286048889, 0.2916621267795563, -0.1645534485578537, -0.3266964852809906, -0.42257606983184814, -0.5303125381469727, -0.4516558051109314, -0.3004048466682434, -0.14430002868175507, 0.23669324815273285, 0.5334426760673523, 0.276720255613327, -0.15334294736385345, -0.08904685825109482, -0.004172405693680048]","[1.0972305536270142, 0.9934979677200317, 0.9679371118545532, 1.2186812162399292, 1.1964361667633057, 0.9356904029846191, 1.0955573320388794, 1.5078492164611816, 1.5340044498443604, 1.398746371269226, 1.4338524341583252, 1.3778088092803955, 1.152767300605774, 1.116153359413147, 0.9072779417037964]","[-0.6303834319114685, -0.48415741324424744, -0.06336639821529388, 0.618726909160614, 1.2753311395645142, 1.6078064441680908, 1.5590286254882812, 1.3845878839492798, 1.3270444869995117, 1.3867899179458618, 1.5499708652496338, 1.6682946681976318, 1.4947174787521362, 1.2458902597427368, 1.2034038305282593]","[-0.014590892940759659, -0.0221268143504858, -0.33244699239730835, -0.7706209421157837, -0.8545949459075928, -0.694777250289917, -0.8053050637245178, -0.9822224974632263, -0.9130345582962036, -1.022599697113037, -1.2639707326889038, -1.0935181379318237, -0.636444091796875, -0.5167955160140991, -0.4773528277873993]","[2.1764333248138428, 2.3451626300811768, 2.4618308544158936, 2.1038997173309326, 1.5813918113708496, 1.4941303730010986, 1.6825376749038696, 1.6520978212356567, 1.4892480373382568, 1.5334383249282837, 1.6349949836730957, 1.6255186796188354, 1.6598718166351318, 1.6839473247528076, 1.7769781351089478]","[0.3037909269332886, 0.2670217752456665, 0.20592033863067627, 0.015398122370243073, -0.024748574942350388, -0.21754668653011322, -0.8204247951507568, -1.1014325618743896, -0.822899341583252, -0.9861509203910828, -1.7030179500579834, -1.8621559143066406, -1.789790153503418, -2.1582486629486084, -2.0612733364105225]","[-0.8205696940422058, -0.6406551599502563, -0.8292765021324158, -1.1378744840621948, -1.0702530145645142, -0.6267951130867004, -0.2520228922367096, -0.4026913344860077, -0.9294805526733398, -1.1093742847442627, -0.713396430015564, -0.3887062072753906, -0.32279422879219055, -0.026529423892498016, 0.373113751411438]","[-2.3581926822662354, -2.0882599353790283, -1.5143619775772095, -0.7931168675422668, -0.24886400997638702, -0.3106119632720947, -0.6310819983482361, -0.3244258165359497, 0.4432644844055176, 0.7664039731025696, 0.6202609539031982, 0.6546609997749329, 0.8137436509132385, 0.7042031288146973, 0.7464107871055603]",15
8951,198,5,15,6,6,0.3801763,35.98231,1.5621316,0.83935066032464436,1786.18555,"[0.4610201120376587, 0.7577559351921082, 0.56302410364151, 0.06497950106859207, -0.05528011545538902, -0.23593924939632416, -0.5393528342247009, -0.5215616226196289, -0.4735456705093384, -0.4292626976966858, -0.1842481791973114, -0.19549362361431122, -0.3730517327785492, -0.26576292514801025, -0.38563448190689087]","[0.7031689882278442, 0.7102178335189819, 1.0728363990783691, 1.6233389377593994, 1.9481028318405151, 1.9100857973098755, 1.6930887699127197, 1.5294268131256104, 1.4592148065567017, 1.3742588758468628, 1.3077375888824463, 1.314611792564392, 1.2748900651931763, 1.2252891063690186, 1.3089290857315063]","[-0.9079672694206238, -1.180965542793274, -1.3101832866668701, -1.5616810321807861, -1.8173195123672485, -1.8528754711151123, -1.7582764625549316, -1.6730549335479736, -1.736794114112854, -1.907485008239746, -2.007840633392334, -1.9890177249908447, -1.9714646339416504, -1.95926833152771, -1.9354196786880493]","[-0.5654876232147217, -0.5968972444534302, -0.6417823433876038, -0.7316476106643677, -1.1941933631896973, -1.156121850013733, -0.6878863573074341, -0.6895752549171448, -0.6406208276748657, -0.34746670722961426, -0.4952544867992401, -0.494010865688324, -0.09209499508142471, 0.003615219844505191, 0.2640158534049988]","[1.1024154424667358, 0.8434990644454956, 0.9599860906600952, 1.6344460248947144, 1.8228029012680054, 1.6724481582641602, 1.5065995454788208, 1.1509095430374146, 1.1758148670196533, 1.6029667854309082, 1.5886518955230713, 1.399566888809204, 1.4241390228271484, 1.234716534614563, 1.2900327444076538]","[0.9215204119682312, 0.5690156817436218, 0.26318877935409546, 0.0573020800948143, -0.06061926856637001, 0.18648824095726013, 0.5687174797058105, 0.8208942413330078, 0.8729385733604431, 0.5371276140213013, 0.2985136806964874, 0.6898200511932373, 0.9362173676490784, 0.6515637636184692, 0.5268365144729614]","[0.15117914974689484, 0.2341364622116089, 0.4199431240558624, 0.6127283573150635, 0.7042185664176941, 0.7319720387458801, 0.5631482005119324, 0.3589493930339813, 0.5023684501647949, 0.8321064114570618, 0.9482775330543518, 0.8942127227783203, 0.7471650242805481, 0.4897885024547577, 0.43112412095069885]","[-1.5307245254516602, -1.4602223634719849, -1.3897429704666138, -1.2728874683380127, -0.878698468208313, -0.8588818907737732, -1.0924261808395386, -1.1552244424819946, -1.4632720947265625, -1.6633390188217163, -1.4607369899749756, -1.6020870208740234, -1.8113383054733276, -1.6065351963043213, -1.6817212104797363]","[0.928321361541748, 1.2666034698486328, 1.298939824104309, 0.9498746395111084, 0.5920689105987549, 0.4995609521865845, 0.7490206956863403, 1.160638689994812, 1.4024978876113892, 1.3569862842559814, 1.2519391775131226, 1.3041284084320068, 1.5622501373291016, 1.912095546722412, 2.0161805152893066]","[2.2831227779388428, 1.8691195249557495, 1.539318561553955, 1.531248927116394, 2.044069528579712, 1.718375325202942, 0.6745702028274536, 0.252453476190567, 0.09526702016592026, 0.04435231536626816, 0.3389052748680115, 0.06478530168533325, -0.3716627359390259, -0.07233764231204987, -0.1763557642698288]","[-1.8616544008255005, -1.9583547115325928, -1.8461072444915771, -1.553578495979309, -1.475228190422058, -1.2051477432250977, -0.7991923689842224, -0.891221284866333, -1.2208832502365112, -1.426169753074646, -1.4549466371536255, -1.0232348442077637, -0.757519006729126, -1.1005243062973022, -0.8871506452560425]","[-0.547626793384552, -0.64710533618927, -0.6087607741355896, -0.8042992949485779, -1.3132857084274292, -1.135087013244629, -0.5472190380096436, -0.27521198987960815, -0.049747154116630554, 0.14561539888381958, 0.061737749725580215, 0.054250869899988174, 0.0814666822552681, -0.07353195548057556, 0.030352303758263588]",15
8860,196,6,15,6,6,0.5918324,35.588623,1.6393363,0.739050921486819656,1780.478,"[-0.33957183361053467, -0.27985846996307373, -0.29095959663391113, -0.2716969847679138, -0.42983463406562805, -0.5587460398674011, -0.3941956162452698, -0.2810578942298889, -0.25923705101013184, -0.17331351339817047, -0.32681360840797424, -0.5714554786682129, -0.4973283112049103, -0.4461492598056793, -0.5259527564048767]","[1.4059054851531982, 1.4222074747085571, 1.4001575708389282, 1.7977471351623535, 2.2516677379608154, 2.3103249073028564, 2.3125619888305664, 2.3673508167266846, 2.2348015308380127, 2.0533740520477295, 1.9189658164978027, 1.7123701572418213, 1.5034303665161133, 1.3515980243682861, 1.390459656715393]","[-0.632667064666748, -0.4801257848739624, -0.568235456943512, -0.8553510904312134, -1.2771075963974, -1.6055853366851807, -1.5929926633834839, -1.49222993850708, -1.5490877628326416, -1.6037825345993042, -1.581112027168274, -1.5700746774673462, -1.375208854675293, -1.090949296951294, -1.2039183378219604]","[-0.5715161561965942, -0.8645631074905396, -0.7992761731147766, -0.8615400791168213, -0.7952264547348022, -0.7157363891601562, -0.9620622396469116, -0.7303960919380188, -0.03017827868461609, -0.015100943855941296, -0.2540421783924103, -0.07096266001462936, -0.22898341715335846, -0.5466774702072144, -0.34329867362976074]","[1.956884503364563, 1.797409176826477, 1.5856760740280151, 1.0515854358673096, 0.866410493850708, 0.953628420829773, 0.6759818196296692, 0.40720680356025696, 0.5129631161689758, 0.6893218755722046, 0.9149243235588074, 1.0605708360671997, 1.0095808506011963, 1.3873562812805176, 1.9029550552368164]","[1.018457293510437, 1.2982356548309326, 1.5101861953735352, 1.4481427669525146, 1.6305791139602661, 1.9781947135925293, 1.9066673517227173, 1.4763431549072266, 0.9465917348861694, 0.8189631700515747, 1.4911494255065918, 2.034381628036499, 1.8167535066604614, 1.5441056489944458, 1.3457841873168945]","[-0.742896556854248, -0.7445675730705261, -0.37911027669906616, -0.19576594233512878, -0.218435600399971, -0.03957149386405945, 0.2562229335308075, 0.46070873737335205, 0.6441126465797424, 0.7725903391838074, 0.7282299995422363, 0.49994537234306335, 0.25894883275032043, 0.3039410412311554, 0.4555310904979706]","[-0.34122881293296814, 0.13366572558879852, 0.5895832180976868, 0.8042987585067749, 0.30110588669776917, -0.4068314731121063, -0.5261090993881226, -0.485099732875824, -0.6033057570457458, -0.6894649863243103, -0.9158666729927063, -1.0502678155899048, -0.8641697764396667, -0.9197490215301514, -1.118473768234253]","[1.1864852905273438, 1.2060643434524536, 1.101910948753357, 1.1987500190734863, 1.6010788679122925, 1.8260225057601929, 1.7723124027252197, 1.8411411046981812, 2.0757553577423096, 2.2595255374908447, 2.338845729827881, 2.343813419342041, 2.28127121925354, 2.100064516067505, 1.9430290460586548]","[1.1037367582321167, 1.184378981590271, 0.9437752962112427, 0.8343178033828735, 0.3535756468772888, -0.13238607347011566, -0.12536633014678955, -0.3531261384487152, -0.6104976534843445, -0.4182684123516083, -0.7131330370903015, -1.1494190692901611, -0.6407396197319031, -0.18409904837608337, -0.25262120366096497]","[-0.26778677105903625, -0.6805576086044312, -0.5669121146202087, -0.045325543731451035, 0.6934016346931458, 1.4052103757858276, 1.7905287742614746, 1.7953062057495117, 1.4244657754898071, 0.900429368019104, 0.7111843228340149, 0.5876346826553345, 0.2024167776107788, 0.21189093589782715, 0.7941007018089294]","[-1.0885688066482544, -1.4597491025924683, -1.7246087789535522, -1.818975567817688, -1.836646556854248, -1.466145634651184, -0.9852402806282043, -0.9023349285125732, -0.8328661322593689, -0.46343550086021423, -0.11527788639068604, 0.1966877579689026, 0.6605294942855835, 0.9470720887184143, 0.794330894947052]",15
10694,237,12,10,7,7,0.26682854,35.725235,1.4621758,0.74189104495919691,1779.3155,"[-0.7381348609924316, -0.6740292310714722, -0.49532413482666016, -0.44455280900001526, -0.4586441218852997, -0.36431628465652466, -0.2856333255767822, -0.30625736713409424, -0.3157377243041992, -0.3693685531616211]","[0.7053142189979553, 0.4114969074726105, 0.2717098891735077, 0.06021751090884209, -0.0944531112909317, -0.024997632950544357, -0.09323147684335709, -0.3657255172729492, -0.3862767219543457, -0.23046861588954926]","[-0.5588344931602478, -0.46921220421791077, -0.49262750148773193, -0.09451574087142944, 0.3121870160102844, 0.3634035885334015, 0.7731567621231079, 1.490038514137268, 1.494085669517517, 1.1046230792999268]","[0.4785343110561371, 0.5455551147460938, 0.41075050830841064, 0.6889135837554932, 1.0247358083724976, 0.9396737813949585, 1.0954561233520508, 1.5199360847473145, 1.2087949514389038, 0.6149344444274902]","[0.3943493366241455, 0.4355677664279938, 0.28210607171058655, 0.3435401916503906, 0.4715162217617035, 0.3579147756099701, 0.2696019411087036, 0.3356606662273407, 0.3044597804546356, 0.3785112798213959]","[-0.4269414246082306, -0.6352730989456177, -0.746814489364624, -0.7794294357299805, -0.8942826986312866, -1.0674009323120117, -1.1420637369155884, -1.1880055665969849, -1.3396961688995361, -1.5118423700332642]","[0.5076552629470825, 0.3994061052799225, 0.2419731467962265, 0.006614179816097021, -0.19360008835792542, -0.18405432999134064, -0.15953963994979858, -0.2909562885761261, -0.3873472213745117, -0.3659835159778595]","[-0.5629088282585144, -0.4879266023635864, -0.2968808114528656, -0.004128807689994574, 0.428475558757782, 0.8756853342056274, 1.1670888662338257, 1.4401625394821167, 1.7459808588027954, 1.9257386922836304]","[-0.12354760617017746, -0.15951749682426453, -0.06056363880634308, 0.007633563131093979, 0.21016377210617065, 0.534453272819519, 0.6377541422843933, 0.5124944448471069, 0.525363564491272, 0.5882952213287354]","[-1.0209226608276367, -0.6238277554512024, -0.45369958877563477, -0.10400502383708954, 0.1781444251537323, 0.11480271816253662, 0.09706583619117737, 0.13434679806232452, -0.1909046620130539, -0.45801565051078796]","[0.42674508690834045, 0.16515988111495972, 0.03826969489455223, -0.2833704352378845, -0.7679965496063232, -1.15828537940979, -1.6490375995635986, -2.12524151802063, -2.209556818008423, -2.1218624114990234]","[-0.5729723572731018, -0.5542812347412109, -0.35280507802963257, -0.49412983655929565, -0.8655567765235901, -1.0496952533721924, -1.2275233268737793, -1.3883790969848633, -1.1502690315246582, -0.8230602145195007]",10
8855,196,5,15,6,6,0.76293564,35.05598,1.7305107,0.732475392113962176,1769.27264,"[-0.3121277391910553, -0.33957183361053467, -0.27985846996307373, -0.29095959663391113, -0.2716969847679138, -0.42983463406562805, -0.5587460398674011, -0.3941956162452698, -0.2810578942298889, -0.25923705101013184, -0.17331351339817047, -0.32681360840797424, -0.5714554786682129, -0.4973283112049103, -0.4461492598056793]","[1.4415955543518066, 1.4059054851531982, 1.4222074747085571, 1.4001575708389282, 1.7977471351623535, 2.2516677379608154, 2.3103249073028564, 2.3125619888305664, 2.3673508167266846, 2.2348015308380127, 2.0533740520477295, 1.9189658164978027, 1.7123701572418213, 1.5034303665161133, 1.3515980243682861]","[-0.899074375629425, -0.632667064666748, -0.4801257848739624, -0.568235456943512, -0.8553510904312134, -1.2771075963974, -1.6055853366851807, -1.5929926633834839, -1.49222993850708, -1.5490877628326416, -1.6037825345993042, -1.581112027168274, -1.5700746774673462, -1.375208854675293, -1.090949296951294]","[-0.1469077169895172, -0.5715161561965942, -0.8645631074905396, -0.7992761731147766, -0.8615400791168213, -0.7952264547348022, -0.7157363891601562, -0.9620622396469116, -0.7303960919380188, -0.03017827868461609, -0.015100943855941296, -0.2540421783924103, -0.07096266001462936, -0.22898341715335846, -0.5466774702072144]","[2.141329526901245, 1.956884503364563, 1.797409176826477, 1.5856760740280151, 1.0515854358673096, 0.866410493850708, 0.953628420829773, 0.6759818196296692, 0.40720680356025696, 0.5129631161689758, 0.6893218755722046, 0.9149243235588074, 1.0605708360671997, 1.0095808506011963, 1.3873562812805176]","[0.7422215938568115, 1.018457293510437, 1.2982356548309326, 1.5101861953735352, 1.4481427669525146, 1.6305791139602661, 1.9781947135925293, 1.9066673517227173, 1.4763431549072266, 0.9465917348861694, 0.8189631700515747, 1.4911494255065918, 2.034381628036499, 1.8167535066604614, 1.5441056489944458]","[-0.45481377840042114, -0.742896556854248, -0.7445675730705261, -0.37911027669906616, -0.19576594233512878, -0.218435600399971, -0.03957149386405945, 0.2562229335308075, 0.46070873737335205, 0.6441126465797424, 0.7725903391838074, 0.7282299995422363, 0.49994537234306335, 0.25894883275032043, 0.3039410412311554]","[-0.6427488923072815, -0.34122881293296814, 0.13366572558879852, 0.5895832180976868, 0.8042987585067749, 0.30110588669776917, -0.4068314731121063, -0.5261090993881226, -0.485099732875824, -0.6033057570457458, -0.6894649863243103, -0.9158666729927063, -1.0502678155899048, -0.8641697764396667, -0.9197490215301514]","[1.2925848960876465, 1.1864852905273438, 1.2060643434524536, 1.101910948753357, 1.1987500190734863, 1.6010788679122925, 1.8260225057601929, 1.7723124027252197, 1.8411411046981812, 2.0757553577423096, 2.2595255374908447, 2.338845729827881, 2.343813419342041, 2.28127121925354, 2.100064516067505]","[0.744080662727356, 1.1037367582321167, 1.184378981590271, 0.9437752962112427, 0.8343178033828735, 0.3535756468772888, -0.13238607347011566, -0.12536633014678955, -0.3531261384487152, -0.6104976534843445, -0.4182684123516083, -0.7131330370903015, -1.1494190692901611, -0.6407396197319031, -0.18409904837608337]","[0.09537332504987717, -0.26778677105903625, -0.6805576086044312, -0.5669121146202087, -0.045325543731451035, 0.6934016346931458, 1.4052103757858276, 1.7905287742614746, 1.7953062057495117, 1.4244657754898071, 0.900429368019104, 0.7111843228340149, 0.5876346826553345, 0.2024167776107788, 0.21189093589782715]","[-1.4385299682617188, -1.0885688066482544, -1.4597491025924683, -1.7246087789535522, -1.818975567817688, -1.836646556854248, -1.466145634651184, -0.9852402806282043, -0.9023349285125732, -0.8328661322593689, -0.46343550086021423, -0.11527788639068604, 0.1966877579689026, 0.6605294942855835, 0.9470720887184143]",15
9752,216,5,10,7,7,0.2519977,35.3566,1.3090928,0.741624023555062495,1767.2168,"[-0.4193524420261383, -0.5048466324806213, -0.7744181752204895, -0.9069918394088745, -0.804372251033783, -0.6612182855606079, -0.6265473961830139, -0.609307587146759, -0.4697071313858032, -0.2933148443698883]","[-0.3354260325431824, -0.23379988968372345, -0.23427847027778625, -0.1732202172279358, -0.02492973953485489, 0.03505144268274307, -0.13247497379779816, -0.4277185797691345, -0.6332924365997314, -0.6380406022071838]","[-0.3176478147506714, -0.2671266794204712, -0.008654281497001648, 0.18146415054798126, 0.1522870510816574, 0.11426042020320892, 0.29133090376853943, 0.552336573600769, 0.6012730002403259, 0.4285734295845032]","[0.5292413830757141, 0.5276758074760437, 0.8395756483078003, 1.0559965372085571, 1.0813288688659668, 1.1182527542114258, 1.3614778518676758, 1.5796482563018799, 1.5038405656814575, 1.2063583135604858]","[-0.12422368675470352, -0.21238379180431366, -0.08211151510477066, -0.04413008317351341, -0.20833338797092438, -0.3627088665962219, -0.30047333240509033, -0.051434557884931564, 0.1391782909631729, 0.13935726881027222]","[1.1137709617614746, 0.9444113969802856, 0.8493162989616394, 0.7857467532157898, 0.7661524415016174, 0.7689973711967468, 0.7373520731925964, 0.5842151045799255, 0.2711438834667206, -0.12398939579725266]","[-1.0503650903701782, -1.0789642333984375, -1.2471964359283447, -1.3829681873321533, -1.3938502073287964, -1.3763600587844849, -1.4577573537826538, -1.582277774810791, -1.590022325515747, -1.4713637828826904]","[-1.1617183685302734, -1.1090337038040161, -0.9820049405097961, -0.8296765685081482, -0.6639085412025452, -0.45868340134620667, -0.17999623715877533, 0.13190986216068268, 0.35759133100509644, 0.4764423966407776]","[-0.04559725895524025, -0.04124152660369873, -0.12259769439697266, -0.12442716211080551, 0.016718341037631035, 0.1868266761302948, 0.23784367740154266, 0.1736261397600174, 0.16395771503448486, 0.24783557653427124]","[-1.837636947631836, -1.798937201499939, -1.41599702835083, -1.1230065822601318, -1.1074845790863037, -1.1831804513931274, -1.0575578212738037, -0.7514081597328186, -0.5474047064781189, -0.5113558173179626]","[0.9801087379455566, 1.099833607673645, 1.2522720098495483, 1.3417030572891235, 1.2754981517791748, 1.016014814376831, 0.6601830124855042, 0.3548182547092438, 0.14219914376735687, -0.037490006536245346]","[0.8228704333305359, 0.8885691165924072, 0.3724398910999298, -0.0484563410282135, -0.0689970925450325, -0.11209063231945038, -0.5764759182929993, -1.2070151567459106, -1.496087670326233, -1.4098272323608398]",10
9747,216,4,10,7,7,0.3134842,35.29593,1.3059478,0.84062958790040112,1765.4118,"[-0.49732038378715515, -0.4193524420261383, -0.5048466324806213, -0.7744181752204895, -0.9069918394088745, -0.804372251033783, -0.6612182855606079, -0.6265473961830139, -0.609307587146759, -0.4697071313858032]","[-0.48702406883239746, -0.3354260325431824, -0.23379988968372345, -0.23427847027778625, -0.1732202172279358, -0.02492973953485489, 0.03505144268274307, -0.13247497379779816, -0.4277185797691345, -0.6332924365997314]","[-0.2524278461933136, -0.3176478147506714, -0.2671266794204712, -0.008654281497001648, 0.18146415054798126, 0.1522870510816574, 0.11426042020320892, 0.29133090376853943, 0.552336573600769, 0.6012730002403259]","[0.8185583353042603, 0.5292413830757141, 0.5276758074760437, 0.8395756483078003, 1.0559965372085571, 1.0813288688659668, 1.1182527542114258, 1.3614778518676758, 1.5796482563018799, 1.5038405656814575]","[0.1448621302843094, -0.12422368675470352, -0.21238379180431366, -0.08211151510477066, -0.04413008317351341, -0.20833338797092438, -0.3627088665962219, -0.30047333240509033, -0.051434557884931564, 0.1391782909631729]","[1.2702205181121826, 1.1137709617614746, 0.9444113969802856, 0.8493162989616394, 0.7857467532157898, 0.7661524415016174, 0.7689973711967468, 0.7373520731925964, 0.5842151045799255, 0.2711438834667206]","[-1.1014738082885742, -1.0503650903701782, -1.0789642333984375, -1.2471964359283447, -1.3829681873321533, -1.3938502073287964, -1.3763600587844849, -1.4577573537826538, -1.582277774810791, -1.590022325515747]","[-1.2302082777023315, -1.1617183685302734, -1.1090337038040161, -0.9820049405097961, -0.8296765685081482, -0.6639085412025452, -0.45868340134620667, -0.17999623715877533, 0.13190986216068268, 0.35759133100509644]","[-0.0730656310915947, -0.04559725895524025, -0.04124152660369873, -0.12259769439697266, -0.12442716211080551, 0.016718341037631035, 0.1868266761302948, 0.23784367740154266, 0.1736261397600174, 0.16395771503448486]","[-1.626371145248413, -1.837636947631836, -1.798937201499939, -1.41599702835083, -1.1230065822601318, -1.1074845790863037, -1.1831804513931274, -1.0575578212738037, -0.7514081597328186, -0.5474047064781189]","[0.9170101881027222, 0.9801087379455566, 1.099833607673645, 1.2522720098495483, 1.3417030572891235, 1.2754981517791748, 1.016014814376831, 0.6601830124855042, 0.3548182547092438, 0.14219914376735687]","[0.38672855496406555, 0.8228704333305359, 0.8885691165924072, 0.3724398910999298, -0.0484563410282135, -0.0689970925450325, -0.11209063231945038, -0.5764759182929993, -1.2070151567459106, -1.496087670326233]",10
8636,191,9,15,6,6,0.26626778,34.448772,1.4778495,0.84244197457326222,1754.532,"[-0.25584450364112854, -0.4688301384449005, -0.4722214639186859, -0.17822952568531036, 0.18880675733089447, 0.1441894769668579, -0.08743796497583389, -0.2231852114200592, -0.34618374705314636, -0.16348840296268463, 0.03605389967560768, -0.342143714427948, -0.6413223743438721, -0.4942818284034729, -0.394037127494812]","[2.6045682430267334, 2.1270456314086914, 2.1512742042541504, 2.0632054805755615, 1.793675422668457, 1.7014577388763428, 1.7262152433395386, 2.0698633193969727, 2.248852014541626, 1.9372845888137817, 1.7201173305511475, 1.6406012773513794, 1.6764931678771973, 1.7959496974945068, 1.52773916721344]","[-1.3951083421707153, -0.9675844311714172, -1.3559989929199219, -1.9141755104064941, -1.954384684562683, -1.7838133573532104, -1.7429008483886719, -1.8393710851669312, -1.9949042797088623, -2.1117331981658936, -2.1714301109313965, -2.167625904083252, -2.064178943634033, -2.0012686252593994, -1.929365634918213]","[-0.6705836653709412, -0.8444432020187378, -0.6037991642951965, -0.059882115572690964, -0.36334794759750366, -1.1310431957244873, -1.4695981740951538, -1.9317619800567627, -1.9897390604019165, -1.5217019319534302, -1.4180960655212402, -1.164457082748413, -1.4307161569595337, -2.0233380794525146, -1.5396438837051392]","[-0.2540275752544403, -0.3097646236419678, -0.5792660713195801, -0.9329736828804016, -0.8003858327865601, -0.32505419850349426, 0.06873508542776108, 0.16210077702999115, 0.15002460777759552, -0.1307026892900467, -0.3187628388404846, 0.14577871561050415, 0.36309584975242615, 0.34831503033638, 0.7273886799812317]","[-0.210379496216774, 0.27390626072883606, 0.33273833990097046, 0.9545423984527588, 1.2699888944625854, 0.9580712914466858, 1.0208979845046997, 1.0233014822006226, 0.9825276732444763, 1.2066892385482788, 1.0917397737503052, 1.169254183769226, 1.3505408763885498, 1.2887156009674072, 1.553688883781433]","[0.6338309049606323, 0.7400608658790588, 0.4371699094772339, 0.6251568794250488, 1.1388493776321411, 1.0266767740249634, 0.6994997262954712, 0.876667320728302, 1.2520740032196045, 1.3836791515350342, 1.381422996520996, 1.3469040393829346, 1.272449016571045, 1.179276466369629, 1.0117398500442505]","[0.3094307780265808, 0.1314602792263031, 0.21159175038337708, -0.43137356638908386, -0.8099697232246399, -0.41713947057724, -0.34818533062934875, -0.2588137090206146, -0.3037978410720825, -0.516109049320221, -0.4607585370540619, -0.9724690318107605, -1.0753390789031982, -0.7641240358352661, -1.2165422439575195]","[1.5107635259628296, 1.4322341680526733, 2.102860927581787, 2.618136405944824, 2.4583351612091064, 2.1231164932250977, 1.7922707796096802, 1.4275898933410645, 1.2570914030075073, 1.5458470582962036, 1.8682243824005127, 1.771250605583191, 1.6060415506362915, 1.342246651649475, 1.1510241031646729]","[1.7827088832855225, 1.3230721950531006, 0.49304309487342834, -0.47375592589378357, -0.13996396958827972, 0.1884763091802597, -0.10652206093072891, 0.3159829378128052, -0.13759228587150574, -1.389747142791748, -1.3469772338867188, -1.1116517782211304, -0.6913945078849792, -0.060297299176454544, -0.5652672052383423]","[-0.08463305979967117, -0.6091826558113098, -0.5096947550773621, 0.06571704894304276, -0.9040771126747131, -1.7017292976379395, -1.3208491802215576, -1.432992696762085, -0.7894169688224792, 0.13637030124664307, -0.440134733915329, -0.8316315412521362, -0.751394510269165, -0.5975998044013977, 0.2905181348323822]","[-2.0182831287384033, -0.988563597202301, -1.3343942165374756, -1.6135814189910889, -0.8688204288482666, -0.27152198553085327, 0.024417608976364136, 0.2735893726348877, 0.316731333732605, 0.4422711133956909, 0.8435339331626892, 1.3686164617538452, 1.7236801385879517, 1.688753604888916, 1.676256537437439]",15
8948,198,4,15,6,6,0.32063413,34.11826,1.537976,0.83744512619994649,1747.227,"[0.35717591643333435, 0.4610201120376587, 0.7577559351921082, 0.56302410364151, 0.06497950106859207, -0.05528011545538902, -0.23593924939632416, -0.5393528342247009, -0.5215616226196289, -0.4735456705093384, -0.4292626976966858, -0.1842481791973114, -0.19549362361431122, -0.3730517327785492, -0.26576292514801025]","[0.6857653856277466, 0.7031689882278442, 0.7102178335189819, 1.0728363990783691, 1.6233389377593994, 1.9481028318405151, 1.9100857973098755, 1.6930887699127197, 1.5294268131256104, 1.4592148065567017, 1.3742588758468628, 1.3077375888824463, 1.314611792564392, 1.2748900651931763, 1.2252891063690186]","[-0.49370402097702026, -0.9079672694206238, -1.180965542793274, -1.3101832866668701, -1.5616810321807861, -1.8173195123672485, -1.8528754711151123, -1.7582764625549316, -1.6730549335479736, -1.736794114112854, -1.907485008239746, -2.007840633392334, -1.9890177249908447, -1.9714646339416504, -1.95926833152771]","[-0.8914936780929565, -0.5654876232147217, -0.5968972444534302, -0.6417823433876038, -0.7316476106643677, -1.1941933631896973, -1.156121850013733, -0.6878863573074341, -0.6895752549171448, -0.6406208276748657, -0.34746670722961426, -0.4952544867992401, -0.494010865688324, -0.09209499508142471, 0.003615219844505191]","[0.8148323893547058, 1.1024154424667358, 0.8434990644454956, 0.9599860906600952, 1.6344460248947144, 1.8228029012680054, 1.6724481582641602, 1.5065995454788208, 1.1509095430374146, 1.1758148670196533, 1.6029667854309082, 1.5886518955230713, 1.399566888809204, 1.4241390228271484, 1.234716534614563]","[0.7418272495269775, 0.9215204119682312, 0.5690156817436218, 0.26318877935409546, 0.0573020800948143, -0.06061926856637001, 0.18648824095726013, 0.5687174797058105, 0.8208942413330078, 0.8729385733604431, 0.5371276140213013, 0.2985136806964874, 0.6898200511932373, 0.9362173676490784, 0.6515637636184692]","[-0.04379494860768318, 0.15117914974689484, 0.2341364622116089, 0.4199431240558624, 0.6127283573150635, 0.7042185664176941, 0.7319720387458801, 0.5631482005119324, 0.3589493930339813, 0.5023684501647949, 0.8321064114570618, 0.9482775330543518, 0.8942127227783203, 0.7471650242805481, 0.4897885024547577]","[-1.1648707389831543, -1.5307245254516602, -1.4602223634719849, -1.3897429704666138, -1.2728874683380127, -0.878698468208313, -0.8588818907737732, -1.0924261808395386, -1.1552244424819946, -1.4632720947265625, -1.6633390188217163, -1.4607369899749756, -1.6020870208740234, -1.8113383054733276, -1.6065351963043213]","[0.824079692363739, 0.928321361541748, 1.2666034698486328, 1.298939824104309, 0.9498746395111084, 0.5920689105987549, 0.4995609521865845, 0.7490206956863403, 1.160638689994812, 1.4024978876113892, 1.3569862842559814, 1.2519391775131226, 1.3041284084320068, 1.5622501373291016, 1.912095546722412]","[2.868985414505005, 2.2831227779388428, 1.8691195249557495, 1.539318561553955, 1.531248927116394, 2.044069528579712, 1.718375325202942, 0.6745702028274536, 0.252453476190567, 0.09526702016592026, 0.04435231536626816, 0.3389052748680115, 0.06478530168533325, -0.3716627359390259, -0.07233764231204987]","[-2.233142852783203, -1.8616544008255005, -1.9583547115325928, -1.8461072444915771, -1.553578495979309, -1.475228190422058, -1.2051477432250977, -0.7991923689842224, -0.891221284866333, -1.2208832502365112, -1.426169753074646, -1.4549466371536255, -1.0232348442077637, -0.757519006729126, -1.1005243062973022]","[-0.5884161591529846, -0.547626793384552, -0.64710533618927, -0.6087607741355896, -0.8042992949485779, -1.3132857084274292, -1.135087013244629, -0.5472190380096436, -0.27521198987960815, -0.049747154116630554, 0.14561539888381958, 0.061737749725580215, 0.054250869899988174, 0.0814666822552681, -0.07353195548057556]",15
10695,237,10,10,7,7,0.28994155,34.10373,1.3012545,0.742502906780409266,1742.3637,"[-0.5424121618270874, -0.6429455280303955, -0.7381348609924316, -0.6740292310714722, -0.49532413482666016, -0.44455280900001526, -0.4586441218852997, -0.36431628465652466, -0.2856333255767822, -0.30625736713409424]","[1.005660057067871, 1.0322080850601196, 0.7053142189979553, 0.4114969074726105, 0.2717098891735077, 0.06021751090884209, -0.0944531112909317, -0.024997632950544357, -0.09323147684335709, -0.3657255172729492]","[-0.907124400138855, -0.8982985615730286, -0.5588344931602478, -0.46921220421791077, -0.49262750148773193, -0.09451574087142944, 0.3121870160102844, 0.3634035885334015, 0.7731567621231079, 1.490038514137268]","[0.5659067034721375, 0.32047683000564575, 0.4785343110561371, 0.5455551147460938, 0.41075050830841064, 0.6889135837554932, 1.0247358083724976, 0.9396737813949585, 1.0954561233520508, 1.5199360847473145]","[0.4989228844642639, 0.2762817144393921, 0.3943493366241455, 0.4355677664279938, 0.28210607171058655, 0.3435401916503906, 0.4715162217617035, 0.3579147756099701, 0.2696019411087036, 0.3356606662273407]","[-0.36500686407089233, -0.28859418630599976, -0.4269414246082306, -0.6352730989456177, -0.746814489364624, -0.7794294357299805, -0.8942826986312866, -1.0674009323120117, -1.1420637369155884, -1.1880055665969849]","[-0.04851825162768364, 0.3901056945323944, 0.5076552629470825, 0.3994061052799225, 0.2419731467962265, 0.006614179816097021, -0.19360008835792542, -0.18405432999134064, -0.15953963994979858, -0.2909562885761261]","[-0.531728208065033, -0.5676754117012024, -0.5629088282585144, -0.4879266023635864, -0.2968808114528656, -0.004128807689994574, 0.428475558757782, 0.8756853342056274, 1.1670888662338257, 1.4401625394821167]","[0.2763899564743042, 0.12427663058042526, -0.12354760617017746, -0.15951749682426453, -0.06056363880634308, 0.007633563131093979, 0.21016377210617065, 0.534453272819519, 0.6377541422843933, 0.5124944448471069]","[-1.5547292232513428, -1.5519760847091675, -1.0209226608276367, -0.6238277554512024, -0.45369958877563477, -0.10400502383708954, 0.1781444251537323, 0.11480271816253662, 0.09706583619117737, 0.13434679806232452]","[0.8310606479644775, 0.7701422572135925, 0.42674508690834045, 0.16515988111495972, 0.03826969489455223, -0.2833704352378845, -0.7679965496063232, -1.15828537940979, -1.6490375995635986, -2.12524151802063]","[-0.289045125246048, -0.35325416922569275, -0.5729723572731018, -0.5542812347412109, -0.35280507802963257, -0.49412983655929565, -0.8655567765235901, -1.0496952533721924, -1.2275233268737793, -1.3883790969848633]",10
10688,237,11,10,7,7,0.23165631,33.921246,1.4132345,0.83876718679395399,1740.20557,"[-0.6429455280303955, -0.7381348609924316, -0.6740292310714722, -0.49532413482666016, -0.44455280900001526, -0.4586441218852997, -0.36431628465652466, -0.2856333255767822, -0.30625736713409424, -0.3157377243041992]","[1.0322080850601196, 0.7053142189979553, 0.4114969074726105, 0.2717098891735077, 0.06021751090884209, -0.0944531112909317, -0.024997632950544357, -0.09323147684335709, -0.3657255172729492, -0.3862767219543457]","[-0.8982985615730286, -0.5588344931602478, -0.46921220421791077, -0.49262750148773193, -0.09451574087142944, 0.3121870160102844, 0.3634035885334015, 0.7731567621231079, 1.490038514137268, 1.494085669517517]","[0.32047683000564575, 0.4785343110561371, 0.5455551147460938, 0.41075050830841064, 0.6889135837554932, 1.0247358083724976, 0.9396737813949585, 1.0954561233520508, 1.5199360847473145, 1.2087949514389038]","[0.2762817144393921, 0.3943493366241455, 0.4355677664279938, 0.28210607171058655, 0.3435401916503906, 0.4715162217617035, 0.3579147756099701, 0.2696019411087036, 0.3356606662273407, 0.3044597804546356]","[-0.28859418630599976, -0.4269414246082306, -0.6352730989456177, -0.746814489364624, -0.7794294357299805, -0.8942826986312866, -1.0674009323120117, -1.1420637369155884, -1.1880055665969849, -1.3396961688995361]","[0.3901056945323944, 0.5076552629470825, 0.3994061052799225, 0.2419731467962265, 0.006614179816097021, -0.19360008835792542, -0.18405432999134064, -0.15953963994979858, -0.2909562885761261, -0.3873472213745117]","[-0.5676754117012024, -0.5629088282585144, -0.4879266023635864, -0.2968808114528656, -0.004128807689994574, 0.428475558757782, 0.8756853342056274, 1.1670888662338257, 1.4401625394821167, 1.7459808588027954]","[0.12427663058042526, -0.12354760617017746, -0.15951749682426453, -0.06056363880634308, 0.007633563131093979, 0.21016377210617065, 0.534453272819519, 0.6377541422843933, 0.5124944448471069, 0.525363564491272]","[-1.5519760847091675, -1.0209226608276367, -0.6238277554512024, -0.45369958877563477, -0.10400502383708954, 0.1781444251537323, 0.11480271816253662, 0.09706583619117737, 0.13434679806232452, -0.1909046620130539]","[0.7701422572135925, 0.42674508690834045, 0.16515988111495972, 0.03826969489455223, -0.2833704352378845, -0.7679965496063232, -1.15828537940979, -1.6490375995635986, -2.12524151802063, -2.209556818008423]","[-0.35325416922569275, -0.5729723572731018, -0.5542812347412109, -0.35280507802963257, -0.49412983655929565, -0.8655567765235901, -1.0496952533721924, -1.2275233268737793, -1.3883790969848633, -1.1502690315246582]",10
10700,237,6,15,7,7,0.5035262,33.287323,1.7912326,0.83988229639346952,1739.4246,"[-0.12336624413728714, -0.165108785033226, -0.2737889587879181, -0.434040367603302, -0.5424121618270874, -0.6429455280303955, -0.7381348609924316, -0.6740292310714722, -0.49532413482666016, -0.44455280900001526, -0.4586441218852997, -0.36431628465652466, -0.2856333255767822, -0.30625736713409424, -0.3157377243041992]","[0.560503363609314, 0.7457171678543091, 0.7677121162414551, 0.7894087433815002, 1.005660057067871, 1.0322080850601196, 0.7053142189979553, 0.4114969074726105, 0.2717098891735077, 0.06021751090884209, -0.0944531112909317, -0.024997632950544357, -0.09323147684335709, -0.3657255172729492, -0.3862767219543457]","[-1.2278496026992798, -1.2702220678329468, -1.0201512575149536, -0.7808188199996948, -0.907124400138855, -0.8982985615730286, -0.5588344931602478, -0.46921220421791077, -0.49262750148773193, -0.09451574087142944, 0.3121870160102844, 0.3634035885334015, 0.7731567621231079, 1.490038514137268, 1.494085669517517]","[0.4443241357803345, 0.16599006950855255, 0.22363074123859406, 0.6443452835083008, 0.5659067034721375, 0.32047683000564575, 0.4785343110561371, 0.5455551147460938, 0.41075050830841064, 0.6889135837554932, 1.0247358083724976, 0.9396737813949585, 1.0954561233520508, 1.5199360847473145, 1.2087949514389038]","[0.006452552974224091, 0.07960205525159836, 0.42137354612350464, 0.6983458399772644, 0.4989228844642639, 0.2762817144393921, 0.3943493366241455, 0.4355677664279938, 0.28210607171058655, 0.3435401916503906, 0.4715162217617035, 0.3579147756099701, 0.2696019411087036, 0.3356606662273407, 0.3044597804546356]","[-0.7102827429771423, -0.6077194213867188, -0.6203011274337769, -0.5480749607086182, -0.36500686407089233, -0.28859418630599976, -0.4269414246082306, -0.6352730989456177, -0.746814489364624, -0.7794294357299805, -0.8942826986312866, -1.0674009323120117, -1.1420637369155884, -1.1880055665969849, -1.3396961688995361]","[0.026528552174568176, -0.26946136355400085, -0.4701319634914398, -0.4432099163532257, -0.04851825162768364, 0.3901056945323944, 0.5076552629470825, 0.3994061052799225, 0.2419731467962265, 0.006614179816097021, -0.19360008835792542, -0.18405432999134064, -0.15953963994979858, -0.2909562885761261, -0.3873472213745117]","[-0.3708215057849884, -0.24531099200248718, -0.2580067813396454, -0.41685283184051514, -0.531728208065033, -0.5676754117012024, -0.5629088282585144, -0.4879266023635864, -0.2968808114528656, -0.004128807689994574, 0.428475558757782, 0.8756853342056274, 1.1670888662338257, 1.4401625394821167, 1.7459808588027954]","[0.44354984164237976, 0.3333486020565033, 0.22914248704910278, 0.23624670505523682, 0.2763899564743042, 0.12427663058042526, -0.12354760617017746, -0.15951749682426453, -0.06056363880634308, 0.007633563131093979, 0.21016377210617065, 0.534453272819519, 0.6377541422843933, 0.5124944448471069, 0.525363564491272]","[-1.7147401571273804, -1.5183658599853516, -1.246551513671875, -1.2230305671691895, -1.5547292232513428, -1.5519760847091675, -1.0209226608276367, -0.6238277554512024, -0.45369958877563477, -0.10400502383708954, 0.1781444251537323, 0.11480271816253662, 0.09706583619117737, 0.13434679806232452, -0.1909046620130539]","[0.18760477006435394, 0.6383310556411743, 0.7442532181739807, 0.7282167077064514, 0.8310606479644775, 0.7701422572135925, 0.42674508690834045, 0.16515988111495972, 0.03826969489455223, -0.2833704352378845, -0.7679965496063232, -1.15828537940979, -1.6490375995635986, -2.12524151802063, -2.209556818008423]","[0.022159434854984283, -0.011401648633182049, -0.05670300871133804, -0.24981431663036346, -0.289045125246048, -0.35325416922569275, -0.5729723572731018, -0.5542812347412109, -0.35280507802963257, -0.49412983655929565, -0.8655567765235901, -1.0496952533721924, -1.2275233268737793, -1.3883790969848633, -1.1502690315246582]",15
10235,227,14,10,7,7,0.6054249,34.1875,1.1599474,0.735859319959475666,1736.4781,"[-0.38885146379470825, -0.33328777551651, -0.2632451355457306, -0.2720871567726135, -0.30267733335494995, -0.2589714229106903, -0.25198066234588623, -0.3645341098308563, -0.4217202961444855, -0.17306774854660034]","[-0.8791815638542175, -0.8638569712638855, -0.8407803177833557, -0.823866605758667, -0.8376825451850891, -0.8355242609977722, -0.8711931705474854, -0.998051106929779, -1.0546849966049194, -0.8921371698379517]","[0.4664583206176758, 0.43174654245376587, 0.45868852734565735, 0.5621131658554077, 0.6700676083564758, 0.6763333082199097, 0.7102013826370239, 0.9173105955123901, 1.0040236711502075, 0.7093849778175354]","[-1.0965192317962646, -1.1992688179016113, -1.1915262937545776, -0.9304463267326355, -0.6532033681869507, -0.7047571539878845, -0.7823696136474609, -0.4871772527694702, -0.31298962235450745, -0.9246007800102234]","[0.7268074154853821, 0.5768419504165649, 0.4363405108451843, 0.5698572397232056, 0.6975477337837219, 0.5083017349243164, 0.4388256072998047, 0.964762806892395, 1.2873727083206177, 0.45457667112350464]","[0.5515545010566711, 0.4646507203578949, 0.3897378742694855, 0.3806603252887726, 0.44156283140182495, 0.44965630769729614, 0.3927673101425171, 0.2966655492782593, 0.14134499430656433, -0.022883061319589615]","[-1.1368088722229004, -1.1118602752685547, -1.1129381656646729, -1.0850608348846436, -0.9594350457191467, -0.7913855314254761, -0.7716711163520813, -1.0196313858032227, -1.1287120580673218, -0.9054033756256104]","[0.8066956400871277, 0.8387695550918579, 0.8795744776725769, 0.8812451958656311, 0.9309084415435791, 1.138085961341858, 1.3067402839660645, 1.335705041885376, 1.4504666328430176, 1.603751301765442]","[-0.7022208571434021, -0.6315045356750488, -0.5463422536849976, -0.5216511487960815, -0.47100624442100525, -0.2855224311351776, -0.1860208660364151, -0.37558165192604065, -0.5520349144935608, -0.21826764941215515]","[-0.6468529105186462, -0.5485028624534607, -0.4096393287181854, -0.18910419940948486, -0.01923438161611557, -0.06964327394962311, -0.16784410178661346, -0.1094151958823204, -0.04541371762752533, -0.28734880685806274]","[-0.0803752914071083, -0.0528964065015316, 0.053447552025318146, 0.2062244862318039, 0.2876535952091217, 0.21335001289844513, 0.026340913027524948, -0.09363654255867004, -0.18328070640563965, -0.340591698884964]","[-0.8863089084625244, -0.8309796452522278, -0.783017635345459, -0.912394106388092, -1.0399917364120483, -0.9009999632835388, -0.812554657459259, -1.1329468488693237, -1.2764759063720703, -0.8051055073738098]",10
10691,237,9,10,7,7,0.40915084,33.284733,1.2805905,0.840933245235709714,1724.579,"[-0.434040367603302, -0.5424121618270874, -0.6429455280303955, -0.7381348609924316, -0.6740292310714722, -0.49532413482666016, -0.44455280900001526, -0.4586441218852997, -0.36431628465652466, -0.2856333255767822]","[0.7894087433815002, 1.005660057067871, 1.0322080850601196, 0.7053142189979553, 0.4114969074726105, 0.2717098891735077, 0.06021751090884209, -0.0944531112909317, -0.024997632950544357, -0.09323147684335709]","[-0.7808188199996948, -0.907124400138855, -0.8982985615730286, -0.5588344931602478, -0.46921220421791077, -0.49262750148773193, -0.09451574087142944, 0.3121870160102844, 0.3634035885334015, 0.7731567621231079]","[0.6443452835083008, 0.5659067034721375, 0.32047683000564575, 0.4785343110561371, 0.5455551147460938, 0.41075050830841064, 0.6889135837554932, 1.0247358083724976, 0.9396737813949585, 1.0954561233520508]","[0.6983458399772644, 0.4989228844642639, 0.2762817144393921, 0.3943493366241455, 0.4355677664279938, 0.28210607171058655, 0.3435401916503906, 0.4715162217617035, 0.3579147756099701, 0.2696019411087036]","[-0.5480749607086182, -0.36500686407089233, -0.28859418630599976, -0.4269414246082306, -0.6352730989456177, -0.746814489364624, -0.7794294357299805, -0.8942826986312866, -1.0674009323120117, -1.1420637369155884]","[-0.4432099163532257, -0.04851825162768364, 0.3901056945323944, 0.5076552629470825, 0.3994061052799225, 0.2419731467962265, 0.006614179816097021, -0.19360008835792542, -0.18405432999134064, -0.15953963994979858]","[-0.41685283184051514, -0.531728208065033, -0.5676754117012024, -0.5629088282585144, -0.4879266023635864, -0.2968808114528656, -0.004128807689994574, 0.428475558757782, 0.8756853342056274, 1.1670888662338257]","[0.23624670505523682, 0.2763899564743042, 0.12427663058042526, -0.12354760617017746, -0.15951749682426453, -0.06056363880634308, 0.007633563131093979, 0.21016377210617065, 0.534453272819519, 0.6377541422843933]","[-1.2230305671691895, -1.5547292232513428, -1.5519760847091675, -1.0209226608276367, -0.6238277554512024, -0.45369958877563477, -0.10400502383708954, 0.1781444251537323, 0.11480271816253662, 0.09706583619117737]","[0.7282167077064514, 0.8310606479644775, 0.7701422572135925, 0.42674508690834045, 0.16515988111495972, 0.03826969489455223, -0.2833704352378845, -0.7679965496063232, -1.15828537940979, -1.6490375995635986]","[-0.24981431663036346, -0.289045125246048, -0.35325416922569275, -0.5729723572731018, -0.5542812347412109, -0.35280507802963257, -0.49412983655929565, -0.8655567765235901, -1.0496952533721924, -1.2275233268737793]",10
9757,216,3,15,7,7,0.2577238,32.522255,1.7609422,0.736442063821471304,1721.4943,"[-0.38048580288887024, -0.49732038378715515, -0.4193524420261383, -0.5048466324806213, -0.7744181752204895, -0.9069918394088745, -0.804372251033783, -0.6612182855606079, -0.6265473961830139, -0.609307587146759, -0.4697071313858032, -0.2933148443698883, -0.3354659676551819, -0.6288896799087524, -0.8844389319419861]","[-0.42329782247543335, -0.48702406883239746, -0.3354260325431824, -0.23379988968372345, -0.23427847027778625, -0.1732202172279358, -0.02492973953485489, 0.03505144268274307, -0.13247497379779816, -0.4277185797691345, -0.6332924365997314, -0.6380406022071838, -0.5571554899215698, -0.5300807952880859, -0.4958187937736511]","[-0.43892985582351685, -0.2524278461933136, -0.3176478147506714, -0.2671266794204712, -0.008654281497001648, 0.18146415054798126, 0.1522870510816574, 0.11426042020320892, 0.29133090376853943, 0.552336573600769, 0.6012730002403259, 0.4285734295845032, 0.30083152651786804, 0.38322311639785767, 0.46378836035728455]","[0.8396161794662476, 0.8185583353042603, 0.5292413830757141, 0.5276758074760437, 0.8395756483078003, 1.0559965372085571, 1.0813288688659668, 1.1182527542114258, 1.3614778518676758, 1.5796482563018799, 1.5038405656814575, 1.2063583135604858, 1.0460834503173828, 1.2002747058868408, 1.4369138479232788]","[0.1788998395204544, 0.1448621302843094, -0.12422368675470352, -0.21238379180431366, -0.08211151510477066, -0.04413008317351341, -0.20833338797092438, -0.3627088665962219, -0.30047333240509033, -0.051434557884931564, 0.1391782909631729, 0.13935726881027222, 0.09874201565980911, 0.16497941315174103, 0.25950300693511963]","[1.220713496208191, 1.2702205181121826, 1.1137709617614746, 0.9444113969802856, 0.8493162989616394, 0.7857467532157898, 0.7661524415016174, 0.7689973711967468, 0.7373520731925964, 0.5842151045799255, 0.2711438834667206, -0.12398939579725266, -0.44343382120132446, -0.6165429353713989, -0.6918033957481384]","[-0.9325624108314514, -1.1014738082885742, -1.0503650903701782, -1.0789642333984375, -1.2471964359283447, -1.3829681873321533, -1.3938502073287964, -1.3763600587844849, -1.4577573537826538, -1.582277774810791, -1.590022325515747, -1.4713637828826904, -1.382655143737793, -1.4410606622695923, -1.4879189729690552]","[-1.4091153144836426, -1.2302082777023315, -1.1617183685302734, -1.1090337038040161, -0.9820049405097961, -0.8296765685081482, -0.6639085412025452, -0.45868340134620667, -0.17999623715877533, 0.13190986216068268, 0.35759133100509644, 0.4764423966407776, 0.577756404876709, 0.7271992564201355, 0.8448386192321777]","[0.09227301180362701, -0.0730656310915947, -0.04559725895524025, -0.04124152660369873, -0.12259769439697266, -0.12442716211080551, 0.016718341037631035, 0.1868266761302948, 0.23784367740154266, 0.1736261397600174, 0.16395771503448486, 0.24783557653427124, 0.2927262783050537, 0.24510200321674347, 0.24529071152210236]","[-1.8074432611465454, -1.626371145248413, -1.837636947631836, -1.798937201499939, -1.41599702835083, -1.1230065822601318, -1.1074845790863037, -1.1831804513931274, -1.0575578212738037, -0.7514081597328186, -0.5474047064781189, -0.5113558173179626, -0.41634103655815125, -0.17520983517169952, -0.020347103476524353]","[0.746252715587616, 0.9170101881027222, 0.9801087379455566, 1.099833607673645, 1.2522720098495483, 1.3417030572891235, 1.2754981517791748, 1.016014814376831, 0.6601830124855042, 0.3548182547092438, 0.14219914376735687, -0.037490006536245346, -0.2283608764410019, -0.4107128977775574, -0.5555828213691711]","[0.5516077876091003, 0.38672855496406555, 0.8228704333305359, 0.8885691165924072, 0.3724398910999298, -0.0484563410282135, -0.0689970925450325, -0.11209063231945038, -0.5764759182929993, -1.2070151567459106, -1.496087670326233, -1.4098272323608398, -1.373917579650879, -1.6148110628128052, -1.7535851001739502]",15
7640,169,5,15,5,5,0.3321104,31.012754,1.6239023,0.841840383006617876,1689.89233,"[0.3213029205799103, 0.5822023153305054, 0.7621479034423828, 0.5664402842521667, 0.4529522955417633, 0.5111355185508728, 0.49287959933280945, 0.49898695945739746, 0.6383475661277771, 0.7391691207885742, 0.7292732000350952, 0.7616881132125854, 0.8506979942321777, 0.8438310623168945, 0.7611210346221924]","[-1.181575894355774, -1.340537667274475, -1.4270086288452148, -1.3101332187652588, -1.2452880144119263, -1.2641222476959229, -1.2186299562454224, -1.192483901977539, -1.3350017070770264, -1.4595476388931274, -1.4582390785217285, -1.5117855072021484, -1.5377585887908936, -1.453879714012146, -1.4285634756088257]","[1.2946245670318604, 1.4984122514724731, 1.6461623907089233, 1.6213481426239014, 1.6209887266159058, 1.7097456455230713, 1.791117548942566, 1.8421965837478638, 1.9317944049835205, 1.9775893688201904, 1.951493740081787, 1.9703240394592285, 1.9769648313522339, 1.9006943702697754, 1.8443546295166016]","[1.2210773229599, 1.0324528217315674, 0.8279770612716675, 1.017653465270996, 0.9818447828292847, 0.7257548570632935, 0.6755585074424744, 0.6889432668685913, 0.7293731570243835, 0.807534396648407, 0.8483185768127441, 0.8682976961135864, 0.7193231582641602, 0.5601055026054382, 0.8060377240180969]","[-0.7686486840248108, -0.7298377156257629, -0.8112612962722778, -0.8220857381820679, -0.8001090884208679, -0.7448223829269409, -0.7403221726417542, -0.9411179423332214, -1.2582662105560303, -1.5511516332626343, -1.7286447286605835, -1.7326456308364868, -1.800688624382019, -1.8548014163970947, -1.7597578763961792]","[1.1109092235565186, 1.062750220298767, 1.0177676677703857, 0.9925102591514587, 0.9996401071548462, 0.9720339775085449, 0.9506946802139282, 1.0082483291625977, 1.0899919271469116, 1.087480902671814, 1.0033169984817505, 0.8990604281425476, 0.7866700291633606, 0.6894629597663879, 0.6153877377510071]","[1.4088826179504395, 1.176862359046936, 1.095777153968811, 0.9513859748840332, 0.7499769926071167, 0.5600377321243286, 0.5341346859931946, 0.7019035816192627, 0.7902939915657043, 0.7991857528686523, 0.794319748878479, 0.6368029713630676, 0.5295200347900391, 0.5708341598510742, 0.4108809232711792]","[-1.2824970483779907, -1.1690856218338013, -1.0677860975265503, -1.1227103471755981, -0.991356611251831, -0.7825902104377747, -0.7703467607498169, -0.8113384246826172, -0.776404857635498, -0.6500000953674316, -0.546227753162384, -0.537428617477417, -0.46295347809791565, -0.4133288264274597, -0.5376855731010437]","[-1.946147084236145, -1.9940003156661987, -2.056131601333618, -1.9120709896087646, -1.7708710432052612, -1.6397641897201538, -1.4977829456329346, -1.481049656867981, -1.466011643409729, -1.339050531387329, -1.2192037105560303, -1.1436233520507812, -1.1251580715179443, -1.114610195159912, -0.9890212416648865]","[0.06080038473010063, 0.2923564910888672, 0.4775087535381317, 0.45069989562034607, 0.42157283425331116, 0.5321598052978516, 0.749945342540741, 1.0163147449493408, 1.165549397468567, 1.0588772296905518, 0.8804560303688049, 0.8824702501296997, 0.9109412431716919, 0.8103626370429993, 0.7118476033210754]","[0.79973304271698, 0.8975582122802734, 0.9762998819351196, 1.1970140933990479, 1.31126070022583, 1.113027811050415, 0.8061185479164124, 0.7305622696876526, 0.9235354661941528, 1.0894968509674072, 1.0811337232589722, 1.0311673879623413, 0.8408480882644653, 0.5698190927505493, 0.47562795877456665]","[-0.5027750730514526, -0.44909441471099854, -0.36179277300834656, -0.35753461718559265, -0.38878342509269714, -0.3452553153038025, -0.41716673970222473, -0.868523359298706, -1.50318443775177, -1.800190806388855, -1.753394365310669, -1.7790484428405762, -1.7444814443588257, -1.5026047229766846, -1.3657419681549072]",15
7647,169,4,15,5,5,0.31391454,31.09638,1.5284722,0.840143515904259397,1687.8536,"[0.5082118511199951, 0.3213029205799103, 0.5822023153305054, 0.7621479034423828, 0.5664402842521667, 0.4529522955417633, 0.5111355185508728, 0.49287959933280945, 0.49898695945739746, 0.6383475661277771, 0.7391691207885742, 0.7292732000350952, 0.7616881132125854, 0.8506979942321777, 0.8438310623168945]","[-1.2844619750976562, -1.181575894355774, -1.340537667274475, -1.4270086288452148, -1.3101332187652588, -1.2452880144119263, -1.2641222476959229, -1.2186299562454224, -1.192483901977539, -1.3350017070770264, -1.4595476388931274, -1.4582390785217285, -1.5117855072021484, -1.5377585887908936, -1.453879714012146]","[1.3002656698226929, 1.2946245670318604, 1.4984122514724731, 1.6461623907089233, 1.6213481426239014, 1.6209887266159058, 1.7097456455230713, 1.791117548942566, 1.8421965837478638, 1.9317944049835205, 1.9775893688201904, 1.951493740081787, 1.9703240394592285, 1.9769648313522339, 1.9006943702697754]","[0.8469374775886536, 1.2210773229599, 1.0324528217315674, 0.8279770612716675, 1.017653465270996, 0.9818447828292847, 0.7257548570632935, 0.6755585074424744, 0.6889432668685913, 0.7293731570243835, 0.807534396648407, 0.8483185768127441, 0.8682976961135864, 0.7193231582641602, 0.5601055026054382]","[-0.969801127910614, -0.7686486840248108, -0.7298377156257629, -0.8112612962722778, -0.8220857381820679, -0.8001090884208679, -0.7448223829269409, -0.7403221726417542, -0.9411179423332214, -1.2582662105560303, -1.5511516332626343, -1.7286447286605835, -1.7326456308364868, -1.800688624382019, -1.8548014163970947]","[1.1713587045669556, 1.1109092235565186, 1.062750220298767, 1.0177676677703857, 0.9925102591514587, 0.9996401071548462, 0.9720339775085449, 0.9506946802139282, 1.0082483291625977, 1.0899919271469116, 1.087480902671814, 1.0033169984817505, 0.8990604281425476, 0.7866700291633606, 0.6894629597663879]","[1.6764488220214844, 1.4088826179504395, 1.176862359046936, 1.095777153968811, 0.9513859748840332, 0.7499769926071167, 0.5600377321243286, 0.5341346859931946, 0.7019035816192627, 0.7902939915657043, 0.7991857528686523, 0.794319748878479, 0.6368029713630676, 0.5295200347900391, 0.5708341598510742]","[-1.2534886598587036, -1.2824970483779907, -1.1690856218338013, -1.0677860975265503, -1.1227103471755981, -0.991356611251831, -0.7825902104377747, -0.7703467607498169, -0.8113384246826172, -0.776404857635498, -0.6500000953674316, -0.546227753162384, -0.537428617477417, -0.46295347809791565, -0.4133288264274597]","[-2.1206512451171875, -1.946147084236145, -1.9940003156661987, -2.056131601333618, -1.9120709896087646, -1.7708710432052612, -1.6397641897201538, -1.4977829456329346, -1.481049656867981, -1.466011643409729, -1.339050531387329, -1.2192037105560303, -1.1436233520507812, -1.1251580715179443, -1.114610195159912]","[0.14634791016578674, 0.06080038473010063, 0.2923564910888672, 0.4775087535381317, 0.45069989562034607, 0.42157283425331116, 0.5321598052978516, 0.749945342540741, 1.0163147449493408, 1.165549397468567, 1.0588772296905518, 0.8804560303688049, 0.8824702501296997, 0.9109412431716919, 0.8103626370429993]","[0.5083798170089722, 0.79973304271698, 0.8975582122802734, 0.9762998819351196, 1.1970140933990479, 1.31126070022583, 1.113027811050415, 0.8061185479164124, 0.7305622696876526, 0.9235354661941528, 1.0894968509674072, 1.0811337232589722, 1.0311673879623413, 0.8408480882644653, 0.5698190927505493]","[-0.506674587726593, -0.5027750730514526, -0.44909441471099854, -0.36179277300834656, -0.35753461718559265, -0.38878342509269714, -0.3452553153038025, -0.41716673970222473, -0.868523359298706, -1.50318443775177, -1.800190806388855, -1.753394365310669, -1.7790484428405762, -1.7444814443588257, -1.5026047229766846]",15
7645,169,3,15,5,5,0.14061761,30.24695,1.3895445,0.743597033917720474,1668.4239,"[0.767935037612915, 0.5082118511199951, 0.3213029205799103, 0.5822023153305054, 0.7621479034423828, 0.5664402842521667, 0.4529522955417633, 0.5111355185508728, 0.49287959933280945, 0.49898695945739746, 0.6383475661277771, 0.7391691207885742, 0.7292732000350952, 0.7616881132125854, 0.8506979942321777]","[-1.631541132926941, -1.2844619750976562, -1.181575894355774, -1.340537667274475, -1.4270086288452148, -1.3101332187652588, -1.2452880144119263, -1.2641222476959229, -1.2186299562454224, -1.192483901977539, -1.3350017070770264, -1.4595476388931274, -1.4582390785217285, -1.5117855072021484, -1.5377585887908936]","[1.4677190780639648, 1.3002656698226929, 1.2946245670318604, 1.4984122514724731, 1.6461623907089233, 1.6213481426239014, 1.6209887266159058, 1.7097456455230713, 1.791117548942566, 1.8421965837478638, 1.9317944049835205, 1.9775893688201904, 1.951493740081787, 1.9703240394592285, 1.9769648313522339]","[0.699981689453125, 0.8469374775886536, 1.2210773229599, 1.0324528217315674, 0.8279770612716675, 1.017653465270996, 0.9818447828292847, 0.7257548570632935, 0.6755585074424744, 0.6889432668685913, 0.7293731570243835, 0.807534396648407, 0.8483185768127441, 0.8682976961135864, 0.7193231582641602]","[-0.9319464564323425, -0.969801127910614, -0.7686486840248108, -0.7298377156257629, -0.8112612962722778, -0.8220857381820679, -0.8001090884208679, -0.7448223829269409, -0.7403221726417542, -0.9411179423332214, -1.2582662105560303, -1.5511516332626343, -1.7286447286605835, -1.7326456308364868, -1.800688624382019]","[1.2672029733657837, 1.1713587045669556, 1.1109092235565186, 1.062750220298767, 1.0177676677703857, 0.9925102591514587, 0.9996401071548462, 0.9720339775085449, 0.9506946802139282, 1.0082483291625977, 1.0899919271469116, 1.087480902671814, 1.0033169984817505, 0.8990604281425476, 0.7866700291633606]","[1.5663264989852905, 1.6764488220214844, 1.4088826179504395, 1.176862359046936, 1.095777153968811, 0.9513859748840332, 0.7499769926071167, 0.5600377321243286, 0.5341346859931946, 0.7019035816192627, 0.7902939915657043, 0.7991857528686523, 0.794319748878479, 0.6368029713630676, 0.5295200347900391]","[-1.4372638463974, -1.2534886598587036, -1.2824970483779907, -1.1690856218338013, -1.0677860975265503, -1.1227103471755981, -0.991356611251831, -0.7825902104377747, -0.7703467607498169, -0.8113384246826172, -0.776404857635498, -0.6500000953674316, -0.546227753162384, -0.537428617477417, -0.46295347809791565]","[-2.165567398071289, -2.1206512451171875, -1.946147084236145, -1.9940003156661987, -2.056131601333618, -1.9120709896087646, -1.7708710432052612, -1.6397641897201538, -1.4977829456329346, -1.481049656867981, -1.466011643409729, -1.339050531387329, -1.2192037105560303, -1.1436233520507812, -1.1251580715179443]","[0.40148666501045227, 0.14634791016578674, 0.06080038473010063, 0.2923564910888672, 0.4775087535381317, 0.45069989562034607, 0.42157283425331116, 0.5321598052978516, 0.749945342540741, 1.0163147449493408, 1.165549397468567, 1.0588772296905518, 0.8804560303688049, 0.8824702501296997, 0.9109412431716919]","[0.28060901165008545, 0.5083798170089722, 0.79973304271698, 0.8975582122802734, 0.9762998819351196, 1.1970140933990479, 1.31126070022583, 1.113027811050415, 0.8061185479164124, 0.7305622696876526, 0.9235354661941528, 1.0894968509674072, 1.0811337232589722, 1.0311673879623413, 0.8408480882644653]","[-0.6018363237380981, -0.506674587726593, -0.5027750730514526, -0.44909441471099854, -0.36179277300834656, -0.35753461718559265, -0.38878342509269714, -0.3452553153038025, -0.41716673970222473, -0.868523359298706, -1.50318443775177, -1.800190806388855, -1.753394365310669, -1.7790484428405762, -1.7444814443588257]",15
7648,169,6,15,5,5,0.26972055,28.91117,1.5841174,0.83950909346176539,1645.50146,"[0.5822023153305054, 0.7621479034423828, 0.5664402842521667, 0.4529522955417633, 0.5111355185508728, 0.49287959933280945, 0.49898695945739746, 0.6383475661277771, 0.7391691207885742, 0.7292732000350952, 0.7616881132125854, 0.8506979942321777, 0.8438310623168945, 0.7611210346221924, 0.8953477740287781]","[-1.340537667274475, -1.4270086288452148, -1.3101332187652588, -1.2452880144119263, -1.2641222476959229, -1.2186299562454224, -1.192483901977539, -1.3350017070770264, -1.4595476388931274, -1.4582390785217285, -1.5117855072021484, -1.5377585887908936, -1.453879714012146, -1.4285634756088257, -1.526451826095581]","[1.4984122514724731, 1.6461623907089233, 1.6213481426239014, 1.6209887266159058, 1.7097456455230713, 1.791117548942566, 1.8421965837478638, 1.9317944049835205, 1.9775893688201904, 1.951493740081787, 1.9703240394592285, 1.9769648313522339, 1.9006943702697754, 1.8443546295166016, 1.8877819776535034]","[1.0324528217315674, 0.8279770612716675, 1.017653465270996, 0.9818447828292847, 0.7257548570632935, 0.6755585074424744, 0.6889432668685913, 0.7293731570243835, 0.807534396648407, 0.8483185768127441, 0.8682976961135864, 0.7193231582641602, 0.5601055026054382, 0.8060377240180969, 0.7661060690879822]","[-0.7298377156257629, -0.8112612962722778, -0.8220857381820679, -0.8001090884208679, -0.7448223829269409, -0.7403221726417542, -0.9411179423332214, -1.2582662105560303, -1.5511516332626343, -1.7286447286605835, -1.7326456308364868, -1.800688624382019, -1.8548014163970947, -1.7597578763961792, -1.8357640504837036]","[1.062750220298767, 1.0177676677703857, 0.9925102591514587, 0.9996401071548462, 0.9720339775085449, 0.9506946802139282, 1.0082483291625977, 1.0899919271469116, 1.087480902671814, 1.0033169984817505, 0.8990604281425476, 0.7866700291633606, 0.6894629597663879, 0.6153877377510071, 0.5852864384651184]","[1.176862359046936, 1.095777153968811, 0.9513859748840332, 0.7499769926071167, 0.5600377321243286, 0.5341346859931946, 0.7019035816192627, 0.7902939915657043, 0.7991857528686523, 0.794319748878479, 0.6368029713630676, 0.5295200347900391, 0.5708341598510742, 0.4108809232711792, 0.23602667450904846]","[-1.1690856218338013, -1.0677860975265503, -1.1227103471755981, -0.991356611251831, -0.7825902104377747, -0.7703467607498169, -0.8113384246826172, -0.776404857635498, -0.6500000953674316, -0.546227753162384, -0.537428617477417, -0.46295347809791565, -0.4133288264274597, -0.5376855731010437, -0.5278211236000061]","[-1.9940003156661987, -2.056131601333618, -1.9120709896087646, -1.7708710432052612, -1.6397641897201538, -1.4977829456329346, -1.481049656867981, -1.466011643409729, -1.339050531387329, -1.2192037105560303, -1.1436233520507812, -1.1251580715179443, -1.114610195159912, -0.9890212416648865, -1.0087542533874512]","[0.2923564910888672, 0.4775087535381317, 0.45069989562034607, 0.42157283425331116, 0.5321598052978516, 0.749945342540741, 1.0163147449493408, 1.165549397468567, 1.0588772296905518, 0.8804560303688049, 0.8824702501296997, 0.9109412431716919, 0.8103626370429993, 0.7118476033210754, 0.7312710285186768]","[0.8975582122802734, 0.9762998819351196, 1.1970140933990479, 1.31126070022583, 1.113027811050415, 0.8061185479164124, 0.7305622696876526, 0.9235354661941528, 1.0894968509674072, 1.0811337232589722, 1.0311673879623413, 0.8408480882644653, 0.5698190927505493, 0.47562795877456665, 0.48564785718917847]","[-0.44909441471099854, -0.36179277300834656, -0.35753461718559265, -0.38878342509269714, -0.3452553153038025, -0.41716673970222473, -0.868523359298706, -1.50318443775177, -1.800190806388855, -1.753394365310669, -1.7790484428405762, -1.7444814443588257, -1.5026047229766846, -1.3657419681549072, -1.4179085493087769]",15
11780,261,2,15,8,8,0.031451225,27.487734,1.4182503,0.842876806897633335,1613.7406,"[-0.14505325257778168, -0.09396381676197052, -0.055205684155225754, -0.07277835160493851, -0.03082936443388462, 0.011966902762651443, 0.06974592059850693, 0.3055143654346466, 0.5549410581588745, 0.5153670310974121, 0.34844908118247986, 0.2906288206577301, 0.288367360830307, 0.3211129605770111, 0.4078957438468933]","[0.2311699539422989, 0.04399082437157631, -0.25905346870422363, -0.21876780688762665, 0.16937124729156494, 0.37177130579948425, 0.3925286531448364, 0.33931127190589905, 0.09466618299484253, -0.031091278418898582, 0.09114177525043488, 0.12549880146980286, 0.0756727084517479, 0.041687674820423126, -0.024150267243385315]","[-0.39006102085113525, -0.6884909272193909, -0.755822479724884, -0.46528276801109314, -0.3402220606803894, -0.4538853168487549, -0.5266764760017395, -0.3150653839111328, 0.11937034875154495, 0.28267571330070496, 0.1271553337574005, 0.12294366955757141, 0.2695550322532654, 0.45758554339408875, 0.6460201144218445]","[0.6475871205329895, 0.4937531054019928, 0.7144528031349182, 1.0292471647262573, 0.9632484912872314, 1.12198805809021, 1.3225133419036865, 0.9346914291381836, 0.6088688373565674, 0.6733401417732239, 0.5886018872261047, 0.6849287152290344, 0.9710155129432678, 0.8505155444145203, 0.8189359903335571]","[0.805814266204834, 0.5681363940238953, 0.8724088668823242, 1.3772590160369873, 1.1984705924987793, 1.0117337703704834, 1.1018685102462769, 1.2151001691818237, 1.6112163066864014, 1.8918828964233398, 1.64348566532135, 1.4886384010314941, 1.4848731756210327, 1.2079888582229614, 1.140889048576355]","[2.0991756916046143, 1.9354387521743774, 1.6485562324523926, 1.5073788166046143, 1.5957653522491455, 1.5828763246536255, 1.3268097639083862, 1.1665223836898804, 1.2047113180160522, 1.234444260597229, 1.1785961389541626, 1.0830345153808594, 0.9127233028411865, 0.7066113352775574, 0.5829900503158569]","[-0.5192150473594666, -0.30165496468544006, -0.24438482522964478, -0.47926223278045654, -0.7060037851333618, -0.973831832408905, -1.250307559967041, -1.2998247146606445, -1.248145580291748, -1.1359553337097168, -0.9049274325370789, -0.7658131122589111, -0.6626431345939636, -0.4901859760284424, -0.47010061144828796]","[0.9333469271659851, 0.7028671503067017, 0.45167237520217896, 0.43139490485191345, 0.41865062713623047, 0.2464239001274109, 0.15847225487232208, 0.3574056923389435, 0.7052353024482727, 0.8893173933029175, 0.9269442558288574, 0.9943925142288208, 1.070152997970581, 1.15603768825531, 1.2386420965194702]","[0.02828735113143921, -0.09405992180109024, -0.4049835801124573, -0.5979322195053101, -0.11317764222621918, 0.3326730728149414, 0.3302012085914612, 0.24018844962120056, 0.04476838558912277, -0.07214633375406265, 0.12136100232601166, 0.11614514142274857, -0.09486043453216553, -0.05550810322165489, -0.12999120354652405]","[-1.0882718563079834, -1.1669708490371704, -0.950772225856781, -0.711997389793396, -1.035820722579956, -1.0928258895874023, -0.7245250344276428, -0.542454719543457, -0.26525023579597473, 0.04752933979034424, 0.012863987125456333, 0.16900703310966492, 0.49089187383651733, 0.3510645925998688, 0.19621862471103668]","[0.33628788590431213, 0.7412647008895874, 1.1884926557540894, 1.317837119102478, 1.1394462585449219, 1.0047539472579956, 0.9536688923835754, 0.8730279207229614, 0.8404108285903931, 0.795693039894104, 0.6184369325637817, 0.4572864770889282, 0.27308523654937744, -0.06283766776323318, -0.1648937314748764]","[-0.28060832619667053, -0.12619036436080933, 0.05438334122300148, -0.14947590231895447, 0.20738449692726135, 0.259622722864151, -0.22810225188732147, -0.5065887570381165, -0.9620523452758789, -1.3836309909820557, -1.2724435329437256, -1.4220768213272095, -1.7401320934295654, -1.5361275672912598, -1.390042781829834]",15
7649,169,7,15,5,5,0.15504003,27.310793,1.5584979,0.739011375211986743,1612.4765,"[0.7621479034423828, 0.5664402842521667, 0.4529522955417633, 0.5111355185508728, 0.49287959933280945, 0.49898695945739746, 0.6383475661277771, 0.7391691207885742, 0.7292732000350952, 0.7616881132125854, 0.8506979942321777, 0.8438310623168945, 0.7611210346221924, 0.8953477740287781, 1.1645557880401611]","[-1.4270086288452148, -1.3101332187652588, -1.2452880144119263, -1.2641222476959229, -1.2186299562454224, -1.192483901977539, -1.3350017070770264, -1.4595476388931274, -1.4582390785217285, -1.5117855072021484, -1.5377585887908936, -1.453879714012146, -1.4285634756088257, -1.526451826095581, -1.5234564542770386]","[1.6461623907089233, 1.6213481426239014, 1.6209887266159058, 1.7097456455230713, 1.791117548942566, 1.8421965837478638, 1.9317944049835205, 1.9775893688201904, 1.951493740081787, 1.9703240394592285, 1.9769648313522339, 1.9006943702697754, 1.8443546295166016, 1.8877819776535034, 1.852847933769226]","[0.8279770612716675, 1.017653465270996, 0.9818447828292847, 0.7257548570632935, 0.6755585074424744, 0.6889432668685913, 0.7293731570243835, 0.807534396648407, 0.8483185768127441, 0.8682976961135864, 0.7193231582641602, 0.5601055026054382, 0.8060377240180969, 0.7661060690879822, 0.13085635006427765]","[-0.8112612962722778, -0.8220857381820679, -0.8001090884208679, -0.7448223829269409, -0.7403221726417542, -0.9411179423332214, -1.2582662105560303, -1.5511516332626343, -1.7286447286605835, -1.7326456308364868, -1.800688624382019, -1.8548014163970947, -1.7597578763961792, -1.8357640504837036, -2.084496021270752]","[1.0177676677703857, 0.9925102591514587, 0.9996401071548462, 0.9720339775085449, 0.9506946802139282, 1.0082483291625977, 1.0899919271469116, 1.087480902671814, 1.0033169984817505, 0.8990604281425476, 0.7866700291633606, 0.6894629597663879, 0.6153877377510071, 0.5852864384651184, 0.5260044932365417]","[1.095777153968811, 0.9513859748840332, 0.7499769926071167, 0.5600377321243286, 0.5341346859931946, 0.7019035816192627, 0.7902939915657043, 0.7991857528686523, 0.794319748878479, 0.6368029713630676, 0.5295200347900391, 0.5708341598510742, 0.4108809232711792, 0.23602667450904846, 0.33807268738746643]","[-1.0677860975265503, -1.1227103471755981, -0.991356611251831, -0.7825902104377747, -0.7703467607498169, -0.8113384246826172, -0.776404857635498, -0.6500000953674316, -0.546227753162384, -0.537428617477417, -0.46295347809791565, -0.4133288264274597, -0.5376855731010437, -0.5278211236000061, -0.3100734055042267]","[-2.056131601333618, -1.9120709896087646, -1.7708710432052612, -1.6397641897201538, -1.4977829456329346, -1.481049656867981, -1.466011643409729, -1.339050531387329, -1.2192037105560303, -1.1436233520507812, -1.1251580715179443, -1.114610195159912, -0.9890212416648865, -1.0087542533874512, -1.1725153923034668]","[0.4775087535381317, 0.45069989562034607, 0.42157283425331116, 0.5321598052978516, 0.749945342540741, 1.0163147449493408, 1.165549397468567, 1.0588772296905518, 0.8804560303688049, 0.8824702501296997, 0.9109412431716919, 0.8103626370429993, 0.7118476033210754, 0.7312710285186768, 0.7653252482414246]","[0.9762998819351196, 1.1970140933990479, 1.31126070022583, 1.113027811050415, 0.8061185479164124, 0.7305622696876526, 0.9235354661941528, 1.0894968509674072, 1.0811337232589722, 1.0311673879623413, 0.8408480882644653, 0.5698190927505493, 0.47562795877456665, 0.48564785718917847, 0.35030362010002136]","[-0.36179277300834656, -0.35753461718559265, -0.38878342509269714, -0.3452553153038025, -0.41716673970222473, -0.868523359298706, -1.50318443775177, -1.800190806388855, -1.753394365310669, -1.7790484428405762, -1.7444814443588257, -1.5026047229766846, -1.3657419681549072, -1.4179085493087769, -1.2845360040664673]",15
7642,169,2,15,5,5,0.04096675,27.395931,1.2655532,0.84018083729649846,1605.97565,"[0.7435096502304077, 0.767935037612915, 0.5082118511199951, 0.3213029205799103, 0.5822023153305054, 0.7621479034423828, 0.5664402842521667, 0.4529522955417633, 0.5111355185508728, 0.49287959933280945, 0.49898695945739746, 0.6383475661277771, 0.7391691207885742, 0.7292732000350952, 0.7616881132125854]","[-1.702141284942627, -1.631541132926941, -1.2844619750976562, -1.181575894355774, -1.340537667274475, -1.4270086288452148, -1.3101332187652588, -1.2452880144119263, -1.2641222476959229, -1.2186299562454224, -1.192483901977539, -1.3350017070770264, -1.4595476388931274, -1.4582390785217285, -1.5117855072021484]","[1.3823798894882202, 1.4677190780639648, 1.3002656698226929, 1.2946245670318604, 1.4984122514724731, 1.6461623907089233, 1.6213481426239014, 1.6209887266159058, 1.7097456455230713, 1.791117548942566, 1.8421965837478638, 1.9317944049835205, 1.9775893688201904, 1.951493740081787, 1.9703240394592285]","[0.8557911515235901, 0.699981689453125, 0.8469374775886536, 1.2210773229599, 1.0324528217315674, 0.8279770612716675, 1.017653465270996, 0.9818447828292847, 0.7257548570632935, 0.6755585074424744, 0.6889432668685913, 0.7293731570243835, 0.807534396648407, 0.8483185768127441, 0.8682976961135864]","[-0.9735324382781982, -0.9319464564323425, -0.969801127910614, -0.7686486840248108, -0.7298377156257629, -0.8112612962722778, -0.8220857381820679, -0.8001090884208679, -0.7448223829269409, -0.7403221726417542, -0.9411179423332214, -1.2582662105560303, -1.5511516332626343, -1.7286447286605835, -1.7326456308364868]","[1.3904615640640259, 1.2672029733657837, 1.1713587045669556, 1.1109092235565186, 1.062750220298767, 1.0177676677703857, 0.9925102591514587, 0.9996401071548462, 0.9720339775085449, 0.9506946802139282, 1.0082483291625977, 1.0899919271469116, 1.087480902671814, 1.0033169984817505, 0.8990604281425476]","[1.440118670463562, 1.5663264989852905, 1.6764488220214844, 1.4088826179504395, 1.176862359046936, 1.095777153968811, 0.9513859748840332, 0.7499769926071167, 0.5600377321243286, 0.5341346859931946, 0.7019035816192627, 0.7902939915657043, 0.7991857528686523, 0.794319748878479, 0.6368029713630676]","[-1.5997825860977173, -1.4372638463974, -1.2534886598587036, -1.2824970483779907, -1.1690856218338013, -1.0677860975265503, -1.1227103471755981, -0.991356611251831, -0.7825902104377747, -0.7703467607498169, -0.8113384246826172, -0.776404857635498, -0.6500000953674316, -0.546227753162384, -0.537428617477417]","[-2.1666595935821533, -2.165567398071289, -2.1206512451171875, -1.946147084236145, -1.9940003156661987, -2.056131601333618, -1.9120709896087646, -1.7708710432052612, -1.6397641897201538, -1.4977829456329346, -1.481049656867981, -1.466011643409729, -1.339050531387329, -1.2192037105560303, -1.1436233520507812]","[0.34508711099624634, 0.40148666501045227, 0.14634791016578674, 0.06080038473010063, 0.2923564910888672, 0.4775087535381317, 0.45069989562034607, 0.42157283425331116, 0.5321598052978516, 0.749945342540741, 1.0163147449493408, 1.165549397468567, 1.0588772296905518, 0.8804560303688049, 0.8824702501296997]","[0.26742610335350037, 0.28060901165008545, 0.5083798170089722, 0.79973304271698, 0.8975582122802734, 0.9762998819351196, 1.1970140933990479, 1.31126070022583, 1.113027811050415, 0.8061185479164124, 0.7305622696876526, 0.9235354661941528, 1.0894968509674072, 1.0811337232589722, 1.0311673879623413]","[-0.6153080463409424, -0.6018363237380981, -0.506674587726593, -0.5027750730514526, -0.44909441471099854, -0.36179277300834656, -0.35753461718559265, -0.38878342509269714, -0.3452553153038025, -0.41716673970222473, -0.868523359298706, -1.50318443775177, -1.800190806388855, -1.753394365310669, -1.7790484428405762]",15
11781,261,1,15,8,8,0.21239209,27.068539,1.5120695,0.835721543368579534,1604.5936,"[-0.17132849991321564, -0.14505325257778168, -0.09396381676197052, -0.055205684155225754, -0.07277835160493851, -0.03082936443388462, 0.011966902762651443, 0.06974592059850693, 0.3055143654346466, 0.5549410581588745, 0.5153670310974121, 0.34844908118247986, 0.2906288206577301, 0.288367360830307, 0.3211129605770111]","[0.2431255728006363, 0.2311699539422989, 0.04399082437157631, -0.25905346870422363, -0.21876780688762665, 0.16937124729156494, 0.37177130579948425, 0.3925286531448364, 0.33931127190589905, 0.09466618299484253, -0.031091278418898582, 0.09114177525043488, 0.12549880146980286, 0.0756727084517479, 0.041687674820423126]","[-0.5056430101394653, -0.39006102085113525, -0.6884909272193909, -0.755822479724884, -0.46528276801109314, -0.3402220606803894, -0.4538853168487549, -0.5266764760017395, -0.3150653839111328, 0.11937034875154495, 0.28267571330070496, 0.1271553337574005, 0.12294366955757141, 0.2695550322532654, 0.45758554339408875]","[0.8371990919113159, 0.6475871205329895, 0.4937531054019928, 0.7144528031349182, 1.0292471647262573, 0.9632484912872314, 1.12198805809021, 1.3225133419036865, 0.9346914291381836, 0.6088688373565674, 0.6733401417732239, 0.5886018872261047, 0.6849287152290344, 0.9710155129432678, 0.8505155444145203]","[0.7575023770332336, 0.805814266204834, 0.5681363940238953, 0.8724088668823242, 1.3772590160369873, 1.1984705924987793, 1.0117337703704834, 1.1018685102462769, 1.2151001691818237, 1.6112163066864014, 1.8918828964233398, 1.64348566532135, 1.4886384010314941, 1.4848731756210327, 1.2079888582229614]","[2.1154117584228516, 2.0991756916046143, 1.9354387521743774, 1.6485562324523926, 1.5073788166046143, 1.5957653522491455, 1.5828763246536255, 1.3268097639083862, 1.1665223836898804, 1.2047113180160522, 1.234444260597229, 1.1785961389541626, 1.0830345153808594, 0.9127233028411865, 0.7066113352775574]","[-0.4682883620262146, -0.5192150473594666, -0.30165496468544006, -0.24438482522964478, -0.47926223278045654, -0.7060037851333618, -0.973831832408905, -1.250307559967041, -1.2998247146606445, -1.248145580291748, -1.1359553337097168, -0.9049274325370789, -0.7658131122589111, -0.6626431345939636, -0.4901859760284424]","[0.33482104539871216, 0.9333469271659851, 0.7028671503067017, 0.45167237520217896, 0.43139490485191345, 0.41865062713623047, 0.2464239001274109, 0.15847225487232208, 0.3574056923389435, 0.7052353024482727, 0.8893173933029175, 0.9269442558288574, 0.9943925142288208, 1.070152997970581, 1.15603768825531]","[0.3717007040977478, 0.02828735113143921, -0.09405992180109024, -0.4049835801124573, -0.5979322195053101, -0.11317764222621918, 0.3326730728149414, 0.3302012085914612, 0.24018844962120056, 0.04476838558912277, -0.07214633375406265, 0.12136100232601166, 0.11614514142274857, -0.09486043453216553, -0.05550810322165489]","[-1.3197455406188965, -1.0882718563079834, -1.1669708490371704, -0.950772225856781, -0.711997389793396, -1.035820722579956, -1.0928258895874023, -0.7245250344276428, -0.542454719543457, -0.26525023579597473, 0.04752933979034424, 0.012863987125456333, 0.16900703310966492, 0.49089187383651733, 0.3510645925998688]","[0.22310858964920044, 0.33628788590431213, 0.7412647008895874, 1.1884926557540894, 1.317837119102478, 1.1394462585449219, 1.0047539472579956, 0.9536688923835754, 0.8730279207229614, 0.8404108285903931, 0.795693039894104, 0.6184369325637817, 0.4572864770889282, 0.27308523654937744, -0.06283766776323318]","[0.7092058062553406, -0.28060832619667053, -0.12619036436080933, 0.05438334122300148, -0.14947590231895447, 0.20738449692726135, 0.259622722864151, -0.22810225188732147, -0.5065887570381165, -0.9620523452758789, -1.3836309909820557, -1.2724435329437256, -1.4220768213272095, -1.7401320934295654, -1.5361275672912598]",15
11788,261,3,15,8,8,0.021605015,27.058863,1.3938746,0.74163520465826389,1603.8111,"[-0.09396381676197052, -0.055205684155225754, -0.07277835160493851, -0.03082936443388462, 0.011966902762651443, 0.06974592059850693, 0.3055143654346466, 0.5549410581588745, 0.5153670310974121, 0.34844908118247986, 0.2906288206577301, 0.288367360830307, 0.3211129605770111, 0.4078957438468933, 0.3716714382171631]","[0.04399082437157631, -0.25905346870422363, -0.21876780688762665, 0.16937124729156494, 0.37177130579948425, 0.3925286531448364, 0.33931127190589905, 0.09466618299484253, -0.031091278418898582, 0.09114177525043488, 0.12549880146980286, 0.0756727084517479, 0.041687674820423126, -0.024150267243385315, 0.24172061681747437]","[-0.6884909272193909, -0.755822479724884, -0.46528276801109314, -0.3402220606803894, -0.4538853168487549, -0.5266764760017395, -0.3150653839111328, 0.11937034875154495, 0.28267571330070496, 0.1271553337574005, 0.12294366955757141, 0.2695550322532654, 0.45758554339408875, 0.6460201144218445, 0.23464065790176392]","[0.4937531054019928, 0.7144528031349182, 1.0292471647262573, 0.9632484912872314, 1.12198805809021, 1.3225133419036865, 0.9346914291381836, 0.6088688373565674, 0.6733401417732239, 0.5886018872261047, 0.6849287152290344, 0.9710155129432678, 0.8505155444145203, 0.8189359903335571, 1.1723484992980957]","[0.5681363940238953, 0.8724088668823242, 1.3772590160369873, 1.1984705924987793, 1.0117337703704834, 1.1018685102462769, 1.2151001691818237, 1.6112163066864014, 1.8918828964233398, 1.64348566532135, 1.4886384010314941, 1.4848731756210327, 1.2079888582229614, 1.140889048576355, 1.1252241134643555]","[1.9354387521743774, 1.6485562324523926, 1.5073788166046143, 1.5957653522491455, 1.5828763246536255, 1.3268097639083862, 1.1665223836898804, 1.2047113180160522, 1.234444260597229, 1.1785961389541626, 1.0830345153808594, 0.9127233028411865, 0.7066113352775574, 0.5829900503158569, 0.4884019196033478]","[-0.30165496468544006, -0.24438482522964478, -0.47926223278045654, -0.7060037851333618, -0.973831832408905, -1.250307559967041, -1.2998247146606445, -1.248145580291748, -1.1359553337097168, -0.9049274325370789, -0.7658131122589111, -0.6626431345939636, -0.4901859760284424, -0.47010061144828796, -0.35391223430633545]","[0.7028671503067017, 0.45167237520217896, 0.43139490485191345, 0.41865062713623047, 0.2464239001274109, 0.15847225487232208, 0.3574056923389435, 0.7052353024482727, 0.8893173933029175, 0.9269442558288574, 0.9943925142288208, 1.070152997970581, 1.15603768825531, 1.2386420965194702, 1.0248957872390747]","[-0.09405992180109024, -0.4049835801124573, -0.5979322195053101, -0.11317764222621918, 0.3326730728149414, 0.3302012085914612, 0.24018844962120056, 0.04476838558912277, -0.07214633375406265, 0.12136100232601166, 0.11614514142274857, -0.09486043453216553, -0.05550810322165489, -0.12999120354652405, -0.2800193727016449]","[-1.1669708490371704, -0.950772225856781, -0.711997389793396, -1.035820722579956, -1.0928258895874023, -0.7245250344276428, -0.542454719543457, -0.26525023579597473, 0.04752933979034424, 0.012863987125456333, 0.16900703310966492, 0.49089187383651733, 0.3510645925998688, 0.19621862471103668, 0.1306326538324356]","[0.7412647008895874, 1.1884926557540894, 1.317837119102478, 1.1394462585449219, 1.0047539472579956, 0.9536688923835754, 0.8730279207229614, 0.8404108285903931, 0.795693039894104, 0.6184369325637817, 0.4572864770889282, 0.27308523654937744, -0.06283766776323318, -0.1648937314748764, 0.05947352200746536]","[-0.12619036436080933, 0.05438334122300148, -0.14947590231895447, 0.20738449692726135, 0.259622722864151, -0.22810225188732147, -0.5065887570381165, -0.9620523452758789, -1.3836309909820557, -1.2724435329437256, -1.4220768213272095, -1.7401320934295654, -1.5361275672912598, -1.390042781829834, -1.250882625579834]",15
7550,167,7,15,5,5,0.66559243,27.290518,1.3544004,0.83399849639368028,1603.44165,"[0.8904390931129456, 1.2311217784881592, 1.2926181554794312, 1.0916770696640015, 0.9730430841445923, 0.8145473003387451, 0.8215240240097046, 1.1472431421279907, 1.1935278177261353, 1.1360609531402588, 1.4026374816894531, 1.3366870880126953, 1.0864205360412598, 1.4324936866760254, 1.598141074180603]","[0.9657150506973267, 0.4799259901046753, 0.39755916595458984, 0.23980572819709778, 0.14738479256629944, 0.32670894265174866, 0.4584656357765198, 0.2717531621456146, 0.20475025475025177, 0.31037747859954834, 0.1325201541185379, 0.2887074649333954, 0.5131306648254395, -0.11240322887897491, -0.07133785635232925]","[1.099745750427246, 1.4631463289260864, 1.3670296669006348, 1.3833951950073242, 1.6395063400268555, 1.4073712825775146, 1.2227637767791748, 1.5854203701019287, 1.6421679258346558, 1.404036521911621, 1.339531421661377, 0.8695300221443176, 0.5847556591033936, 1.2553255558013916, 1.2931721210479736]","[0.053664613515138626, -0.4526432454586029, -0.6917409896850586, -0.4102640748023987, -0.6122542023658752, -0.3740118443965912, -0.31763023138046265, -0.7753424644470215, -0.6139723062515259, -0.7112055420875549, -0.8784626722335815, -0.4579804539680481, -0.5988989472389221, -0.8985053896903992, -1.1811803579330444]","[-0.9812185168266296, -0.9979166388511658, -0.8500877022743225, -0.6746259331703186, -1.0348174571990967, -1.2842031717300415, -1.4707688093185425, -1.536556363105774, -1.2221306562423706, -1.2414071559906006, -1.183190941810608, -1.0053261518478394, -1.1849539279937744, -0.8763929605484009, -0.6808258295059204]","[0.9923449754714966, 0.7742468118667603, 0.7885472178459167, 1.278602957725525, 1.4999600648880005, 1.5078591108322144, 1.500096082687378, 1.2802674770355225, 0.9768431782722473, 0.6825255155563354, 0.51500004529953, 0.4949256479740143, 0.3739757835865021, 0.37220099568367004, 0.47812020778656006]","[1.4252066612243652, 1.3302253484725952, 0.9941437840461731, 0.5449148416519165, 0.7200511693954468, 0.8462559580802917, 0.9960027933120728, 1.0967472791671753, 0.9578925967216492, 1.0294580459594727, 0.6485629677772522, 0.450050413608551, 0.6244509816169739, -0.510981559753418, -1.0183284282684326]","[-0.5782331824302673, -0.4355887472629547, -0.4072193503379822, -0.7548829317092896, -0.830255389213562, -0.8477522730827332, -0.7810084223747253, -0.517411470413208, -0.46504709124565125, -0.1704326570034027, 0.08332155644893646, -0.13114836812019348, -0.055011339485645294, -0.002436942420899868, -0.061799660325050354]","[-2.062290668487549, -2.097167730331421, -2.0280041694641113, -1.759427547454834, -1.652485728263855, -1.6765494346618652, -1.7469021081924438, -1.9064552783966064, -1.8963419198989868, -1.8117234706878662, -1.7496825456619263, -1.4939219951629639, -1.288887619972229, -1.28213369846344, -1.159292221069336]","[0.9571607708930969, 0.787827730178833, 0.5814253091812134, 0.5985186100006104, 0.7876988649368286, 0.6930179595947266, 0.7708635926246643, 1.0553922653198242, 1.0150535106658936, 0.7551329135894775, 0.3481227457523346, 0.13866771757602692, 0.31665223836898804, 0.3763951063156128, 0.4214331805706024]","[0.3548157513141632, 0.4606384038925171, 0.5893654227256775, 0.7159285545349121, 0.8720684051513672, 1.333706259727478, 1.6814008951187134, 1.6375255584716797, 1.5290086269378662, 1.4690355062484741, 1.3648570775985718, 1.1483066082000732, 0.9075343012809753, 0.9217851161956787, 0.7376347780227661]","[-3.1694633960723877, -2.460136651992798, -1.750888705253601, -1.3995903730392456, -1.4369919300079346, -1.5954948663711548, -1.7746347188949585, -1.6793006658554077, -1.3521194458007812, -1.077459454536438, -0.7557733058929443, -0.7282119989395142, -1.0246751308441162, -1.0167076587677002, -0.8710647225379944]",15
7776,172,2,15,5,5,0.22148418,27.423162,1.1690712,0.73873801730169968,1602.9044,"[0.742257833480835, 0.6473058462142944, 0.3532428443431854, 0.2861478328704834, 0.6320103406906128, 0.8210290670394897, 0.7119247913360596, 0.6772142648696899, 0.6907214522361755, 0.6648505330085754, 0.6731312870979309, 0.6204138994216919, 0.5476287007331848, 0.5696862936019897, 0.5134926438331604]","[-1.6883803606033325, -1.8413589000701904, -1.594993233680725, -1.48836350440979, -1.7520941495895386, -1.9226038455963135, -1.8173631429672241, -1.7754279375076294, -1.7602686882019043, -1.7014201879501343, -1.6609095335006714, -1.5859230756759644, -1.481972098350525, -1.4493237733840942, -1.3717904090881348]","[1.0982563495635986, 1.2389601469039917, 1.0963695049285889, 0.9519599080085754, 1.121847152709961, 1.3394227027893066, 1.3971096277236938, 1.4665954113006592, 1.4986367225646973, 1.448696255683899, 1.3916409015655518, 1.312669277191162, 1.236329436302185, 1.228867530822754, 1.1823608875274658]","[0.28671345114707947, 0.14192505180835724, 0.33585020899772644, 0.7750334739685059, 0.6100070476531982, 0.3887125849723816, 0.5076856017112732, 0.45432695746421814, 0.3106749653816223, 0.3160471022129059, 0.2937784194946289, 0.3476943075656891, 0.3652593791484833, 0.22179795801639557, 0.30536550283432007]","[-1.2360942363739014, -1.2474790811538696, -1.5039633512496948, -1.3841805458068848, -1.4120148420333862, -1.4219372272491455, -1.2244795560836792, -1.1349018812179565, -1.1397368907928467, -1.1610537767410278, -1.2443715333938599, -1.2336781024932861, -1.2529433965682983, -1.382135272026062, -1.3040493726730347]","[1.3413021564483643, 1.3708828687667847, 1.2475875616073608, 1.006115198135376, 0.9056621789932251, 0.947243332862854, 0.9939688444137573, 1.005018949508667, 0.9633326530456543, 0.9579828977584839, 0.9786332249641418, 0.8625593185424805, 0.6151307225227356, 0.40347492694854736, 0.2348957359790802]","[1.4745522737503052, 1.3433326482772827, 1.4887374639511108, 1.4869340658187866, 1.3949737548828125, 1.1480214595794678, 0.7387257218360901, 0.4716695249080658, 0.36673855781555176, 0.2582622170448303, 0.20752838253974915, 0.28093576431274414, 0.48232501745224, 0.646854817867279, 0.5893042087554932]","[-1.3228312730789185, -1.1550928354263306, -1.1199346780776978, -1.1830675601959229, -1.045310616493225, -0.9625961780548096, -1.0383967161178589, -0.9489412307739258, -0.805600106716156, -0.793324887752533, -0.8213188648223877, -0.9126479029655457, -0.9548603296279907, -0.8789529204368591, -0.827504575252533]","[-2.068549394607544, -1.9915519952774048, -1.9168428182601929, -1.8411154747009277, -1.9327586889266968, -1.9187307357788086, -1.7065199613571167, -1.6120719909667969, -1.5863006114959717, -1.4336076974868774, -1.287654995918274, -1.280105710029602, -1.3943051099777222, -1.5087859630584717, -1.4673157930374146]","[0.704953670501709, 0.4740438461303711, 0.16774411499500275, 0.238790363073349, 0.6164566278457642, 0.9320284128189087, 1.047791838645935, 1.041435956954956, 0.9891722798347473, 0.8584086894989014, 0.7945833206176758, 0.99461829662323, 1.3404920101165771, 1.5252395868301392, 1.4849575757980347]","[0.2966635823249817, 0.47271528840065, 0.6974269151687622, 0.9699411988258362, 1.0317246913909912, 1.0479097366333008, 1.2281461954116821, 1.4120985269546509, 1.4383810758590698, 1.317914605140686, 1.129511833190918, 0.9878808259963989, 0.890920102596283, 0.7996643781661987, 0.7721301317214966]","[-1.3348952531814575, -1.2059592008590698, -0.8682300448417664, -0.8121111989021301, -1.058144211769104, -1.1690393686294556, -1.059395432472229, -1.0660170316696167, -1.0905801057815552, -0.9607076644897461, -0.8281834721565247, -0.9017385840415955, -1.0816121101379395, -1.1623787879943848, -1.115132212638855]",15
7513,166,9,15,5,5,0.027852058,27.23211,1.0717287,0.84676700819937689,1600.17755,"[0.8170372247695923, 1.0821590423583984, 1.011813998222351, 0.9360305666923523, 0.9169000387191772, 0.7200525403022766, 0.8067587614059448, 1.1265974044799805, 1.0453455448150635, 0.8347383141517639, 0.8921828866004944, 0.9055444002151489, 0.8301883935928345, 0.8968661427497864, 0.8914530873298645]","[-0.43764573335647583, -0.6304284334182739, -0.47688156366348267, -0.38239678740501404, -0.5415694117546082, -0.6689414978027344, -0.9132863879203796, -1.2204382419586182, -1.2926815748214722, -1.1837416887283325, -1.2940154075622559, -1.6354877948760986, -1.5326621532440186, -1.5169219970703125, -1.8533320426940918]","[0.7581213116645813, 0.8349456787109375, 0.48131340742111206, 0.3822843134403229, 0.6286725401878357, 0.6597539782524109, 0.7491703629493713, 0.9796414375305176, 0.8970348238945007, 0.6848162412643433, 0.7438725233078003, 0.9170855283737183, 0.8692598938941956, 0.7564659714698792, 0.7892272472381592]","[0.27781742811203003, 0.291839599609375, 0.612296998500824, 0.5163668990135193, 0.2567537724971771, 0.41550520062446594, 0.3195970356464386, -0.036968156695365906, 0.3527531325817108, 0.6377387642860413, 0.34688231348991394, 0.5623815655708313, 0.4138410985469818, 0.1247825101017952, 0.7494131326675415]","[-0.3249804973602295, -0.23685337603092194, -0.3285841941833496, -0.322085440158844, -0.4740767180919647, -0.6434158086776733, -0.6750055551528931, -0.8683988451957703, -0.8820101618766785, -0.8639237880706787, -0.9963584542274475, -0.8176945447921753, -1.006290316581726, -1.1408963203430176, -0.6763288974761963]","[0.031134240329265594, 0.04382365196943283, -0.0061453841626644135, -0.06790904700756073, -0.0494280681014061, 0.034920014441013336, 0.160081148147583, 0.24731315672397614, 0.25127577781677246, 0.15551170706748962, -0.053401749581098557, -0.1657177358865738, -0.11006524413824081, -0.10374613851308823, -0.2177305966615677]","[0.8341969847679138, 0.7384085059165955, 1.1558033227920532, 1.3225880861282349, 1.1781264543533325, 0.9453627467155457, 0.5765928030014038, 0.32463929057121277, 0.1053677573800087, 0.11978835612535477, 0.27417442202568054, 0.061683665961027145, 0.21453174948692322, 0.27211716771125793, -0.3077287971973419]","[0.5302846431732178, 0.34396710991859436, -0.0978737473487854, -0.2913064658641815, -0.14408394694328308, -0.10906048864126205, -0.10716588795185089, 0.07991630584001541, 0.12751829624176025, 0.01995573565363884, 0.08799166977405548, 0.12795552611351013, 0.1474008560180664, 0.3388351798057556, 0.40139374136924744]","[-1.8222589492797852, -1.774483323097229, -1.6657878160476685, -1.6164625883102417, -1.5797101259231567, -1.4559400081634521, -1.4024978876113892, -1.4181772470474243, -1.2872132062911987, -1.1678773164749146, -1.2619856595993042, -1.3188114166259766, -1.1721956729888916, -0.9637210369110107, -0.7971777319908142]","[-0.5019684433937073, 0.0391363650560379, 0.6421926617622375, 0.9844070672988892, 0.9561125040054321, 0.8376815319061279, 0.9307217597961426, 0.9193944334983826, 0.6129841208457947, 0.48777323961257935, 0.8340044021606445, 1.1803933382034302, 1.0894795656204224, 0.9246042370796204, 1.0686426162719727]","[0.7163740992546082, 0.6149746179580688, 0.4104892611503601, 0.0035712423268705606, -0.04205281287431717, 0.4723896086215973, 0.7837229371070862, 0.9041548371315002, 1.2343693971633911, 1.1980657577514648, 0.8016639351844788, 0.6781893372535706, 0.5013442635536194, 0.3481718897819519, 0.42410069704055786]","[-0.7147541046142578, -0.5544555187225342, -0.6485369205474854, -0.600383996963501, -0.683816134929657, -1.0094438791275024, -1.2254773378372192, -1.2795501947402954, -1.3087109327316284, -1.1655930280685425, -1.114634394645691, -1.3062593936920166, -1.0716402530670166, -0.8700725436210632, -1.2567988634109497]",15
7780,172,3,15,5,5,0.019096375,26.943718,1.0824771,0.84224206983111879,1592.4697,"[0.6473058462142944, 0.3532428443431854, 0.2861478328704834, 0.6320103406906128, 0.8210290670394897, 0.7119247913360596, 0.6772142648696899, 0.6907214522361755, 0.6648505330085754, 0.6731312870979309, 0.6204138994216919, 0.5476287007331848, 0.5696862936019897, 0.5134926438331604, 0.3870600461959839]","[-1.8413589000701904, -1.594993233680725, -1.48836350440979, -1.7520941495895386, -1.9226038455963135, -1.8173631429672241, -1.7754279375076294, -1.7602686882019043, -1.7014201879501343, -1.6609095335006714, -1.5859230756759644, -1.481972098350525, -1.4493237733840942, -1.3717904090881348, -1.1666176319122314]","[1.2389601469039917, 1.0963695049285889, 0.9519599080085754, 1.121847152709961, 1.3394227027893066, 1.3971096277236938, 1.4665954113006592, 1.4986367225646973, 1.448696255683899, 1.3916409015655518, 1.312669277191162, 1.236329436302185, 1.228867530822754, 1.1823608875274658, 1.057411551475525]","[0.14192505180835724, 0.33585020899772644, 0.7750334739685059, 0.6100070476531982, 0.3887125849723816, 0.5076856017112732, 0.45432695746421814, 0.3106749653816223, 0.3160471022129059, 0.2937784194946289, 0.3476943075656891, 0.3652593791484833, 0.22179795801639557, 0.30536550283432007, 0.4497777819633484]","[-1.2474790811538696, -1.5039633512496948, -1.3841805458068848, -1.4120148420333862, -1.4219372272491455, -1.2244795560836792, -1.1349018812179565, -1.1397368907928467, -1.1610537767410278, -1.2443715333938599, -1.2336781024932861, -1.2529433965682983, -1.382135272026062, -1.3040493726730347, -1.2111064195632935]","[1.3708828687667847, 1.2475875616073608, 1.006115198135376, 0.9056621789932251, 0.947243332862854, 0.9939688444137573, 1.005018949508667, 0.9633326530456543, 0.9579828977584839, 0.9786332249641418, 0.8625593185424805, 0.6151307225227356, 0.40347492694854736, 0.2348957359790802, 0.0543624609708786]","[1.3433326482772827, 1.4887374639511108, 1.4869340658187866, 1.3949737548828125, 1.1480214595794678, 0.7387257218360901, 0.4716695249080658, 0.36673855781555176, 0.2582622170448303, 0.20752838253974915, 0.28093576431274414, 0.48232501745224, 0.646854817867279, 0.5893042087554932, 0.48498523235321045]","[-1.1550928354263306, -1.1199346780776978, -1.1830675601959229, -1.045310616493225, -0.9625961780548096, -1.0383967161178589, -0.9489412307739258, -0.805600106716156, -0.793324887752533, -0.8213188648223877, -0.9126479029655457, -0.9548603296279907, -0.8789529204368591, -0.827504575252533, -0.7290048003196716]","[-1.9915519952774048, -1.9168428182601929, -1.8411154747009277, -1.9327586889266968, -1.9187307357788086, -1.7065199613571167, -1.6120719909667969, -1.5863006114959717, -1.4336076974868774, -1.287654995918274, -1.280105710029602, -1.3943051099777222, -1.5087859630584717, -1.4673157930374146, -1.365107774734497]","[0.4740438461303711, 0.16774411499500275, 0.238790363073349, 0.6164566278457642, 0.9320284128189087, 1.047791838645935, 1.041435956954956, 0.9891722798347473, 0.8584086894989014, 0.7945833206176758, 0.99461829662323, 1.3404920101165771, 1.5252395868301392, 1.4849575757980347, 1.3628605604171753]","[0.47271528840065, 0.6974269151687622, 0.9699411988258362, 1.0317246913909912, 1.0479097366333008, 1.2281461954116821, 1.4120985269546509, 1.4383810758590698, 1.317914605140686, 1.129511833190918, 0.9878808259963989, 0.890920102596283, 0.7996643781661987, 0.7721301317214966, 0.7013458609580994]","[-1.2059592008590698, -0.8682300448417664, -0.8121111989021301, -1.058144211769104, -1.1690393686294556, -1.059395432472229, -1.0660170316696167, -1.0905801057815552, -0.9607076644897461, -0.8281834721565247, -0.9017385840415955, -1.0816121101379395, -1.1623787879943848, -1.115132212638855, -1.0474876165390015]",15
11923,264,0,15,8,8,0.43136644,26.20822,1.6532998,0.83275815346384622,1590.14246,"[0.4199228882789612, -0.007385974749922752, -0.2624647617340088, -0.34429606795310974, -0.204385906457901, 0.07337638735771179, 0.5291110277175903, 0.9973117709159851, 1.175536870956421, 1.132140040397644, 1.0846836566925049, 1.008316993713379, 0.9217079877853394, 0.9801309704780579, 1.1562460660934448]","[-0.2736583352088928, -0.5589545369148254, -1.0182422399520874, -1.135502576828003, -0.8169143199920654, -0.7041679620742798, -0.7556543946266174, -0.6703428030014038, -0.5357950329780579, -0.5482633113861084, -0.5663990378379822, -0.4678466022014618, -0.3641550838947296, -0.4288364052772522, -0.6947450041770935]","[-0.6171339750289917, -0.7711119651794434, -0.7868890762329102, -0.8189924955368042, -0.9097151756286621, -0.7428606152534485, -0.35236644744873047, -0.12195423990488052, -0.1043650209903717, -0.01508273370563984, 0.21578042209148407, 0.3948853313922882, 0.4044792652130127, 0.38064131140708923, 0.49088141322135925]","[1.9411529302597046, 1.9512341022491455, 1.812611699104309, 1.6786342859268188, 1.572322130203247, 1.515590786933899, 1.429890513420105, 1.2957404851913452, 1.3538014888763428, 1.484545350074768, 1.3389099836349487, 1.1354535818099976, 1.1026991605758667, 1.0950093269348145, 0.9948963522911072]","[0.04027076065540314, 0.13573269546031952, 0.6245317459106445, 0.8364996314048767, 0.45400312542915344, 0.34153419733047485, 0.7989276647567749, 1.2831658124923706, 1.5002493858337402, 1.5117748975753784, 1.387573003768921, 1.2243378162384033, 1.1132525205612183, 1.0562444925308228, 1.1029688119888306]","[1.3588919639587402, 1.4350422620773315, 1.5159473419189453, 1.6900057792663574, 1.8175996541976929, 1.7383170127868652, 1.4180538654327393, 1.0035789012908936, 0.762171745300293, 0.7746501564979553, 0.804321825504303, 0.7434948682785034, 0.6487939357757568, 0.5622432827949524, 0.5293962359428406]","[-0.5670973658561707, -0.6189568042755127, -0.7827351689338684, -0.8044764995574951, -0.8384732007980347, -0.9521676301956177, -1.026309609413147, -1.0309025049209595, -1.1796280145645142, -1.376547932624817, -1.2762178182601929, -0.9404147267341614, -0.7205748558044434, -0.6827925443649292, -0.6566788554191589]","[-0.5351450443267822, -0.4250037968158722, -0.029573263600468636, 0.04482383653521538, 0.18002112209796906, 0.4061123728752136, 0.6555574536323547, 0.7988866567611694, 0.8413510322570801, 0.7644366025924683, 0.6469513773918152, 0.6051211953163147, 0.7471582889556885, 1.0609257221221924, 1.3800195455551147]","[0.11315754055976868, -0.11022178828716278, -0.6871253848075867, -0.989369809627533, -0.9276758432388306, -0.8282329440116882, -0.7594192028045654, -0.6198411583900452, -0.4762952923774719, -0.44463372230529785, -0.48292553424835205, -0.5649817585945129, -0.6424933671951294, -0.5840727686882019, -0.46815621852874756]","[-0.9065256118774414, -0.9011988043785095, -0.7558011412620544, -0.563896656036377, -0.5861482620239258, -0.612785279750824, -0.4526948034763336, -0.17941288650035858, 0.18454618752002716, 0.6266936659812927, 0.9917991161346436, 1.123711109161377, 1.009528398513794, 0.7975930571556091, 0.692570149898529]","[0.18501318991184235, 0.1386794000864029, 0.4338196814060211, 0.9132887721061707, 1.3338093757629395, 1.5880820751190186, 1.6119662523269653, 1.4613568782806396, 1.321853518486023, 1.2737549543380737, 1.3001878261566162, 1.3994357585906982, 1.518082618713379, 1.5279630422592163, 1.3823658227920532]","[1.0584161281585693, 0.7914193272590637, 0.05530789867043495, -0.1419038027524948, 0.3045106530189514, 0.32069864869117737, -0.06043030694127083, -0.4753001928329468, -1.129895806312561, -1.9018323421478271, -2.105466604232788, -1.9283639192581177, -1.7478837966918945, -1.5802699327468872, -1.5759038925170898]",15
11921,264,1,15,8,8,0.2720213,25.444866,1.4424434,0.83405251219762464,1569.1969,"[-0.007385974749922752, -0.2624647617340088, -0.34429606795310974, -0.204385906457901, 0.07337638735771179, 0.5291110277175903, 0.9973117709159851, 1.175536870956421, 1.132140040397644, 1.0846836566925049, 1.008316993713379, 0.9217079877853394, 0.9801309704780579, 1.1562460660934448, 1.269412636756897]","[-0.5589545369148254, -1.0182422399520874, -1.135502576828003, -0.8169143199920654, -0.7041679620742798, -0.7556543946266174, -0.6703428030014038, -0.5357950329780579, -0.5482633113861084, -0.5663990378379822, -0.4678466022014618, -0.3641550838947296, -0.4288364052772522, -0.6947450041770935, -0.9686331152915955]","[-0.7711119651794434, -0.7868890762329102, -0.8189924955368042, -0.9097151756286621, -0.7428606152534485, -0.35236644744873047, -0.12195423990488052, -0.1043650209903717, -0.01508273370563984, 0.21578042209148407, 0.3948853313922882, 0.4044792652130127, 0.38064131140708923, 0.49088141322135925, 0.6257273554801941]","[1.9512341022491455, 1.812611699104309, 1.6786342859268188, 1.572322130203247, 1.515590786933899, 1.429890513420105, 1.2957404851913452, 1.3538014888763428, 1.484545350074768, 1.3389099836349487, 1.1354535818099976, 1.1026991605758667, 1.0950093269348145, 0.9948963522911072, 0.9214817881584167]","[0.13573269546031952, 0.6245317459106445, 0.8364996314048767, 0.45400312542915344, 0.34153419733047485, 0.7989276647567749, 1.2831658124923706, 1.5002493858337402, 1.5117748975753784, 1.387573003768921, 1.2243378162384033, 1.1132525205612183, 1.0562444925308228, 1.1029688119888306, 1.1300220489501953]","[1.4350422620773315, 1.5159473419189453, 1.6900057792663574, 1.8175996541976929, 1.7383170127868652, 1.4180538654327393, 1.0035789012908936, 0.762171745300293, 0.7746501564979553, 0.804321825504303, 0.7434948682785034, 0.6487939357757568, 0.5622432827949524, 0.5293962359428406, 0.5748984813690186]","[-0.6189568042755127, -0.7827351689338684, -0.8044764995574951, -0.8384732007980347, -0.9521676301956177, -1.026309609413147, -1.0309025049209595, -1.1796280145645142, -1.376547932624817, -1.2762178182601929, -0.9404147267341614, -0.7205748558044434, -0.6827925443649292, -0.6566788554191589, -0.5606886148452759]","[-0.4250037968158722, -0.029573263600468636, 0.04482383653521538, 0.18002112209796906, 0.4061123728752136, 0.6555574536323547, 0.7988866567611694, 0.8413510322570801, 0.7644366025924683, 0.6469513773918152, 0.6051211953163147, 0.7471582889556885, 1.0609257221221924, 1.3800195455551147, 1.5734658241271973]","[-0.11022178828716278, -0.6871253848075867, -0.989369809627533, -0.9276758432388306, -0.8282329440116882, -0.7594192028045654, -0.6198411583900452, -0.4762952923774719, -0.44463372230529785, -0.48292553424835205, -0.5649817585945129, -0.6424933671951294, -0.5840727686882019, -0.46815621852874756, -0.43067052960395813]","[-0.9011988043785095, -0.7558011412620544, -0.563896656036377, -0.5861482620239258, -0.612785279750824, -0.4526948034763336, -0.17941288650035858, 0.18454618752002716, 0.6266936659812927, 0.9917991161346436, 1.123711109161377, 1.009528398513794, 0.7975930571556091, 0.692570149898529, 0.7183458805084229]","[0.1386794000864029, 0.4338196814060211, 0.9132887721061707, 1.3338093757629395, 1.5880820751190186, 1.6119662523269653, 1.4613568782806396, 1.321853518486023, 1.2737549543380737, 1.3001878261566162, 1.3994357585906982, 1.518082618713379, 1.5279630422592163, 1.3823658227920532, 1.125893473625183]","[0.7914193272590637, 0.05530789867043495, -0.1419038027524948, 0.3045106530189514, 0.32069864869117737, -0.06043030694127083, -0.4753001928329468, -1.129895806312561, -1.9018323421478271, -2.105466604232788, -1.9283639192581177, -1.7478837966918945, -1.5802699327468872, -1.5759038925170898, -1.8235280513763428]",15
11789,261,0,15,8,8,0.3191533,24.912628,1.5559263,0.83270047414819326,1561.2806,"[-0.03825773298740387, -0.17132849991321564, -0.14505325257778168, -0.09396381676197052, -0.055205684155225754, -0.07277835160493851, -0.03082936443388462, 0.011966902762651443, 0.06974592059850693, 0.3055143654346466, 0.5549410581588745, 0.5153670310974121, 0.34844908118247986, 0.2906288206577301, 0.288367360830307]","[0.4585925340652466, 0.2431255728006363, 0.2311699539422989, 0.04399082437157631, -0.25905346870422363, -0.21876780688762665, 0.16937124729156494, 0.37177130579948425, 0.3925286531448364, 0.33931127190589905, 0.09466618299484253, -0.031091278418898582, 0.09114177525043488, 0.12549880146980286, 0.0756727084517479]","[-0.776502251625061, -0.5056430101394653, -0.39006102085113525, -0.6884909272193909, -0.755822479724884, -0.46528276801109314, -0.3402220606803894, -0.4538853168487549, -0.5266764760017395, -0.3150653839111328, 0.11937034875154495, 0.28267571330070496, 0.1271553337574005, 0.12294366955757141, 0.2695550322532654]","[1.2504050731658936, 0.8371990919113159, 0.6475871205329895, 0.4937531054019928, 0.7144528031349182, 1.0292471647262573, 0.9632484912872314, 1.12198805809021, 1.3225133419036865, 0.9346914291381836, 0.6088688373565674, 0.6733401417732239, 0.5886018872261047, 0.6849287152290344, 0.9710155129432678]","[0.6914311051368713, 0.7575023770332336, 0.805814266204834, 0.5681363940238953, 0.8724088668823242, 1.3772590160369873, 1.1984705924987793, 1.0117337703704834, 1.1018685102462769, 1.2151001691818237, 1.6112163066864014, 1.8918828964233398, 1.64348566532135, 1.4886384010314941, 1.4848731756210327]","[2.111572265625, 2.1154117584228516, 2.0991756916046143, 1.9354387521743774, 1.6485562324523926, 1.5073788166046143, 1.5957653522491455, 1.5828763246536255, 1.3268097639083862, 1.1665223836898804, 1.2047113180160522, 1.234444260597229, 1.1785961389541626, 1.0830345153808594, 0.9127233028411865]","[-0.6510141491889954, -0.4682883620262146, -0.5192150473594666, -0.30165496468544006, -0.24438482522964478, -0.47926223278045654, -0.7060037851333618, -0.973831832408905, -1.250307559967041, -1.2998247146606445, -1.248145580291748, -1.1359553337097168, -0.9049274325370789, -0.7658131122589111, -0.6626431345939636]","[-0.004623977467417717, 0.33482104539871216, 0.9333469271659851, 0.7028671503067017, 0.45167237520217896, 0.43139490485191345, 0.41865062713623047, 0.2464239001274109, 0.15847225487232208, 0.3574056923389435, 0.7052353024482727, 0.8893173933029175, 0.9269442558288574, 0.9943925142288208, 1.070152997970581]","[0.5081656575202942, 0.3717007040977478, 0.02828735113143921, -0.09405992180109024, -0.4049835801124573, -0.5979322195053101, -0.11317764222621918, 0.3326730728149414, 0.3302012085914612, 0.24018844962120056, 0.04476838558912277, -0.07214633375406265, 0.12136100232601166, 0.11614514142274857, -0.09486043453216553]","[-1.6011422872543335, -1.3197455406188965, -1.0882718563079834, -1.1669708490371704, -0.950772225856781, -0.711997389793396, -1.035820722579956, -1.0928258895874023, -0.7245250344276428, -0.542454719543457, -0.26525023579597473, 0.04752933979034424, 0.012863987125456333, 0.16900703310966492, 0.49089187383651733]","[0.46270719170570374, 0.22310858964920044, 0.33628788590431213, 0.7412647008895874, 1.1884926557540894, 1.317837119102478, 1.1394462585449219, 1.0047539472579956, 0.9536688923835754, 0.8730279207229614, 0.8404108285903931, 0.795693039894104, 0.6184369325637817, 0.4572864770889282, 0.27308523654937744]","[1.1761387586593628, 0.7092058062553406, -0.28060832619667053, -0.12619036436080933, 0.05438334122300148, -0.14947590231895447, 0.20738449692726135, 0.259622722864151, -0.22810225188732147, -0.5065887570381165, -0.9620523452758789, -1.3836309909820557, -1.2724435329437256, -1.4220768213272095, -1.7401320934295654]",15
11907,264,2,10,8,8,0.13863325,24.0428,1.0364563,0.733526739758303714,1528.7131,"[-0.2624647617340088, -0.34429606795310974, -0.204385906457901, 0.07337638735771179, 0.5291110277175903, 0.9973117709159851, 1.175536870956421, 1.132140040397644, 1.0846836566925049, 1.008316993713379]","[-1.0182422399520874, -1.135502576828003, -0.8169143199920654, -0.7041679620742798, -0.7556543946266174, -0.6703428030014038, -0.5357950329780579, -0.5482633113861084, -0.5663990378379822, -0.4678466022014618]","[-0.7868890762329102, -0.8189924955368042, -0.9097151756286621, -0.7428606152534485, -0.35236644744873047, -0.12195423990488052, -0.1043650209903717, -0.01508273370563984, 0.21578042209148407, 0.3948853313922882]","[1.812611699104309, 1.6786342859268188, 1.572322130203247, 1.515590786933899, 1.429890513420105, 1.2957404851913452, 1.3538014888763428, 1.484545350074768, 1.3389099836349487, 1.1354535818099976]","[0.6245317459106445, 0.8364996314048767, 0.45400312542915344, 0.34153419733047485, 0.7989276647567749, 1.2831658124923706, 1.5002493858337402, 1.5117748975753784, 1.387573003768921, 1.2243378162384033]","[1.5159473419189453, 1.6900057792663574, 1.8175996541976929, 1.7383170127868652, 1.4180538654327393, 1.0035789012908936, 0.762171745300293, 0.7746501564979553, 0.804321825504303, 0.7434948682785034]","[-0.7827351689338684, -0.8044764995574951, -0.8384732007980347, -0.9521676301956177, -1.026309609413147, -1.0309025049209595, -1.1796280145645142, -1.376547932624817, -1.2762178182601929, -0.9404147267341614]","[-0.029573263600468636, 0.04482383653521538, 0.18002112209796906, 0.4061123728752136, 0.6555574536323547, 0.7988866567611694, 0.8413510322570801, 0.7644366025924683, 0.6469513773918152, 0.6051211953163147]","[-0.6871253848075867, -0.989369809627533, -0.9276758432388306, -0.8282329440116882, -0.7594192028045654, -0.6198411583900452, -0.4762952923774719, -0.44463372230529785, -0.48292553424835205, -0.5649817585945129]","[-0.7558011412620544, -0.563896656036377, -0.5861482620239258, -0.612785279750824, -0.4526948034763336, -0.17941288650035858, 0.18454618752002716, 0.6266936659812927, 0.9917991161346436, 1.123711109161377]","[0.4338196814060211, 0.9132887721061707, 1.3338093757629395, 1.5880820751190186, 1.6119662523269653, 1.4613568782806396, 1.321853518486023, 1.2737549543380737, 1.3001878261566162, 1.3994357585906982]","[0.05530789867043495, -0.1419038027524948, 0.3045106530189514, 0.32069864869117737, -0.06043030694127083, -0.4753001928329468, -1.129895806312561, -1.9018323421478271, -2.105466604232788, -1.9283639192581177]",10
11911,264,1,10,8,8,0.21605444,23.536943,1.1337686,0.831495827402437215,1520.4998,"[-0.007385974749922752, -0.2624647617340088, -0.34429606795310974, -0.204385906457901, 0.07337638735771179, 0.5291110277175903, 0.9973117709159851, 1.175536870956421, 1.132140040397644, 1.0846836566925049]","[-0.5589545369148254, -1.0182422399520874, -1.135502576828003, -0.8169143199920654, -0.7041679620742798, -0.7556543946266174, -0.6703428030014038, -0.5357950329780579, -0.5482633113861084, -0.5663990378379822]","[-0.7711119651794434, -0.7868890762329102, -0.8189924955368042, -0.9097151756286621, -0.7428606152534485, -0.35236644744873047, -0.12195423990488052, -0.1043650209903717, -0.01508273370563984, 0.21578042209148407]","[1.9512341022491455, 1.812611699104309, 1.6786342859268188, 1.572322130203247, 1.515590786933899, 1.429890513420105, 1.2957404851913452, 1.3538014888763428, 1.484545350074768, 1.3389099836349487]","[0.13573269546031952, 0.6245317459106445, 0.8364996314048767, 0.45400312542915344, 0.34153419733047485, 0.7989276647567749, 1.2831658124923706, 1.5002493858337402, 1.5117748975753784, 1.387573003768921]","[1.4350422620773315, 1.5159473419189453, 1.6900057792663574, 1.8175996541976929, 1.7383170127868652, 1.4180538654327393, 1.0035789012908936, 0.762171745300293, 0.7746501564979553, 0.804321825504303]","[-0.6189568042755127, -0.7827351689338684, -0.8044764995574951, -0.8384732007980347, -0.9521676301956177, -1.026309609413147, -1.0309025049209595, -1.1796280145645142, -1.376547932624817, -1.2762178182601929]","[-0.4250037968158722, -0.029573263600468636, 0.04482383653521538, 0.18002112209796906, 0.4061123728752136, 0.6555574536323547, 0.7988866567611694, 0.8413510322570801, 0.7644366025924683, 0.6469513773918152]","[-0.11022178828716278, -0.6871253848075867, -0.989369809627533, -0.9276758432388306, -0.8282329440116882, -0.7594192028045654, -0.6198411583900452, -0.4762952923774719, -0.44463372230529785, -0.48292553424835205]","[-0.9011988043785095, -0.7558011412620544, -0.563896656036377, -0.5861482620239258, -0.612785279750824, -0.4526948034763336, -0.17941288650035858, 0.18454618752002716, 0.6266936659812927, 0.9917991161346436]","[0.1386794000864029, 0.4338196814060211, 0.9132887721061707, 1.3338093757629395, 1.5880820751190186, 1.6119662523269653, 1.4613568782806396, 1.321853518486023, 1.2737549543380737, 1.3001878261566162]","[0.7914193272590637, 0.05530789867043495, -0.1419038027524948, 0.3045106530189514, 0.32069864869117737, -0.06043030694127083, -0.4753001928329468, -1.129895806312561, -1.9018323421478271, -2.105466604232788]",10
11469,254,4,15,8,8,0.14957142,23.16575,1.2891579,0.736467686335061766,1520.2236,"[-0.1074908897280693, -0.39268064498901367, -0.36803868412971497, -0.050283487886190414, 0.17847216129302979, 0.26281729340553284, 0.3860692083835602, 0.3769484758377075, 0.14525021612644196, 0.004610784351825714, 0.07711458951234818, 0.13078032433986664, 0.22529229521751404, 0.53211510181427, 0.762068510055542]","[1.3853774070739746, 0.8057253360748291, 0.33977997303009033, 0.28863030672073364, 0.05144304782152176, -0.31213197112083435, -0.368901789188385, -0.3419340252876282, -0.39805346727371216, -0.24684686958789825, -0.011538456194102764, -0.08882201462984085, -0.2657473385334015, -0.33585673570632935, -0.6458482146263123]","[-1.4398523569107056, -1.2040772438049316, -0.9542026519775391, -0.8777903318405151, -0.6468214392662048, -0.3023616373538971, -0.2155781388282776, -0.26097798347473145, -0.28927555680274963, -0.5590701103210449, -0.9139936566352844, -0.8891792297363281, -0.6448152661323547, -0.5472637414932251, -0.3562164902687073]","[1.6138057708740234, 1.4564552307128906, 1.332841396331787, 1.1099039316177368, 1.1262625455856323, 1.232649564743042, 1.0444793701171875, 0.9613552689552307, 1.2667359113693237, 1.5492643117904663, 1.6194567680358887, 1.7130510807037354, 1.6548124551773071, 1.3240869045257568, 1.1444603204727173]","[-1.0461903810501099, -0.3195648491382599, -0.10871666669845581, -0.5508885383605957, -0.4907619059085846, -0.04428691789507866, -0.09630808979272842, -0.15261432528495789, 0.18432395160198212, 0.15333275496959686, -0.11323202401399612, 0.25801846385002136, 0.618134081363678, 0.3685585856437683, 0.5006415843963623]","[0.4571549594402313, 0.5300710201263428, 0.42814698815345764, 0.15172936022281647, -0.12644071877002716, -0.13491548597812653, 0.014882957562804222, 0.1151406392455101, 0.22054333984851837, 0.3413376212120056, 0.294859915971756, 0.06563164293766022, -0.16810840368270874, -0.349746972322464, -0.49225443601608276]","[0.7516968846321106, 0.28198155760765076, -0.23417796194553375, -0.381050169467926, -0.4568369388580322, -0.5504179000854492, -0.41488543152809143, -0.19821757078170776, -0.09457221627235413, 0.04370412975549698, 0.21467682719230652, 0.2633753716945648, 0.3189716935157776, 0.37139612436294556, 0.10410286486148834]","[-0.13157162070274353, -0.03310862183570862, 0.2214059829711914, 0.6565712690353394, 0.8150238394737244, 0.7875432372093201, 0.9444005489349365, 1.0485409498214722, 0.9275041818618774, 0.9198023676872253, 1.0073641538619995, 0.8536416888237, 0.6990717649459839, 0.8968629837036133, 1.204115867614746]","[0.31425678730010986, -0.050329625606536865, -0.38857266306877136, -0.4660640060901642, -0.4812203049659729, -0.5269940495491028, -0.4447346031665802, -0.35647502541542053, -0.4071623682975769, -0.3747028410434723, -0.26974695920944214, -0.37151017785072327, -0.5378499627113342, -0.46556928753852844, -0.2853612005710602]","[-2.225705146789551, -1.5857675075531006, -0.8789029121398926, -0.7639428377151489, -0.20604011416435242, 0.5053374171257019, 0.4234502613544464, 0.2950863540172577, 0.6697857975959778, 0.6559088826179504, 0.335248202085495, 0.7548840641975403, 1.3327568769454956, 1.1407177448272705, 1.0370018482208252]","[1.4666887521743774, 1.2052712440490723, 0.9082174897193909, 0.852616548538208, 0.8641234040260315, 0.8812400102615356, 0.9220609068870544, 0.8386483192443848, 0.5768420696258545, 0.26724329590797424, -0.06203804537653923, -0.2902483344078064, -0.11265409737825394, 0.14665772020816803, -0.09815333038568497]","[-0.09161709249019623, -0.08716900646686554, 0.06646435707807541, 0.06400948762893677, -0.11439511924982071, -0.2581566572189331, -0.26448604464530945, -0.2986648976802826, -0.41526708006858826, -0.4842734932899475, -0.46119052171707153, -0.41892731189727783, -0.4146993160247803, -0.48517173528671265, -0.5890730619430542]",15
11916,264,2,15,8,8,0.001636982,23.23022,1.1219826,0.736379152232778433,1516.4535,"[-0.2624647617340088, -0.34429606795310974, -0.204385906457901, 0.07337638735771179, 0.5291110277175903, 0.9973117709159851, 1.175536870956421, 1.132140040397644, 1.0846836566925049, 1.008316993713379, 0.9217079877853394, 0.9801309704780579, 1.1562460660934448, 1.269412636756897, 1.2937949895858765]","[-1.0182422399520874, -1.135502576828003, -0.8169143199920654, -0.7041679620742798, -0.7556543946266174, -0.6703428030014038, -0.5357950329780579, -0.5482633113861084, -0.5663990378379822, -0.4678466022014618, -0.3641550838947296, -0.4288364052772522, -0.6947450041770935, -0.9686331152915955, -1.0147143602371216]","[-0.7868890762329102, -0.8189924955368042, -0.9097151756286621, -0.7428606152534485, -0.35236644744873047, -0.12195423990488052, -0.1043650209903717, -0.01508273370563984, 0.21578042209148407, 0.3948853313922882, 0.4044792652130127, 0.38064131140708923, 0.49088141322135925, 0.6257273554801941, 0.5979402661323547]","[1.812611699104309, 1.6786342859268188, 1.572322130203247, 1.515590786933899, 1.429890513420105, 1.2957404851913452, 1.3538014888763428, 1.484545350074768, 1.3389099836349487, 1.1354535818099976, 1.1026991605758667, 1.0950093269348145, 0.9948963522911072, 0.9214817881584167, 0.8394508361816406]","[0.6245317459106445, 0.8364996314048767, 0.45400312542915344, 0.34153419733047485, 0.7989276647567749, 1.2831658124923706, 1.5002493858337402, 1.5117748975753784, 1.387573003768921, 1.2243378162384033, 1.1132525205612183, 1.0562444925308228, 1.1029688119888306, 1.1300220489501953, 0.9094935655593872]","[1.5159473419189453, 1.6900057792663574, 1.8175996541976929, 1.7383170127868652, 1.4180538654327393, 1.0035789012908936, 0.762171745300293, 0.7746501564979553, 0.804321825504303, 0.7434948682785034, 0.6487939357757568, 0.5622432827949524, 0.5293962359428406, 0.5748984813690186, 0.5820350050926208]","[-0.7827351689338684, -0.8044764995574951, -0.8384732007980347, -0.9521676301956177, -1.026309609413147, -1.0309025049209595, -1.1796280145645142, -1.376547932624817, -1.2762178182601929, -0.9404147267341614, -0.7205748558044434, -0.6827925443649292, -0.6566788554191589, -0.5606886148452759, -0.4646930992603302]","[-0.029573263600468636, 0.04482383653521538, 0.18002112209796906, 0.4061123728752136, 0.6555574536323547, 0.7988866567611694, 0.8413510322570801, 0.7644366025924683, 0.6469513773918152, 0.6051211953163147, 0.7471582889556885, 1.0609257221221924, 1.3800195455551147, 1.5734658241271973, 1.6655009984970093]","[-0.6871253848075867, -0.989369809627533, -0.9276758432388306, -0.8282329440116882, -0.7594192028045654, -0.6198411583900452, -0.4762952923774719, -0.44463372230529785, -0.48292553424835205, -0.5649817585945129, -0.6424933671951294, -0.5840727686882019, -0.46815621852874756, -0.43067052960395813, -0.37259337306022644]","[-0.7558011412620544, -0.563896656036377, -0.5861482620239258, -0.612785279750824, -0.4526948034763336, -0.17941288650035858, 0.18454618752002716, 0.6266936659812927, 0.9917991161346436, 1.123711109161377, 1.009528398513794, 0.7975930571556091, 0.692570149898529, 0.7183458805084229, 0.6568019390106201]","[0.4338196814060211, 0.9132887721061707, 1.3338093757629395, 1.5880820751190186, 1.6119662523269653, 1.4613568782806396, 1.321853518486023, 1.2737549543380737, 1.3001878261566162, 1.3994357585906982, 1.518082618713379, 1.5279630422592163, 1.3823658227920532, 1.125893473625183, 0.7725062370300293]","[0.05530789867043495, -0.1419038027524948, 0.3045106530189514, 0.32069864869117737, -0.06043030694127083, -0.4753001928329468, -1.129895806312561, -1.9018323421478271, -2.105466604232788, -1.9283639192581177, -1.7478837966918945, -1.5802699327468872, -1.5759038925170898, -1.8235280513763428, -1.9139173030853271]",15
1253,27,9,15,0,0,0.12850809,22.366865,1.2800798,0.731756293522142465,1501.61786,"[0.7214340567588806, 0.8105335235595703, 1.1599509716033936, 1.3664684295654297, 1.4009395837783813, 1.386106252670288, 1.3985199928283691, 1.51322340965271, 1.6521624326705933, 1.6582800149917603, 1.4776103496551514, 1.260801076889038, 1.1109739542007446, 0.9586775898933411, 0.8245587348937988]","[0.7065662741661072, 0.6581611633300781, 0.5830951929092407, 0.6442016363143921, 0.7794792056083679, 0.8850555419921875, 0.8845847249031067, 0.7132959961891174, 0.5395579934120178, 0.46601244807243347, 0.3589467704296112, 0.2947289049625397, 0.2544969618320465, -0.029820378869771957, -0.08985412865877151]","[1.2861286401748657, 1.220146656036377, 1.147732138633728, 0.8044373989105225, 0.5137662887573242, 0.5055389404296875, 0.5847561955451965, 0.6442716717720032, 0.655836284160614, 0.6389492154121399, 0.7327017188072205, 0.8820115923881531, 0.7699171900749207, 0.4733043909072876, 0.5103665590286255]","[0.24356527626514435, 0.19590789079666138, 0.017506729811429977, 0.08985898643732071, 0.22310855984687805, 0.08445582538843155, -0.17602525651454926, -0.2518308758735657, -0.24227945506572723, -0.07060128450393677, 0.31090351939201355, 0.21216152608394623, -0.19377604126930237, 0.32789215445518494, 0.7579128742218018]","[0.8971929550170898, 0.9081121683120728, 0.9150006175041199, 0.8745996356010437, 0.7095821499824524, 0.5728941559791565, 0.6625539064407349, 0.6920319199562073, 0.2676151692867279, -0.27185648679733276, -0.23481246829032898, 0.1771639883518219, 0.2973516285419464, 0.1877073347568512, 0.1881190836429596]","[-0.39252784848213196, -0.5470209717750549, -0.21685568988323212, 0.2688441276550293, 0.5334958434104919, 0.46648338437080383, 0.4194594919681549, 0.7285593748092651, 1.0088876485824585, 1.0934175252914429, 1.2775546312332153, 1.2134555578231812, 0.6697771549224854, 0.6402609348297119, 0.9402441382408142]","[-1.3551069498062134, -1.5051993131637573, -1.6594873666763306, -1.4815270900726318, -0.9073429703712463, -0.35357779264450073, -0.2710001766681671, -0.5314781665802002, -0.6892669796943665, -0.7253275513648987, -0.7989957332611084, -0.7844966053962708, -0.7857596278190613, -0.9979680180549622, -1.1725157499313354]","[1.584134578704834, 1.8444803953170776, 1.9279298782348633, 1.6939618587493896, 1.3401161432266235, 1.2592307329177856, 1.3933221101760864, 1.2474665641784668, 1.031187653541565, 1.0139564275741577, 0.9349603056907654, 1.1409358978271484, 1.604772686958313, 1.1972569227218628, 0.6638971567153931]","[-0.22243493795394897, -0.15978039801120758, -0.211215540766716, -0.2756839096546173, -0.4578116834163666, -0.7342126965522766, -0.8422444462776184, -0.6739673018455505, -0.3697737455368042, -0.12708298861980438, -0.17791646718978882, -0.5245361328125, -0.6790070533752441, -0.39535725116729736, -0.1692986935377121]","[-0.07891540974378586, -0.21237538754940033, -0.4486893117427826, -0.6483744978904724, -0.9143630862236023, -1.1131489276885986, -1.0789403915405273, -1.0905083417892456, -1.181260347366333, -1.3353164196014404, -1.7921700477600098, -2.0594568252563477, -1.6112431287765503, -1.0552908182144165, -1.16962730884552]","[0.9575231671333313, 0.840631365776062, 0.9186239838600159, 0.9633626937866211, 0.93562251329422, 0.8706251978874207, 0.7307171821594238, 0.6432082653045654, 0.6968268156051636, 1.0591167211532593, 1.7387018203735352, 2.117281913757324, 2.0172364711761475, 2.0624029636383057, 2.114163398742676]","[-1.1643790006637573, -1.2104755640029907, -1.400156855583191, -1.2364790439605713, -0.5661969184875488, 0.03796461597084999, 0.21270033717155457, 0.27021703124046326, 0.25113025307655334, 0.21362243592739105, 0.5837277770042419, 0.9305594563484192, 0.5766409039497375, 0.2106194794178009, 0.3682486414909363]",15
1257,27,6,15,0,0,0.08532095,21.97462,1.2506218,0.73748815149076379,1495.75516,"[1.4516026973724365, 1.45486319065094, 1.080935001373291, 0.7214340567588806, 0.8105335235595703, 1.1599509716033936, 1.3664684295654297, 1.4009395837783813, 1.386106252670288, 1.3985199928283691, 1.51322340965271, 1.6521624326705933, 1.6582800149917603, 1.4776103496551514, 1.260801076889038]","[0.6828417181968689, 0.6193863749504089, 0.6493497490882874, 0.7065662741661072, 0.6581611633300781, 0.5830951929092407, 0.6442016363143921, 0.7794792056083679, 0.8850555419921875, 0.8845847249031067, 0.7132959961891174, 0.5395579934120178, 0.46601244807243347, 0.3589467704296112, 0.2947289049625397]","[1.2857030630111694, 1.5206042528152466, 1.498718500137329, 1.2861286401748657, 1.220146656036377, 1.147732138633728, 0.8044373989105225, 0.5137662887573242, 0.5055389404296875, 0.5847561955451965, 0.6442716717720032, 0.655836284160614, 0.6389492154121399, 0.7327017188072205, 0.8820115923881531]","[-0.598806619644165, -0.684063732624054, -0.22356157004833221, 0.24356527626514435, 0.19590789079666138, 0.017506729811429977, 0.08985898643732071, 0.22310855984687805, 0.08445582538843155, -0.17602525651454926, -0.2518308758735657, -0.24227945506572723, -0.07060128450393677, 0.31090351939201355, 0.21216152608394623]","[1.2438875436782837, 1.0408318042755127, 0.9134303331375122, 0.8971929550170898, 0.9081121683120728, 0.9150006175041199, 0.8745996356010437, 0.7095821499824524, 0.5728941559791565, 0.6625539064407349, 0.6920319199562073, 0.2676151692867279, -0.27185648679733276, -0.23481246829032898, 0.1771639883518219]","[-0.23336349427700043, -0.07199075073003769, -0.07836008816957474, -0.39252784848213196, -0.5470209717750549, -0.21685568988323212, 0.2688441276550293, 0.5334958434104919, 0.46648338437080383, 0.4194594919681549, 0.7285593748092651, 1.0088876485824585, 1.0934175252914429, 1.2775546312332153, 1.2134555578231812]","[-1.8615471124649048, -1.79848313331604, -1.472562313079834, -1.3551069498062134, -1.5051993131637573, -1.6594873666763306, -1.4815270900726318, -0.9073429703712463, -0.35357779264450073, -0.2710001766681671, -0.5314781665802002, -0.6892669796943665, -0.7253275513648987, -0.7989957332611084, -0.7844966053962708]","[1.4767996072769165, 1.687604308128357, 1.5772756338119507, 1.584134578704834, 1.8444803953170776, 1.9279298782348633, 1.6939618587493896, 1.3401161432266235, 1.2592307329177856, 1.3933221101760864, 1.2474665641784668, 1.031187653541565, 1.0139564275741577, 0.9349603056907654, 1.1409358978271484]","[-0.25372326374053955, -0.4723183214664459, -0.4306086301803589, -0.22243493795394897, -0.15978039801120758, -0.211215540766716, -0.2756839096546173, -0.4578116834163666, -0.7342126965522766, -0.8422444462776184, -0.6739673018455505, -0.3697737455368042, -0.12708298861980438, -0.17791646718978882, -0.5245361328125]","[-0.17040978372097015, -0.10507932305335999, -0.1023285761475563, -0.07891540974378586, -0.21237538754940033, -0.4486893117427826, -0.6483744978904724, -0.9143630862236023, -1.1131489276885986, -1.0789403915405273, -1.0905083417892456, -1.181260347366333, -1.3353164196014404, -1.7921700477600098, -2.0594568252563477]","[0.2031896859407425, 0.8432499170303345, 1.1037920713424683, 0.9575231671333313, 0.840631365776062, 0.9186239838600159, 0.9633626937866211, 0.93562251329422, 0.8706251978874207, 0.7307171821594238, 0.6432082653045654, 0.6968268156051636, 1.0591167211532593, 1.7387018203735352, 2.117281913757324]","[-1.167854905128479, -1.5589264631271362, -1.3951475620269775, -1.1643790006637573, -1.2104755640029907, -1.400156855583191, -1.2364790439605713, -0.5661969184875488, 0.03796461597084999, 0.21270033717155457, 0.27021703124046326, 0.25113025307655334, 0.21362243592739105, 0.5837277770042419, 0.9305594563484192]",15
1252,27,7,15,0,0,0.028139114,21.640474,1.2014132,0.833885562101631717,1485.79465,"[1.45486319065094, 1.080935001373291, 0.7214340567588806, 0.8105335235595703, 1.1599509716033936, 1.3664684295654297, 1.4009395837783813, 1.386106252670288, 1.3985199928283691, 1.51322340965271, 1.6521624326705933, 1.6582800149917603, 1.4776103496551514, 1.260801076889038, 1.1109739542007446]","[0.6193863749504089, 0.6493497490882874, 0.7065662741661072, 0.6581611633300781, 0.5830951929092407, 0.6442016363143921, 0.7794792056083679, 0.8850555419921875, 0.8845847249031067, 0.7132959961891174, 0.5395579934120178, 0.46601244807243347, 0.3589467704296112, 0.2947289049625397, 0.2544969618320465]","[1.5206042528152466, 1.498718500137329, 1.2861286401748657, 1.220146656036377, 1.147732138633728, 0.8044373989105225, 0.5137662887573242, 0.5055389404296875, 0.5847561955451965, 0.6442716717720032, 0.655836284160614, 0.6389492154121399, 0.7327017188072205, 0.8820115923881531, 0.7699171900749207]","[-0.684063732624054, -0.22356157004833221, 0.24356527626514435, 0.19590789079666138, 0.017506729811429977, 0.08985898643732071, 0.22310855984687805, 0.08445582538843155, -0.17602525651454926, -0.2518308758735657, -0.24227945506572723, -0.07060128450393677, 0.31090351939201355, 0.21216152608394623, -0.19377604126930237]","[1.0408318042755127, 0.9134303331375122, 0.8971929550170898, 0.9081121683120728, 0.9150006175041199, 0.8745996356010437, 0.7095821499824524, 0.5728941559791565, 0.6625539064407349, 0.6920319199562073, 0.2676151692867279, -0.27185648679733276, -0.23481246829032898, 0.1771639883518219, 0.2973516285419464]","[-0.07199075073003769, -0.07836008816957474, -0.39252784848213196, -0.5470209717750549, -0.21685568988323212, 0.2688441276550293, 0.5334958434104919, 0.46648338437080383, 0.4194594919681549, 0.7285593748092651, 1.0088876485824585, 1.0934175252914429, 1.2775546312332153, 1.2134555578231812, 0.6697771549224854]","[-1.79848313331604, -1.472562313079834, -1.3551069498062134, -1.5051993131637573, -1.6594873666763306, -1.4815270900726318, -0.9073429703712463, -0.35357779264450073, -0.2710001766681671, -0.5314781665802002, -0.6892669796943665, -0.7253275513648987, -0.7989957332611084, -0.7844966053962708, -0.7857596278190613]","[1.687604308128357, 1.5772756338119507, 1.584134578704834, 1.8444803953170776, 1.9279298782348633, 1.6939618587493896, 1.3401161432266235, 1.2592307329177856, 1.3933221101760864, 1.2474665641784668, 1.031187653541565, 1.0139564275741577, 0.9349603056907654, 1.1409358978271484, 1.604772686958313]","[-0.4723183214664459, -0.4306086301803589, -0.22243493795394897, -0.15978039801120758, -0.211215540766716, -0.2756839096546173, -0.4578116834163666, -0.7342126965522766, -0.8422444462776184, -0.6739673018455505, -0.3697737455368042, -0.12708298861980438, -0.17791646718978882, -0.5245361328125, -0.6790070533752441]","[-0.10507932305335999, -0.1023285761475563, -0.07891540974378586, -0.21237538754940033, -0.4486893117427826, -0.6483744978904724, -0.9143630862236023, -1.1131489276885986, -1.0789403915405273, -1.0905083417892456, -1.181260347366333, -1.3353164196014404, -1.7921700477600098, -2.0594568252563477, -1.6112431287765503]","[0.8432499170303345, 1.1037920713424683, 0.9575231671333313, 0.840631365776062, 0.9186239838600159, 0.9633626937866211, 0.93562251329422, 0.8706251978874207, 0.7307171821594238, 0.6432082653045654, 0.6968268156051636, 1.0591167211532593, 1.7387018203735352, 2.117281913757324, 2.0172364711761475]","[-1.5589264631271362, -1.3951475620269775, -1.1643790006637573, -1.2104755640029907, -1.400156855583191, -1.2364790439605713, -0.5661969184875488, 0.03796461597084999, 0.21270033717155457, 0.27021703124046326, 0.25113025307655334, 0.21362243592739105, 0.5837277770042419, 0.9305594563484192, 0.5766409039497375]",15
1250,27,8,15,0,0,0.07100725,21.507929,1.2145114,0.732673864207411407,1482.93085,"[1.080935001373291, 0.7214340567588806, 0.8105335235595703, 1.1599509716033936, 1.3664684295654297, 1.4009395837783813, 1.386106252670288, 1.3985199928283691, 1.51322340965271, 1.6521624326705933, 1.6582800149917603, 1.4776103496551514, 1.260801076889038, 1.1109739542007446, 0.9586775898933411]","[0.6493497490882874, 0.7065662741661072, 0.6581611633300781, 0.5830951929092407, 0.6442016363143921, 0.7794792056083679, 0.8850555419921875, 0.8845847249031067, 0.7132959961891174, 0.5395579934120178, 0.46601244807243347, 0.3589467704296112, 0.2947289049625397, 0.2544969618320465, -0.029820378869771957]","[1.498718500137329, 1.2861286401748657, 1.220146656036377, 1.147732138633728, 0.8044373989105225, 0.5137662887573242, 0.5055389404296875, 0.5847561955451965, 0.6442716717720032, 0.655836284160614, 0.6389492154121399, 0.7327017188072205, 0.8820115923881531, 0.7699171900749207, 0.4733043909072876]","[-0.22356157004833221, 0.24356527626514435, 0.19590789079666138, 0.017506729811429977, 0.08985898643732071, 0.22310855984687805, 0.08445582538843155, -0.17602525651454926, -0.2518308758735657, -0.24227945506572723, -0.07060128450393677, 0.31090351939201355, 0.21216152608394623, -0.19377604126930237, 0.32789215445518494]","[0.9134303331375122, 0.8971929550170898, 0.9081121683120728, 0.9150006175041199, 0.8745996356010437, 0.7095821499824524, 0.5728941559791565, 0.6625539064407349, 0.6920319199562073, 0.2676151692867279, -0.27185648679733276, -0.23481246829032898, 0.1771639883518219, 0.2973516285419464, 0.1877073347568512]","[-0.07836008816957474, -0.39252784848213196, -0.5470209717750549, -0.21685568988323212, 0.2688441276550293, 0.5334958434104919, 0.46648338437080383, 0.4194594919681549, 0.7285593748092651, 1.0088876485824585, 1.0934175252914429, 1.2775546312332153, 1.2134555578231812, 0.6697771549224854, 0.6402609348297119]","[-1.472562313079834, -1.3551069498062134, -1.5051993131637573, -1.6594873666763306, -1.4815270900726318, -0.9073429703712463, -0.35357779264450073, -0.2710001766681671, -0.5314781665802002, -0.6892669796943665, -0.7253275513648987, -0.7989957332611084, -0.7844966053962708, -0.7857596278190613, -0.9979680180549622]","[1.5772756338119507, 1.584134578704834, 1.8444803953170776, 1.9279298782348633, 1.6939618587493896, 1.3401161432266235, 1.2592307329177856, 1.3933221101760864, 1.2474665641784668, 1.031187653541565, 1.0139564275741577, 0.9349603056907654, 1.1409358978271484, 1.604772686958313, 1.1972569227218628]","[-0.4306086301803589, -0.22243493795394897, -0.15978039801120758, -0.211215540766716, -0.2756839096546173, -0.4578116834163666, -0.7342126965522766, -0.8422444462776184, -0.6739673018455505, -0.3697737455368042, -0.12708298861980438, -0.17791646718978882, -0.5245361328125, -0.6790070533752441, -0.39535725116729736]","[-0.1023285761475563, -0.07891540974378586, -0.21237538754940033, -0.4486893117427826, -0.6483744978904724, -0.9143630862236023, -1.1131489276885986, -1.0789403915405273, -1.0905083417892456, -1.181260347366333, -1.3353164196014404, -1.7921700477600098, -2.0594568252563477, -1.6112431287765503, -1.0552908182144165]","[1.1037920713424683, 0.9575231671333313, 0.840631365776062, 0.9186239838600159, 0.9633626937866211, 0.93562251329422, 0.8706251978874207, 0.7307171821594238, 0.6432082653045654, 0.6968268156051636, 1.0591167211532593, 1.7387018203735352, 2.117281913757324, 2.0172364711761475, 2.0624029636383057]","[-1.3951475620269775, -1.1643790006637573, -1.2104755640029907, -1.400156855583191, -1.2364790439605713, -0.5661969184875488, 0.03796461597084999, 0.21270033717155457, 0.27021703124046326, 0.25113025307655334, 0.21362243592739105, 0.5837277770042419, 0.9305594563484192, 0.5766409039497375, 0.2106194794178009]",15
207,4,10,10,0,0,0.025112152,21.584236,0.8632338,0.840853389778978744,1478.00842,"[1.515468955039978, 1.7752172946929932, 1.5996770858764648, 1.6280897855758667, 1.6485555171966553, 1.6408169269561768, 1.644864559173584, 1.5789625644683838, 1.5339205265045166, 1.5047035217285156]","[0.10600002110004425, -0.2608717978000641, -0.2561451196670532, -0.3949969410896301, -0.45403480529785156, -0.2660067081451416, -0.2390090972185135, -0.12379229068756104, -0.32043924927711487, -0.28694602847099304]","[0.2411782592535019, 0.29626011848449707, 0.5869573354721069, 0.7357414364814758, 0.30265167355537415, -0.31020233035087585, -0.44610509276390076, -0.35726869106292725, -0.05317011848092079, 0.02185283973813057]","[1.4433743953704834, 1.1914466619491577, 0.7912576198577881, 1.0038353204727173, 1.553274154663086, 1.835645318031311, 2.1332266330718994, 1.8435121774673462, 1.5940028429031372, 1.3325817584991455]","[-0.5657166838645935, -0.040751367807388306, -0.17390695214271545, -0.36575978994369507, -0.5783839225769043, -0.47519516944885254, 0.010458547621965408, -0.6995338201522827, -0.7854526042938232, -0.8054031133651733]","[-1.7992497682571411, -1.457737922668457, -0.8788177371025085, -0.84522545337677, -0.771760106086731, -1.202681303024292, -1.1387888193130493, -0.3758319020271301, 0.22302667796611786, 0.42828717827796936]","[-0.3688367009162903, -0.2709547281265259, -0.4403538107872009, -0.6566938757896423, -0.33841025829315186, 0.262355774641037, 0.35299286246299744, 0.35692957043647766, 0.15379104018211365, -0.1982978880405426]","[0.6461944580078125, -0.10764157027006149, -0.34249141812324524, -0.40742719173431396, -0.6826731562614441, -0.22340412437915802, -0.09904913604259491, -0.41048404574394226, -0.8482429385185242, -0.5295872688293457]","[0.2821989357471466, 0.32178691029548645, 0.5701041221618652, 0.634763240814209, 0.610559344291687, 0.25616011023521423, -0.17454588413238525, 0.2222030758857727, 0.4626561999320984, 0.6369283199310303]","[1.4032485485076904, 1.5317801237106323, 1.5403857231140137, 1.54239022731781, 1.0655325651168823, 0.8096470832824707, 0.5774383544921875, 0.11838610470294952, -0.011212154291570187, -0.3000326454639435]","[-0.9438343048095703, -2.199674367904663, -2.9081506729125977, -2.673793077468872, -2.3180649280548096, -1.9168026447296143, -1.3600640296936035, -1.0923781394958496, -1.4502955675125122, -1.1737269163131714]","[-1.4329942464828491, -0.8075870275497437, -0.6635335087776184, -0.8601051568984985, -0.6100462079048157, -0.3247363567352295, -0.15000668168067932, 0.47760292887687683, 0.8335891366004944, 0.8012023568153381]",10
402,8,3,15,0,0,0.28910017,20.100851,1.3716521,0.73638237276356622,1461.3578,"[1.129043459892273, 1.4820233583450317, 1.6218618154525757, 1.778369665145874, 1.3182525634765625, 1.0582815408706665, 1.1594196557998657, 1.2249741554260254, 1.5060404539108276, 1.48093581199646, 1.5151102542877197, 1.2407824993133545, 1.0565943717956543, 1.2785998582839966, 1.4782809019088745]","[0.7904505729675293, -0.007024107966572046, -0.30005335807800293, -0.4253714978694916, -0.08836014568805695, 0.021445756778120995, -0.06696625053882599, -0.21244284510612488, -0.50401771068573, -0.3840162456035614, -0.33387961983680725, -0.22364743053913116, -0.16588856279850006, -0.41223764419555664, -0.7293519973754883]","[-0.027483278885483742, 0.5104143023490906, 0.47878047823905945, 0.7457643151283264, 0.5506885647773743, 0.4507104158401489, 1.038541555404663, 1.1227641105651855, 1.0859168767929077, 1.0998198986053467, 0.8602166175842285, 0.7180350422859192, 0.926049530506134, 1.1680911779403687, 1.4542838335037231]","[1.085479974746704, 1.0486418008804321, 1.4577645063400269, 1.531739354133606, 1.8426467180252075, 2.10257887840271, 2.2506372928619385, 2.492492437362671, 2.470794439315796, 2.2047457695007324, 2.103602170944214, 2.495504856109619, 2.3829686641693115, 1.9784338474273682, 1.7128651142120361]","[-1.435234546661377, -0.8759717345237732, -0.773894727230072, -0.25597694516181946, -0.4699792265892029, -0.42972639203071594, -0.21873155236244202, 0.06699051707983017, 0.005775591358542442, -0.07829553633928299, -0.09080353379249573, -0.2768442928791046, -0.15331776440143585, -0.15214107930660248, 0.03031971864402294]","[2.3985941410064697, 2.5045828819274902, 2.7930305004119873, 2.931276559829712, 2.9030256271362305, 2.3403937816619873, 1.5257411003112793, 1.523271083831787, 1.725010871887207, 1.7054789066314697, 1.798147439956665, 1.6083452701568604, 1.3567101955413818, 1.1357247829437256, 0.9307559728622437]","[0.07894153147935867, -0.4850684106349945, -1.0694384574890137, -1.195198655128479, -1.090801477432251, -1.0047835111618042, -1.472914695739746, -1.7772196531295776, -1.172431230545044, -1.1005138158798218, -1.310551643371582, -1.5203347206115723, -1.3671271800994873, -1.018822431564331, -1.046258568763733]","[-0.16409757733345032, 0.029929544776678085, -0.3045597970485687, -1.2651431560516357, -1.239497184753418, -0.9587385058403015, -0.6499737501144409, -0.5703097581863403, -0.8344162702560425, -0.6688043475151062, 0.06184876710176468, 0.6706330180168152, 0.8979216814041138, 1.0959886312484741, 1.2351667881011963]","[0.6388748288154602, 0.6320461630821228, 0.9491130113601685, 0.742245078086853, 0.5507122874259949, 0.4004666209220886, 0.5121667981147766, 0.40899914503097534, 0.22964181005954742, 0.23296232521533966, 0.2213703989982605, 0.5166611075401306, 0.4034760892391205, 0.13609051704406738, -0.049497898668050766]","[-2.699777364730835, -2.5600223541259766, -1.9079118967056274, -1.078808307647705, -0.9296407103538513, -1.2919318675994873, -0.7364455461502075, -0.22902560234069824, 0.1629440188407898, 0.07444050908088684, -0.6464080214500427, -0.9446451663970947, -1.0621094703674316, -1.1384872198104858, -1.2763980627059937]","[0.06837031990289688, -0.19455274939537048, -0.7516513466835022, -0.4838467240333557, -0.31185978651046753, -0.16383403539657593, 0.26975518465042114, 0.9517889022827148, 1.1087923049926758, 1.3919914960861206, 2.0029003620147705, 1.7172013521194458, 1.7987016439437866, 2.1532623767852783, 2.1890292167663574]","[1.5420870780944824, 1.260798454284668, 0.880317747592926, 0.3920333981513977, 0.32727038860321045, 0.35566404461860657, -0.6454393863677979, -1.3358501195907593, -1.0218549966812134, -1.0106027126312256, -0.8867523074150085, -0.988050103187561, -1.2420488595962524, -1.2453060150146484, -1.3311563730239868]",15
396,8,2,15,0,0,0.3290887,20.030516,1.4201484,0.8341332058077083,1460.28137,"[1.2490745782852173, 1.129043459892273, 1.4820233583450317, 1.6218618154525757, 1.778369665145874, 1.3182525634765625, 1.0582815408706665, 1.1594196557998657, 1.2249741554260254, 1.5060404539108276, 1.48093581199646, 1.5151102542877197, 1.2407824993133545, 1.0565943717956543, 1.2785998582839966]","[0.6758701801300049, 0.7904505729675293, -0.007024107966572046, -0.30005335807800293, -0.4253714978694916, -0.08836014568805695, 0.021445756778120995, -0.06696625053882599, -0.21244284510612488, -0.50401771068573, -0.3840162456035614, -0.33387961983680725, -0.22364743053913116, -0.16588856279850006, -0.41223764419555664]","[0.2656983733177185, -0.027483278885483742, 0.5104143023490906, 0.47878047823905945, 0.7457643151283264, 0.5506885647773743, 0.4507104158401489, 1.038541555404663, 1.1227641105651855, 1.0859168767929077, 1.0998198986053467, 0.8602166175842285, 0.7180350422859192, 0.926049530506134, 1.1680911779403687]","[1.106644630432129, 1.085479974746704, 1.0486418008804321, 1.4577645063400269, 1.531739354133606, 1.8426467180252075, 2.10257887840271, 2.2506372928619385, 2.492492437362671, 2.470794439315796, 2.2047457695007324, 2.103602170944214, 2.495504856109619, 2.3829686641693115, 1.9784338474273682]","[-1.5883464813232422, -1.435234546661377, -0.8759717345237732, -0.773894727230072, -0.25597694516181946, -0.4699792265892029, -0.42972639203071594, -0.21873155236244202, 0.06699051707983017, 0.005775591358542442, -0.07829553633928299, -0.09080353379249573, -0.2768442928791046, -0.15331776440143585, -0.15214107930660248]","[2.500854730606079, 2.3985941410064697, 2.5045828819274902, 2.7930305004119873, 2.931276559829712, 2.9030256271362305, 2.3403937816619873, 1.5257411003112793, 1.523271083831787, 1.725010871887207, 1.7054789066314697, 1.798147439956665, 1.6083452701568604, 1.3567101955413818, 1.1357247829437256]","[0.1503828912973404, 0.07894153147935867, -0.4850684106349945, -1.0694384574890137, -1.195198655128479, -1.090801477432251, -1.0047835111618042, -1.472914695739746, -1.7772196531295776, -1.172431230545044, -1.1005138158798218, -1.310551643371582, -1.5203347206115723, -1.3671271800994873, -1.018822431564331]","[-0.1964939385652542, -0.16409757733345032, 0.029929544776678085, -0.3045597970485687, -1.2651431560516357, -1.239497184753418, -0.9587385058403015, -0.6499737501144409, -0.5703097581863403, -0.8344162702560425, -0.6688043475151062, 0.06184876710176468, 0.6706330180168152, 0.8979216814041138, 1.0959886312484741]","[0.5070059299468994, 0.6388748288154602, 0.6320461630821228, 0.9491130113601685, 0.742245078086853, 0.5507122874259949, 0.4004666209220886, 0.5121667981147766, 0.40899914503097534, 0.22964181005954742, 0.23296232521533966, 0.2213703989982605, 0.5166611075401306, 0.4034760892391205, 0.13609051704406738]","[-2.2623555660247803, -2.699777364730835, -2.5600223541259766, -1.9079118967056274, -1.078808307647705, -0.9296407103538513, -1.2919318675994873, -0.7364455461502075, -0.22902560234069824, 0.1629440188407898, 0.07444050908088684, -0.6464080214500427, -0.9446451663970947, -1.0621094703674316, -1.1384872198104858]","[0.3571315407752991, 0.06837031990289688, -0.19455274939537048, -0.7516513466835022, -0.4838467240333557, -0.31185978651046753, -0.16383403539657593, 0.26975518465042114, 0.9517889022827148, 1.1087923049926758, 1.3919914960861206, 2.0029003620147705, 1.7172013521194458, 1.7987016439437866, 2.1532623767852783]","[1.2832465171813965, 1.5420870780944824, 1.260798454284668, 0.880317747592926, 0.3920333981513977, 0.32727038860321045, 0.35566404461860657, -0.6454393863677979, -1.3358501195907593, -1.0218549966812134, -1.0106027126312256, -0.8867523074150085, -0.988050103187561, -1.2420488595962524, -1.2453060150146484]",15
274,6,9,5,0,0,0.05513978,20.992758,1.58930707,0.73244631827755481,1453.7575,"[0.9636387825012207, 1.3418856859207153, 0.999954879283905, 0.48115167021751404, 0.7704315781593323]","[0.8086737394332886, 0.548236608505249, 0.6734486818313599, 0.845836341381073, 0.47861447930336]","[0.767934262752533, 1.3440890312194824, 1.4264423847198486, 1.0526853799819946, 1.2810015678405762]","[0.4439449906349182, 0.09788849949836731, -0.013837792910635471, 0.35207805037498474, 0.41346967220306396]","[0.4824230372905731, 0.25382986664772034, 0.20556403696537018, -0.0539650097489357, -0.14893300831317902]","[-1.0743224620819092, -0.6009485125541687, -0.38222306966781616, -0.2591436505317688, 0.03168036416172981]","[-0.6455241441726685, -1.0350927114486694, -0.9755489826202393, -0.6236466765403748, -0.9875775575637817]","[-0.28809356689453125, 0.10560281574726105, 0.46321284770965576, 0.5181034207344055, 0.36968162655830383]","[-0.2877013683319092, -0.5535203218460083, -0.2000657171010971, 0.25583580136299133, 0.2913449704647064]","[-0.40494245290756226, -0.6766799688339233, -0.8591259121894836, -1.4300360679626465, -1.4767999649047852]","[0.26737096905708313, 0.5207542181015015, 0.3822759985923767, 0.5528407096862793, 0.8681047558784485]","[1.1771879196166992, 1.093556523323059, 0.6977978944778442, 0.765974223613739, 1.0697393417358398]",5
128,2,7,15,0,0,0.26511908,19.414463,1.2749076,0.836883451180970084,1444.97818,"[1.5695382356643677, 1.701357364654541, 2.032541513442993, 2.624459981918335, 2.2668023109436035, 2.5050861835479736, 2.163437843322754, 1.7202092409133911, 2.25468373298645, 1.615061640739441, 0.9927758574485779, 1.0410226583480835, 1.3367754220962524, 1.7432241439819336, 1.744394302368164]","[0.4676723778247833, 0.2550276219844818, -0.1329948753118515, -0.7372633814811707, -0.835868775844574, -1.2923625707626343, -0.7431930303573608, -0.252349853515625, -0.7619383931159973, -0.1065618246793747, 0.4473651051521301, 0.39355385303497314, 0.0886460691690445, -0.27679502964019775, -0.4903440773487091]","[1.0446228981018066, 1.08352530002594, 1.0984933376312256, 1.346283197402954, 1.1152732372283936, 1.4305833578109741, 0.8048052191734314, 0.25817763805389404, 0.8709331750869751, 0.24392274022102356, -0.20467492938041687, -0.10306631028652191, -0.014050936326384544, 0.24501492083072662, 0.18709835410118103]","[0.9235085844993591, 0.759827733039856, 0.5859624743461609, 0.22444050014019012, 0.6259723901748657, 0.6490346789360046, 0.9955348968505859, 1.3487588167190552, 0.6967347264289856, 0.8712543845176697, 1.1306507587432861, 0.970064640045166, 1.279762625694275, 1.350072979927063, 1.5410743951797485]","[-1.656416654586792, -1.794803261756897, -2.0580132007598877, -2.015026092529297, -1.8736439943313599, -1.6648672819137573, -1.337135910987854, -0.8725557923316956, -0.33177122473716736, -0.11155020445585251, -0.3997572660446167, -0.5067297220230103, -0.4074247479438782, -0.7190983295440674, -0.279064804315567]","[-0.03038434311747551, 0.23128490149974823, 0.8628416061401367, 1.2077316045761108, 1.31538724899292, 1.5419363975524902, 1.585561990737915, 1.7548106908798218, 1.6644258499145508, 1.3905467987060547, 1.7138863801956177, 2.1260836124420166, 2.285848379135132, 1.9785901308059692, 2.2631492614746094]","[-0.6088245511054993, -0.2414773404598236, 0.0017150790663436055, -0.13314439356327057, -0.3816621005535126, -0.9561477303504944, -1.3176600933074951, -1.3828622102737427, -1.206170916557312, -0.7024615406990051, -0.6708093285560608, -1.1614289283752441, -1.51505708694458, -1.3268320560455322, -1.2801748514175415]","[-0.16532142460346222, 0.40347281098365784, 1.0299034118652344, 1.2756752967834473, 1.1629472970962524, 0.881434440612793, 0.5799495577812195, 0.0007940658833831549, 0.02229246497154236, 0.3835103511810303, 0.05692673847079277, -0.09351202100515366, -0.0879172757267952, -0.009176844730973244, -0.13242290914058685]","[1.2223583459854126, 1.027112603187561, 0.946395754814148, 0.990972638130188, 1.2369948625564575, 1.4239410161972046, 1.3193124532699585, 1.2048285007476807, 0.6860473155975342, 0.23617520928382874, 0.5445436239242554, 0.7980402708053589, 0.8750287294387817, 1.0253546237945557, 0.8934934139251709]","[-0.13403043150901794, -1.0794919729232788, -2.0251457691192627, -2.231846332550049, -2.3301827907562256, -2.4977831840515137, -2.475466012954712, -2.1033825874328613, -1.7072856426239014, -1.9738229513168335, -2.3391246795654297, -1.9674267768859863, -1.6606608629226685, -1.782090663909912, -1.7820475101470947]","[0.0519920215010643, -0.03960425779223442, -0.3285858929157257, -0.8934561014175415, -1.3001848459243774, -1.1496765613555908, -0.7627717852592468, -0.7125777006149292, -0.46187472343444824, -0.19693180918693542, -0.3342859745025635, -0.06877260655164719, 0.4671233296394348, 0.546806812286377, 0.5028188824653625]","[0.6459901332855225, 0.9660805463790894, 0.7200406193733215, 0.10849090665578842, 0.22260338068008423, 0.6969718337059021, 1.0131267309188843, 1.1746907234191895, 0.8316977024078369, 0.8248799443244934, 1.219024896621704, 0.8465297818183899, 0.5142768025398254, 0.9258402585983276, 0.8831668496131897]",15
852,18,3,15,0,0,0.19376135,19.627031,1.155232,0.83497886300309262,1444.687,"[0.20107072591781616, 0.18707241117954254, 0.33206111192703247, 0.5073351263999939, 0.6515064835548401, 0.7737577557563782, 0.812325656414032, 0.7175836563110352, 0.5821290016174316, 0.5621610283851624, 0.6301640272140503, 0.6330769062042236, 0.5792733430862427, 0.6208828091621399, 0.7659384608268738]","[0.7210882306098938, 0.5717583298683167, 0.4298730790615082, 0.4109288156032562, 0.34050440788269043, 0.3157840967178345, 0.5583574175834656, 0.8197609782218933, 0.8991434574127197, 0.8815518617630005, 0.7401549220085144, 0.5138005018234253, 0.4000672399997711, 0.4513808786869049, 0.6554679274559021]","[1.583005428314209, 1.5786025524139404, 1.4656248092651367, 1.5193804502487183, 1.6810048818588257, 1.575815200805664, 1.2729735374450684, 1.0675462484359741, 0.9223567843437195, 0.7174360752105713, 0.7003143429756165, 1.0171598196029663, 1.3176162242889404, 1.2373435497283936, 0.8653640151023865]","[0.09126616269350052, 0.3097326159477234, 0.44341176748275757, 0.0936984121799469, -0.18166083097457886, -0.05126321315765381, 0.044946152716875076, 0.08056364208459854, 0.3007444739341736, 0.4637933373451233, 0.36891457438468933, 0.12087520956993103, -0.08753253519535065, -0.12489451467990875, -0.051191169768571854]","[-0.20749513804912567, -0.4429278075695038, -0.16103719174861908, 0.04482866823673248, 0.009695486165583134, -0.08420627564191818, -0.19549249112606049, -0.16651023924350739, -0.05720685422420502, 0.06805945187807083, 0.3066316545009613, 0.3629674017429352, 0.1652914136648178, 0.17336522042751312, 0.12320615351200104]","[0.7994475960731506, 0.7947097420692444, 0.9715965390205383, 0.8042775988578796, 0.7661241292953491, 1.0730557441711426, 1.1858094930648804, 1.178589105606079, 1.23264479637146, 1.0946000814437866, 0.9072808027267456, 0.9186998009681702, 1.0841673612594604, 1.2555510997772217, 1.1847342252731323]","[-0.6634335517883301, -0.8133240938186646, -0.7069646120071411, -0.43616417050361633, -0.4071921706199646, -0.5050899982452393, -0.36210817098617554, -0.2643675208091736, -0.4274384081363678, -0.48489925265312195, -0.4004659056663513, -0.47552233934402466, -0.6845963597297668, -0.7147758603096008, -0.4146537780761719]","[1.3498116731643677, 1.5610547065734863, 1.4519388675689697, 1.9104310274124146, 2.2579314708709717, 1.9273467063903809, 1.3988152742385864, 1.0269804000854492, 0.7151613831520081, 0.5665638446807861, 0.64786696434021, 0.9274574518203735, 1.092838168144226, 0.7574809193611145, 0.2456277459859848]","[0.5694389939308167, 0.8224849700927734, 0.8207561373710632, 0.6111741065979004, 0.4086216390132904, 0.6339279413223267, 1.113112449645996, 1.22382652759552, 1.088876485824585, 1.0465812683105469, 0.8664133548736572, 0.6120592355728149, 0.5606240630149841, 0.44515082240104675, 0.35533326864242554]","[-0.6553937792778015, -0.8968136310577393, -1.3759291172027588, -1.6987323760986328, -1.9687864780426025, -2.268777847290039, -2.2150542736053467, -2.084057092666626, -2.2559850215911865, -2.4648876190185547, -2.471792221069336, -2.3226513862609863, -2.0635740756988525, -1.8039606809616089, -1.6509606838226318]","[0.9507923126220703, 0.9199156165122986, 0.5355983972549438, 0.24073201417922974, 0.0935143455862999, -0.549159824848175, -1.419952392578125, -1.4800115823745728, -0.8514518141746521, -0.5443576574325562, -0.5941624641418457, -0.48950985074043274, -0.20057746767997742, 0.25949931144714355, 0.6495664715766907]","[0.06267677992582321, 0.3994603455066681, 0.5651870965957642, 0.21833577752113342, -0.26917484402656555, -0.3051131069660187, 0.020605335012078285, 0.26359137892723083, 0.4118892550468445, 0.7328968048095703, 1.1362924575805664, 1.2304545640945435, 0.8754358887672424, 0.5430496335029602, 0.6970169544219971]",15
