id,series_id,start,length,true_class,pred_class,confidence,F_stat,Separability,IG,Composite_Score,dim_0,dim_1,dim_2,dim_3,dim_4,dim_5,dim_6,dim_7,dim_8,dim_9,dim_10,dim_11,Shapelet_Length
4134,108,5,17,3,3,1.0078979,86.01187,2.575107,0.5088946839622461,1822.9353,"[0.5902309417724609, 0.2599884271621704, 0.2891608476638794, 0.17915679514408112, -0.1669323444366455, -0.33624255657196045, -0.4385698139667511, -0.6718496680259705, -0.7781793475151062, -0.7624671459197998, -0.9437946677207947, -1.1007699966430664, -0.9901870489120483, -1.0625767707824707, -1.365294098854065, -1.3392969369888306, -1.1874151229858398]","[0.043808870017528534, 0.07057312875986099, 0.1322973221540451, 0.007018771953880787, -0.1335161030292511, -0.07104864716529846, 0.0051528941839933395, -0.04072105884552002, -0.0506276860833168, -0.004167737904936075, -0.03572960942983627, -0.049111105501651764, 0.03905026614665985, 0.004026188515126705, -0.12133936583995819, -0.041490357369184494, 0.10751151293516159]","[0.5891842246055603, 0.44544559717178345, 0.35593220591545105, 0.31740906834602356, 0.24564297497272491, 0.1364632099866867, 0.0884966030716896, 0.11447079479694366, 0.1253160685300827, 0.10881859064102173, 0.11633708328008652, 0.1598350703716278, 0.20521233975887299, 0.2927621901035309, 0.41630762815475464, 0.526414155960083, 0.5613380074501038]","[-1.9853789806365967, -1.8532863855361938, -2.0669589042663574, -2.1409411430358887, -1.934714674949646, -1.8889178037643433, -1.8734936714172363, -1.5179007053375244, -1.277482032775879, -1.3063180446624756, -1.1530052423477173, -0.9678570032119751, -1.0528335571289062, -0.9430933594703674, -0.6377228498458862, -0.8504769802093506, -1.1679906845092773]","[-0.334666907787323, -0.24836322665214539, -0.4521922469139099, -0.27802637219429016, 0.14333182573318481, 0.1401672214269638, 0.09645945578813553, 0.44656065106391907, 0.6397943496704102, 0.5324888825416565, 0.6491582989692688, 0.711825966835022, 0.4052888751029968, 0.32109540700912476, 0.5412600636482239, 0.3541618585586548, 0.09510589390993118]","[-0.6689099669456482, -0.4697631001472473, -0.4207634925842285, -0.1949366182088852, 0.0469476543366909, -0.09795675426721573, -0.2700737416744232, -0.20168563723564148, -0.25437304377555847, -0.42948678135871887, -0.3429863154888153, -0.231790229678154, -0.3241439461708069, -0.15103518962860107, 0.25151458382606506, 0.27278298139572144, 0.16560561954975128]","[-2.0866527557373047, -1.769600749015808, -1.615247130393982, -1.4288910627365112, -1.2082058191299438, -1.0854098796844482, -0.9079803824424744, -0.6717936396598816, -0.6441547870635986, -0.6930152177810669, -0.5315976142883301, -0.47384148836135864, -0.7468515634536743, -0.771256148815155, -0.31962504982948303, -0.011288991197943687, -0.011434403248131275]","[1.5896979570388794, 1.3509087562561035, 1.4740251302719116, 1.5259217023849487, 1.3347312211990356, 1.415866494178772, 1.5381736755371094, 1.2691624164581299, 1.012382984161377, 0.931709349155426, 0.5990443229675293, 0.2827703654766083, 0.4024370014667511, 0.331731379032135, -0.09642906486988068, -0.16068841516971588, -0.1212751641869545]","[1.3200876712799072, 1.3008406162261963, 1.209885597229004, 0.9101898670196533, 0.6390336751937866, 0.6081845164299011, 0.5764644742012024, 0.39562126994132996, 0.3218151926994324, 0.3693455159664154, 0.3461340367794037, 0.3784993290901184, 0.5811796188354492, 0.7261464595794678, 0.729995608329773, 0.8436324596405029, 0.967974841594696]","[0.5708361268043518, 0.3954087495803833, 0.041246965527534485, -0.4536155164241791, -0.9112389087677002, -1.2850650548934937, -1.613020420074463, -1.8053110837936401, -1.8794339895248413, -1.9331512451171875, -1.9044814109802246, -1.7660967111587524, -1.6235437393188477, -1.533233404159546, -1.291056752204895, -0.8669335842132568, -0.6271477341651917]","[-0.7637308835983276, -0.9208278059959412, -0.8874062299728394, -1.0642718076705933, -1.3998407125473022, -1.6561143398284912, -1.8522217273712158, -1.961116075515747, -1.8248754739761353, -1.6655851602554321, -1.7975084781646729, -1.8632111549377441, -1.473128318786621, -1.3083093166351318, -1.5003753900527954, -1.4821799993515015, -1.2907938957214355]","[-1.579174518585205, -1.7861154079437256, -1.6825400590896606, -1.497371792793274, -1.2772525548934937, -0.7776702642440796, -0.2972637116909027, 0.023777181282639503, 0.38394951820373535, 0.6584398150444031, 0.5908629298210144, 0.5023290514945984, 0.6317967772483826, 0.6459686160087585, 0.4168756306171417, 0.3360555171966553, 0.36869797110557556]",17
4141,108,4,17,3,3,1.0847473,84.67586,2.712082,0.5181332750761856,1800.7861,"[0.840985119342804, 0.5902309417724609, 0.2599884271621704, 0.2891608476638794, 0.17915679514408112, -0.1669323444366455, -0.33624255657196045, -0.4385698139667511, -0.6718496680259705, -0.7781793475151062, -0.7624671459197998, -0.9437946677207947, -1.1007699966430664, -0.9901870489120483, -1.0625767707824707, -1.365294098854065, -1.3392969369888306]","[0.11255187541246414, 0.043808870017528534, 0.07057312875986099, 0.1322973221540451, 0.007018771953880787, -0.1335161030292511, -0.07104864716529846, 0.0051528941839933395, -0.04072105884552002, -0.0506276860833168, -0.004167737904936075, -0.03572960942983627, -0.049111105501651764, 0.03905026614665985, 0.004026188515126705, -0.12133936583995819, -0.041490357369184494]","[0.7050687670707703, 0.5891842246055603, 0.44544559717178345, 0.35593220591545105, 0.31740906834602356, 0.24564297497272491, 0.1364632099866867, 0.0884966030716896, 0.11447079479694366, 0.1253160685300827, 0.10881859064102173, 0.11633708328008652, 0.1598350703716278, 0.20521233975887299, 0.2927621901035309, 0.41630762815475464, 0.526414155960083]","[-2.069474935531616, -1.9853789806365967, -1.8532863855361938, -2.0669589042663574, -2.1409411430358887, -1.934714674949646, -1.8889178037643433, -1.8734936714172363, -1.5179007053375244, -1.277482032775879, -1.3063180446624756, -1.1530052423477173, -0.9678570032119751, -1.0528335571289062, -0.9430933594703674, -0.6377228498458862, -0.8504769802093506]","[-0.5287061333656311, -0.334666907787323, -0.24836322665214539, -0.4521922469139099, -0.27802637219429016, 0.14333182573318481, 0.1401672214269638, 0.09645945578813553, 0.44656065106391907, 0.6397943496704102, 0.5324888825416565, 0.6491582989692688, 0.711825966835022, 0.4052888751029968, 0.32109540700912476, 0.5412600636482239, 0.3541618585586548]","[-0.763200044631958, -0.6689099669456482, -0.4697631001472473, -0.4207634925842285, -0.1949366182088852, 0.0469476543366909, -0.09795675426721573, -0.2700737416744232, -0.20168563723564148, -0.25437304377555847, -0.42948678135871887, -0.3429863154888153, -0.231790229678154, -0.3241439461708069, -0.15103518962860107, 0.25151458382606506, 0.27278298139572144]","[-2.306069850921631, -2.0866527557373047, -1.769600749015808, -1.615247130393982, -1.4288910627365112, -1.2082058191299438, -1.0854098796844482, -0.9079803824424744, -0.6717936396598816, -0.6441547870635986, -0.6930152177810669, -0.5315976142883301, -0.47384148836135864, -0.7468515634536743, -0.771256148815155, -0.31962504982948303, -0.011288991197943687]","[1.7055151462554932, 1.5896979570388794, 1.3509087562561035, 1.4740251302719116, 1.5259217023849487, 1.3347312211990356, 1.415866494178772, 1.5381736755371094, 1.2691624164581299, 1.012382984161377, 0.931709349155426, 0.5990443229675293, 0.2827703654766083, 0.4024370014667511, 0.331731379032135, -0.09642906486988068, -0.16068841516971588]","[1.3695333003997803, 1.3200876712799072, 1.3008406162261963, 1.209885597229004, 0.9101898670196533, 0.6390336751937866, 0.6081845164299011, 0.5764644742012024, 0.39562126994132996, 0.3218151926994324, 0.3693455159664154, 0.3461340367794037, 0.3784993290901184, 0.5811796188354492, 0.7261464595794678, 0.729995608329773, 0.8436324596405029]","[0.5971185564994812, 0.5708361268043518, 0.3954087495803833, 0.041246965527534485, -0.4536155164241791, -0.9112389087677002, -1.2850650548934937, -1.613020420074463, -1.8053110837936401, -1.8794339895248413, -1.9331512451171875, -1.9044814109802246, -1.7660967111587524, -1.6235437393188477, -1.533233404159546, -1.291056752204895, -0.8669335842132568]","[-0.3818415403366089, -0.7637308835983276, -0.9208278059959412, -0.8874062299728394, -1.0642718076705933, -1.3998407125473022, -1.6561143398284912, -1.8522217273712158, -1.961116075515747, -1.8248754739761353, -1.6655851602554321, -1.7975084781646729, -1.8632111549377441, -1.473128318786621, -1.3083093166351318, -1.5003753900527954, -1.4821799993515015]","[-1.3068732023239136, -1.579174518585205, -1.7861154079437256, -1.6825400590896606, -1.497371792793274, -1.2772525548934937, -0.7776702642440796, -0.2972637116909027, 0.023777181282639503, 0.38394951820373535, 0.6584398150444031, 0.5908629298210144, 0.5023290514945984, 0.6317967772483826, 0.6459686160087585, 0.4168756306171417, 0.3360555171966553]",17
4135,108,3,17,3,3,1.1160762,76.4669,2.684322,0.5104638324691648,1635.391,"[0.5743288993835449, 0.840985119342804, 0.5902309417724609, 0.2599884271621704, 0.2891608476638794, 0.17915679514408112, -0.1669323444366455, -0.33624255657196045, -0.4385698139667511, -0.6718496680259705, -0.7781793475151062, -0.7624671459197998, -0.9437946677207947, -1.1007699966430664, -0.9901870489120483, -1.0625767707824707, -1.365294098854065]","[0.07823222875595093, 0.11255187541246414, 0.043808870017528534, 0.07057312875986099, 0.1322973221540451, 0.007018771953880787, -0.1335161030292511, -0.07104864716529846, 0.0051528941839933395, -0.04072105884552002, -0.0506276860833168, -0.004167737904936075, -0.03572960942983627, -0.049111105501651764, 0.03905026614665985, 0.004026188515126705, -0.12133936583995819]","[0.7987865209579468, 0.7050687670707703, 0.5891842246055603, 0.44544559717178345, 0.35593220591545105, 0.31740906834602356, 0.24564297497272491, 0.1364632099866867, 0.0884966030716896, 0.11447079479694366, 0.1253160685300827, 0.10881859064102173, 0.11633708328008652, 0.1598350703716278, 0.20521233975887299, 0.2927621901035309, 0.41630762815475464]","[-1.6633447408676147, -2.069474935531616, -1.9853789806365967, -1.8532863855361938, -2.0669589042663574, -2.1409411430358887, -1.934714674949646, -1.8889178037643433, -1.8734936714172363, -1.5179007053375244, -1.277482032775879, -1.3063180446624756, -1.1530052423477173, -0.9678570032119751, -1.0528335571289062, -0.9430933594703674, -0.6377228498458862]","[-0.2980210781097412, -0.5287061333656311, -0.334666907787323, -0.24836322665214539, -0.4521922469139099, -0.27802637219429016, 0.14333182573318481, 0.1401672214269638, 0.09645945578813553, 0.44656065106391907, 0.6397943496704102, 0.5324888825416565, 0.6491582989692688, 0.711825966835022, 0.4052888751029968, 0.32109540700912476, 0.5412600636482239]","[-0.4401327073574066, -0.763200044631958, -0.6689099669456482, -0.4697631001472473, -0.4207634925842285, -0.1949366182088852, 0.0469476543366909, -0.09795675426721573, -0.2700737416744232, -0.20168563723564148, -0.25437304377555847, -0.42948678135871887, -0.3429863154888153, -0.231790229678154, -0.3241439461708069, -0.15103518962860107, 0.25151458382606506]","[-2.184326410293579, -2.306069850921631, -2.0866527557373047, -1.769600749015808, -1.615247130393982, -1.4288910627365112, -1.2082058191299438, -1.0854098796844482, -0.9079803824424744, -0.6717936396598816, -0.6441547870635986, -0.6930152177810669, -0.5315976142883301, -0.47384148836135864, -0.7468515634536743, -0.771256148815155, -0.31962504982948303]","[1.234849214553833, 1.7055151462554932, 1.5896979570388794, 1.3509087562561035, 1.4740251302719116, 1.5259217023849487, 1.3347312211990356, 1.415866494178772, 1.5381736755371094, 1.2691624164581299, 1.012382984161377, 0.931709349155426, 0.5990443229675293, 0.2827703654766083, 0.4024370014667511, 0.331731379032135, -0.09642906486988068]","[1.2843834161758423, 1.3695333003997803, 1.3200876712799072, 1.3008406162261963, 1.209885597229004, 0.9101898670196533, 0.6390336751937866, 0.6081845164299011, 0.5764644742012024, 0.39562126994132996, 0.3218151926994324, 0.3693455159664154, 0.3461340367794037, 0.3784993290901184, 0.5811796188354492, 0.7261464595794678, 0.729995608329773]","[0.5652602910995483, 0.5971185564994812, 0.5708361268043518, 0.3954087495803833, 0.041246965527534485, -0.4536155164241791, -0.9112389087677002, -1.2850650548934937, -1.613020420074463, -1.8053110837936401, -1.8794339895248413, -1.9331512451171875, -1.9044814109802246, -1.7660967111587524, -1.6235437393188477, -1.533233404159546, -1.291056752204895]","[-0.1581224948167801, -0.3818415403366089, -0.7637308835983276, -0.9208278059959412, -0.8874062299728394, -1.0642718076705933, -1.3998407125473022, -1.6561143398284912, -1.8522217273712158, -1.961116075515747, -1.8248754739761353, -1.6655851602554321, -1.7975084781646729, -1.8632111549377441, -1.473128318786621, -1.3083093166351318, -1.5003753900527954]","[-1.2007651329040527, -1.3068732023239136, -1.579174518585205, -1.7861154079437256, -1.6825400590896606, -1.497371792793274, -1.2772525548934937, -0.7776702642440796, -0.2972637116909027, 0.023777181282639503, 0.38394951820373535, 0.6584398150444031, 0.5908629298210144, 0.5023290514945984, 0.6317967772483826, 0.6459686160087585, 0.4168756306171417]",17
4138,108,6,17,3,3,0.9441731,76.313194,2.3972619,0.48374254629366575,1622.3689,"[0.2599884271621704, 0.2891608476638794, 0.17915679514408112, -0.1669323444366455, -0.33624255657196045, -0.4385698139667511, -0.6718496680259705, -0.7781793475151062, -0.7624671459197998, -0.9437946677207947, -1.1007699966430664, -0.9901870489120483, -1.0625767707824707, -1.365294098854065, -1.3392969369888306, -1.1874151229858398, -1.5115002393722534]","[0.07057312875986099, 0.1322973221540451, 0.007018771953880787, -0.1335161030292511, -0.07104864716529846, 0.0051528941839933395, -0.04072105884552002, -0.0506276860833168, -0.004167737904936075, -0.03572960942983627, -0.049111105501651764, 0.03905026614665985, 0.004026188515126705, -0.12133936583995819, -0.041490357369184494, 0.10751151293516159, 0.048162370920181274]","[0.44544559717178345, 0.35593220591545105, 0.31740906834602356, 0.24564297497272491, 0.1364632099866867, 0.0884966030716896, 0.11447079479694366, 0.1253160685300827, 0.10881859064102173, 0.11633708328008652, 0.1598350703716278, 0.20521233975887299, 0.2927621901035309, 0.41630762815475464, 0.526414155960083, 0.5613380074501038, 0.44117972254753113]","[-1.8532863855361938, -2.0669589042663574, -2.1409411430358887, -1.934714674949646, -1.8889178037643433, -1.8734936714172363, -1.5179007053375244, -1.277482032775879, -1.3063180446624756, -1.1530052423477173, -0.9678570032119751, -1.0528335571289062, -0.9430933594703674, -0.6377228498458862, -0.8504769802093506, -1.1679906845092773, -0.7421466708183289]","[-0.24836322665214539, -0.4521922469139099, -0.27802637219429016, 0.14333182573318481, 0.1401672214269638, 0.09645945578813553, 0.44656065106391907, 0.6397943496704102, 0.5324888825416565, 0.6491582989692688, 0.711825966835022, 0.4052888751029968, 0.32109540700912476, 0.5412600636482239, 0.3541618585586548, 0.09510589390993118, 0.5478280782699585]","[-0.4697631001472473, -0.4207634925842285, -0.1949366182088852, 0.0469476543366909, -0.09795675426721573, -0.2700737416744232, -0.20168563723564148, -0.25437304377555847, -0.42948678135871887, -0.3429863154888153, -0.231790229678154, -0.3241439461708069, -0.15103518962860107, 0.25151458382606506, 0.27278298139572144, 0.16560561954975128, 0.5375813245773315]","[-1.769600749015808, -1.615247130393982, -1.4288910627365112, -1.2082058191299438, -1.0854098796844482, -0.9079803824424744, -0.6717936396598816, -0.6441547870635986, -0.6930152177810669, -0.5315976142883301, -0.47384148836135864, -0.7468515634536743, -0.771256148815155, -0.31962504982948303, -0.011288991197943687, -0.011434403248131275, 0.30371320247650146]","[1.3509087562561035, 1.4740251302719116, 1.5259217023849487, 1.3347312211990356, 1.415866494178772, 1.5381736755371094, 1.2691624164581299, 1.012382984161377, 0.931709349155426, 0.5990443229675293, 0.2827703654766083, 0.4024370014667511, 0.331731379032135, -0.09642906486988068, -0.16068841516971588, -0.1212751641869545, -0.7556491494178772]","[1.3008406162261963, 1.209885597229004, 0.9101898670196533, 0.6390336751937866, 0.6081845164299011, 0.5764644742012024, 0.39562126994132996, 0.3218151926994324, 0.3693455159664154, 0.3461340367794037, 0.3784993290901184, 0.5811796188354492, 0.7261464595794678, 0.729995608329773, 0.8436324596405029, 0.967974841594696, 0.7766032218933105]","[0.3954087495803833, 0.041246965527534485, -0.4536155164241791, -0.9112389087677002, -1.2850650548934937, -1.613020420074463, -1.8053110837936401, -1.8794339895248413, -1.9331512451171875, -1.9044814109802246, -1.7660967111587524, -1.6235437393188477, -1.533233404159546, -1.291056752204895, -0.8669335842132568, -0.6271477341651917, -0.6222468018531799]","[-0.9208278059959412, -0.8874062299728394, -1.0642718076705933, -1.3998407125473022, -1.6561143398284912, -1.8522217273712158, -1.961116075515747, -1.8248754739761353, -1.6655851602554321, -1.7975084781646729, -1.8632111549377441, -1.473128318786621, -1.3083093166351318, -1.5003753900527954, -1.4821799993515015, -1.2907938957214355, -1.4066990613937378]","[-1.7861154079437256, -1.6825400590896606, -1.497371792793274, -1.2772525548934937, -0.7776702642440796, -0.2972637116909027, 0.023777181282639503, 0.38394951820373535, 0.6584398150444031, 0.5908629298210144, 0.5023290514945984, 0.6317967772483826, 0.6459686160087585, 0.4168756306171417, 0.3360555171966553, 0.36869797110557556, 0.19054347276687622]",17
3869,101,2,17,3,3,0.747391,75.57751,2.3876603,0.5401387055283031,1610.1869,"[-0.12188791483640671, -0.15978913009166718, -0.5275951623916626, -0.5603698492050171, -0.8964144587516785, -0.7705410122871399, -0.918684720993042, -0.9079732894897461, -0.9560471773147583, -0.9910763502120972, -1.191180944442749, -1.329337239265442, -1.2773360013961792, -1.266561508178711, -1.244820237159729, -1.3587418794631958, -1.2568860054016113]","[-1.0481224060058594, -1.0491528511047363, -1.0713446140289307, -0.8844621777534485, -0.8929066061973572, -0.9612382054328918, -1.0176643133163452, -0.9815818667411804, -1.060077428817749, -1.0564216375350952, -1.0211573839187622, -0.9895634651184082, -0.9708890914916992, -0.9618841409683228, -0.9191237688064575, -0.9366395473480225, -0.8745301365852356]","[0.5323179364204407, 0.4239673316478729, 0.44523122906684875, 0.2915181815624237, 0.20947031676769257, 0.06568046659231186, 0.055963266640901566, 0.036814529448747635, 0.05921521782875061, -0.04935120791196823, -0.08666232228279114, 0.025772374123334885, 0.2034754753112793, 0.40491554141044617, 0.5019524693489075, 0.620311439037323, 0.6880942583084106]","[-1.4474678039550781, -1.6188337802886963, -1.3614157438278198, -1.5326653718948364, -1.2836697101593018, -1.4081315994262695, -1.2799808979034424, -1.3877204656600952, -1.1924127340316772, -1.0010871887207031, -0.6815945506095886, -0.5815199017524719, -0.6740166544914246, -0.6704764366149902, -0.7566229701042175, -0.6518253684043884, -0.9560383558273315]","[-0.23684847354888916, -0.2542441487312317, -0.006764233577996492, -0.10777301341295242, 0.04751572385430336, 0.004804140422493219, 0.11185914278030396, 0.01896674558520317, 0.11797821521759033, -0.018266428261995316, -0.08104407787322998, -0.09767400473356247, -0.27814868092536926, -0.44176462292671204, -0.4978921115398407, -0.3715035319328308, -0.6085131764411926]","[-0.43468043208122253, -0.3821294605731964, -0.10315563529729843, -0.2406185120344162, -0.01852438785135746, -0.07095231115818024, 0.04928143322467804, -0.10380532592535019, -0.06340810656547546, -0.1905166357755661, -0.25263091921806335, -0.22511672973632812, -0.015989206731319427, 0.23219911754131317, 0.1410655379295349, 0.22422581911087036, 0.1546148955821991]","[-1.4658066034317017, -1.2222076654434204, -0.8902463912963867, -0.7703360319137573, -0.47455164790153503, -0.559492826461792, -0.43936094641685486, -0.5407537817955017, -0.4911876916885376, -0.32916396856307983, -0.06651527434587479, -0.0189723689109087, 0.09878207743167877, 0.450235515832901, 0.3386284410953522, 0.31866025924682617, 0.19447752833366394]","[1.3912254571914673, 1.6275267601013184, 1.0934263467788696, 1.2680778503417969, 0.710524320602417, 0.809768795967102, 0.33429214358329773, 0.24809665977954865, -0.1956484317779541, -0.4519834816455841, -0.8800224661827087, -1.0602511167526245, -1.1276872158050537, -1.4028041362762451, -1.2640268802642822, -1.5818628072738647, -1.3883357048034668]","[0.4336988925933838, 0.482177734375, 0.41456472873687744, 0.49451982975006104, 0.39351287484169006, 0.383312851190567, 0.20921826362609863, 0.11133372783660889, -0.039465971291065216, -0.01088337879627943, -0.0005317193572409451, -0.004210587125271559, -0.0009382569114677608, -0.12245862185955048, -0.08909539878368378, -0.16199983656406403, -0.13739795982837677]","[0.8079363703727722, 0.650578498840332, 0.7026829123497009, 0.529895007610321, 0.2869322597980499, -0.10644176602363586, -0.04452632740139961, 0.01793654076755047, 0.0896986722946167, -0.08180906623601913, -0.10829830169677734, -0.02031698450446129, 0.09184682369232178, 0.2608596980571747, 0.33308932185173035, 0.615949273109436, 0.6948277354240417]","[0.023000117391347885, -0.38181403279304504, -1.0221041440963745, -1.170910120010376, -1.3243194818496704, -1.0689045190811157, -1.1041669845581055, -0.763906717300415, -0.4444194734096527, -0.1489439308643341, -0.09227784723043442, -0.16695120930671692, -0.1693384349346161, -0.2316751778125763, -0.3040176331996918, -0.7062200307846069, -0.6911553740501404]","[-1.216210961341858, -1.2792493104934692, -1.1667617559432983, -0.7992535829544067, -0.09577364474534988, 0.4487104117870331, 0.8549994826316833, 1.3983867168426514, 1.9201480150222778, 2.2954392433166504, 2.416283130645752, 2.2939035892486572, 1.8903696537017822, 1.3868160247802734, 1.0538913011550903, 0.7900202870368958, 0.6616291999816895]",17
2009,52,3,17,1,1,0.92386603,49.44721,2.0366404,0.3697179434144522,1068.5292,"[-0.7363737225532532, -0.5722352266311646, -0.41415414214134216, -0.3323499858379364, -0.34614962339401245, -0.3815627992153168, -0.3970513343811035, -0.37547874450683594, -0.32370123267173767, -0.28439605236053467, -0.2903159260749817, -0.3120075464248657, -0.308651328086853, -0.3086240589618683, -0.36810964345932007, -0.443672776222229, -0.43913549184799194]","[-1.225019931793213, -1.13870108127594, -1.100734829902649, -1.2083115577697754, -1.2629179954528809, -1.1576571464538574, -1.1052839756011963, -1.1452031135559082, -1.1492689847946167, -1.104349136352539, -1.1199369430541992, -1.1677820682525635, -1.1209458112716675, -0.9970369338989258, -0.9258504509925842, -0.9658322334289551, -0.9449254870414734]","[0.6984045505523682, 0.5892542004585266, 0.5086248517036438, 0.540073812007904, 0.5776636600494385, 0.5534815788269043, 0.5629194974899292, 0.6146372556686401, 0.6042500138282776, 0.5214613676071167, 0.49240031838417053, 0.5324718952178955, 0.5292001366615295, 0.5060528516769409, 0.5816479325294495, 0.7193052172660828, 0.7163099050521851]","[-0.8235591650009155, -0.9861080646514893, -1.0772985219955444, -0.8278383016586304, -0.7221099734306335, -0.9625807404518127, -1.0225101709365845, -0.7703738808631897, -0.6789525747299194, -0.8289450407028198, -0.8276715278625488, -0.64023357629776, -0.6538776159286499, -0.8270496726036072, -0.6775883436203003, -0.31908828020095825, -0.410218745470047]","[0.6627992391586304, 0.5769921541213989, 0.5388652086257935, 0.7408818006515503, 0.8068358898162842, 0.6669418215751648, 0.7343020439147949, 1.005334734916687, 1.0553655624389648, 0.8984993696212769, 0.9096102714538574, 1.0870052576065063, 0.9933536648750305, 0.6487159132957458, 0.6475764513015747, 0.8908669948577881, 0.7779037356376648]","[0.4834979772567749, 0.4356266260147095, 0.36174896359443665, 0.36990851163864136, 0.3967694640159607, 0.34392789006233215, 0.2722693383693695, 0.21748507022857666, 0.13701078295707703, 0.0025324022863060236, -0.16345202922821045, -0.35342276096343994, -0.5482291579246521, -0.69684237241745, -0.7214310765266418, -0.616622269153595, -0.5262874364852905]","[-0.6915519833564758, -0.6955417990684509, -0.77409827709198, -0.9664800763130188, -1.0572667121887207, -1.0440376996994019, -1.1313079595565796, -1.3200581073760986, -1.4199410676956177, -1.3946783542633057, -1.3787503242492676, -1.3882166147232056, -1.2913709878921509, -1.1061174869537354, -0.9693237543106079, -0.8776359558105469, -0.6985123157501221]","[0.5925817489624023, 0.6200859546661377, 0.6789827346801758, 0.5792774558067322, 0.5335572361946106, 0.6823838353157043, 0.7297828793525696, 0.6160227060317993, 0.625198245048523, 0.8072682619094849, 0.8660392165184021, 0.78427654504776, 0.8788130879402161, 1.138167381286621, 1.1734282970428467, 0.9931805729866028, 1.0037611722946167]","[-0.9275596141815186, -0.8884530663490295, -0.7943603992462158, -0.7866843342781067, -0.787744402885437, -0.7320515513420105, -0.7534900903701782, -0.8441977500915527, -0.8413674831390381, -0.7615160942077637, -0.7478919625282288, -0.8124274015426636, -0.8209584355354309, -0.7518584728240967, -0.7656342387199402, -0.8832795023918152, -0.9026637673377991]","[-1.02638578414917, -1.1194735765457153, -1.2896398305892944, -1.2607502937316895, -1.2017993927001953, -1.1820881366729736, -0.9639261960983276, -0.6363329291343689, -0.5008352994918823, -0.5173388719558716, -0.4008103609085083, -0.11186444014310837, 0.10855203121900558, 0.19623792171478271, 0.37558847665786743, 0.618268609046936, 0.6032741069793701]","[0.513083279132843, 0.4303579032421112, 0.17202341556549072, -0.04755208641290665, -0.04964399337768555, 0.1013384461402893, 0.2675943672657013, 0.36551618576049805, 0.4212453067302704, 0.4404617249965668, 0.3869037330150604, 0.3243057131767273, 0.37473687529563904, 0.49206167459487915, 0.435465931892395, 0.25671082735061646, 0.1241241842508316]","[0.7648493647575378, 1.1247974634170532, 1.4328317642211914, 1.1637961864471436, 0.9026500582695007, 0.9846030473709106, 0.8367944359779358, 0.319733589887619, 0.09770764410495758, 0.22215506434440613, 0.17863619327545166, -0.09533537179231644, -0.21993547677993774, -0.23173418641090393, -0.5502442121505737, -1.0271663665771484, -1.052594542503357]",17
1746,45,5,17,1,1,1.3410354,48.449295,2.1923547,0.35248891828973505,1052.381,"[-1.291834831237793, -1.18616783618927, -1.0658857822418213, -0.9556882977485657, -0.8562049865722656, -0.7707211971282959, -0.7152937054634094, -0.7065693140029907, -0.7248292565345764, -0.6965760588645935, -0.6612156629562378, -0.7281701564788818, -0.8493911623954773, -0.944181501865387, -1.0122040510177612, -1.0284171104431152, -0.982927680015564]","[-1.2664045095443726, -1.2897073030471802, -1.3102198839187622, -1.3953025341033936, -1.4374423027038574, -1.3733969926834106, -1.2741916179656982, -1.2084249258041382, -1.2409645318984985, -1.299745798110962, -1.2730088233947754, -1.1652673482894897, -0.9903604388237, -0.8930481672286987, -0.9310364723205566, -0.9317153096199036, -0.8451342582702637]","[0.6403253078460693, 0.590495228767395, 0.5311015248298645, 0.5011797547340393, 0.4606378376483917, 0.3837926387786865, 0.2969602644443512, 0.21339240670204163, 0.1493789404630661, 0.12171398103237152, 0.1352851390838623, 0.1857638955116272, 0.21076147258281708, 0.22053515911102295, 0.247104212641716, 0.26447078585624695, 0.21379294991493225]","[-1.014862060546875, -1.082595705986023, -1.1443774700164795, -1.0067269802093506, -0.9708442091941833, -0.990354061126709, -1.0026167631149292, -1.0935611724853516, -1.1255265474319458, -1.065125823020935, -0.9660700559616089, -0.7952774167060852, -0.8629607558250427, -1.1128528118133545, -0.9645575881004333, -0.8973084688186646, -1.2925925254821777]","[0.3670155107975006, 0.43735188245773315, 0.45194289088249207, 0.718916118144989, 0.8976662755012512, 0.95189368724823, 1.0114442110061646, 1.028214931488037, 1.044314980506897, 1.0019828081130981, 0.9206176400184631, 1.0467532873153687, 1.1660937070846558, 1.083755612373352, 1.1985265016555786, 1.1629493236541748, 0.7234000563621521]","[0.11975061893463135, 0.07742416113615036, 0.03851381689310074, 0.018536746501922607, 0.022375356405973434, 0.007870287634432316, -0.056910183280706406, -0.1855204552412033, -0.3768479824066162, -0.6125285029411316, -0.8492293357849121, -1.0591486692428589, -1.185758352279663, -1.2080762386322021, -1.2136824131011963, -1.215407133102417, -1.2253844738006592]","[-0.30064186453819275, -0.5006116032600403, -0.6472259163856506, -0.8708616495132446, -1.123178243637085, -1.3579959869384766, -1.5077069997787476, -1.514886498451233, -1.4784122705459595, -1.4487613439559937, -1.434293270111084, -1.4963868856430054, -1.456650972366333, -1.2437928915023804, -1.1124186515808105, -0.93677818775177, -0.6399178504943848]","[0.8355273604393005, 0.885208010673523, 0.9358479976654053, 0.8370702266693115, 0.7957473993301392, 0.7259456515312195, 0.605919361114502, 0.6672911643981934, 0.763918399810791, 0.7925512194633484, 0.8677703738212585, 0.9547572135925293, 1.1276870965957642, 1.2571672201156616, 1.0161793231964111, 0.8434699773788452, 1.0132704973220825]","[-0.7600850462913513, -0.6714958548545837, -0.5703403949737549, -0.6388576030731201, -0.7546513676643372, -0.7671445608139038, -0.7163549661636353, -0.710248589515686, -0.7297958731651306, -0.6591421961784363, -0.5367181897163391, -0.5229906439781189, -0.6115955710411072, -0.7714465260505676, -1.050591230392456, -1.2375924587249756, -1.21261465549469]","[-0.7367157340049744, -0.7903009653091431, -0.8664258718490601, -0.7775765061378479, -0.6230157613754272, -0.47101858258247375, -0.3527165353298187, -0.29921573400497437, -0.21457532048225403, -0.05888112261891365, 0.1523342877626419, 0.40671980381011963, 0.5483052730560303, 0.5791308283805847, 0.70574951171875, 0.7737618088722229, 0.6666316390037537]","[0.03949999436736107, -0.14953304827213287, -0.20555831491947174, -0.1629336178302765, 0.08719474822282791, 0.2965657413005829, 0.3009432256221771, 0.29204821586608887, 0.28978633880615234, 0.16867659986019135, -0.04353915899991989, -0.20422016084194183, -0.11856166273355484, 0.06188635528087616, 0.019885551184415817, -0.03794547915458679, 0.04847931116819382]","[0.8147004246711731, 0.857201099395752, 0.9978582262992859, 0.8381948471069336, 0.6004742383956909, 0.5636846423149109, 0.6557098627090454, 0.6479933857917786, 0.5540205240249634, 0.557372510433197, 0.5097018480300903, 0.19629904627799988, -0.10814420878887177, -0.2568708062171936, -0.496690958738327, -0.5954638719558716, -0.3744215965270996]",17
1778,46,1,17,1,1,1.100774,48.462837,2.0882452,0.3514538751383076,1049.4768,"[-2.07889461517334, -2.355809450149536, -2.4580132961273193, -2.2889745235443115, -2.1675875186920166, -2.11460018157959, -2.070239782333374, -2.047184944152832, -2.0665197372436523, -1.994639277458191, -1.8396910429000854, -1.7801076173782349, -1.8150476217269897, -1.808647632598877, -1.7589551210403442, -1.695939064025879, -1.6014395952224731]","[-1.5904371738433838, -1.2563796043395996, -1.256758689880371, -1.3397802114486694, -1.3184517621994019, -1.2622190713882446, -1.2730433940887451, -1.2345234155654907, -1.1407091617584229, -1.1004061698913574, -1.1622941493988037, -1.2173786163330078, -1.1999928951263428, -1.1353931427001953, -1.062782883644104, -0.9978035688400269, -0.9359112977981567]","[0.678633987903595, 0.6877713799476624, 0.7066614031791687, 0.7101765871047974, 0.7864048480987549, 0.7963451147079468, 0.7294694185256958, 0.7227751612663269, 0.7381138205528259, 0.6765297055244446, 0.6759613752365112, 0.7813029289245605, 0.8270282745361328, 0.8074254989624023, 0.8315216302871704, 0.8029619455337524, 0.6312149167060852]","[-1.1684997081756592, -0.9339540004730225, -0.8474005460739136, -1.0788342952728271, -0.9302834868431091, -0.8095530867576599, -0.9891858696937561, -0.9922058582305908, -0.8346346616744995, -0.9656121730804443, -1.106472134590149, -0.9102120995521545, -0.8359799385070801, -0.9700345993041992, -0.8892667889595032, -0.8526694774627686, -1.1292524337768555]","[0.046919722110033035, 0.12240305542945862, 0.09231870621442795, -0.17330612242221832, -0.03381868824362755, 0.1607639044523239, 0.11804154515266418, 0.20704081654548645, 0.389098197221756, 0.2920807898044586, 0.21690714359283447, 0.44861891865730286, 0.5970239043235779, 0.59273761510849, 0.7667526602745056, 0.824964165687561, 0.5935202836990356]","[0.5771089196205139, 0.15529806911945343, 0.12902243435382843, 0.23094695806503296, 0.14812295138835907, -0.028979390859603882, -0.10566089302301407, -0.17340333759784698, -0.34043073654174805, -0.5302830338478088, -0.6594676971435547, -0.7385600209236145, -0.780820906162262, -0.8210312724113464, -0.8789902329444885, -0.9716479778289795, -1.109432578086853]","[0.04667733982205391, 0.09050148725509644, 0.02157476916909218, -0.05570359528064728, -0.2334408164024353, -0.37800201773643494, -0.35851040482521057, -0.33214130997657776, -0.3171759247779846, -0.21514050662517548, -0.17236384749412537, -0.2635735869407654, -0.33033487200737, -0.37908151745796204, -0.5348284244537354, -0.6478591561317444, -0.5662990808486938]","[0.6444640755653381, 0.43682780861854553, 0.34365880489349365, 0.4580928385257721, 0.2873401641845703, 0.23828288912773132, 0.44578489661216736, 0.44846609234809875, 0.29729363322257996, 0.44009092450141907, 0.6263207197189331, 0.5538772344589233, 0.5394107699394226, 0.6158148646354675, 0.4484184980392456, 0.34109264612197876, 0.5792549252510071]","[-1.356953501701355, -1.3183590173721313, -1.1873563528060913, -1.0503054857254028, -0.9523998498916626, -0.9003983736038208, -0.8952661752700806, -0.9853091835975647, -1.1547497510910034, -1.282799243927002, -1.3802297115325928, -1.4989879131317139, -1.5198547840118408, -1.4303207397460938, -1.3928501605987549, -1.4141536951065063, -1.4266284704208374]","[-0.6537885665893555, -0.4745844304561615, -0.4892879128456116, -0.4859239459037781, -0.16416870057582855, -0.027528943493962288, -0.25265777111053467, -0.2569167912006378, -0.053198736160993576, -0.04156147688627243, 0.012443739920854568, 0.29141876101493835, 0.42710840702056885, 0.4535095989704132, 0.7055109739303589, 0.8620091676712036, 0.6962146162986755]","[1.229919672012329, 1.0840365886688232, 1.081985592842102, 1.1083052158355713, 0.919706404209137, 0.8649120330810547, 1.0000853538513184, 1.0511139631271362, 1.061605453491211, 1.1931594610214233, 1.2757059335708618, 1.1695096492767334, 1.087236762046814, 1.0946470499038696, 1.0296350717544556, 0.9897249341011047, 1.0023949146270752]","[0.9485223889350891, 1.059134602546692, 1.3449923992156982, 1.6738274097442627, 1.575643539428711, 1.6040607690811157, 1.9760569334030151, 1.9702802896499634, 1.6569561958312988, 1.5702379941940308, 1.3776533603668213, 0.7316116690635681, 0.22392135858535767, 0.02583257295191288, -0.23038075864315033, -0.32477521896362305, -0.10565657168626785]",17
1747,45,3,17,1,1,1.3794048,48.075184,2.1273096,0.3760436022107383,1044.1251,"[-1.3404834270477295, -1.3268758058547974, -1.291834831237793, -1.18616783618927, -1.0658857822418213, -0.9556882977485657, -0.8562049865722656, -0.7707211971282959, -0.7152937054634094, -0.7065693140029907, -0.7248292565345764, -0.6965760588645935, -0.6612156629562378, -0.7281701564788818, -0.8493911623954773, -0.944181501865387, -1.0122040510177612]","[-1.074970006942749, -1.1307910680770874, -1.2664045095443726, -1.2897073030471802, -1.3102198839187622, -1.3953025341033936, -1.4374423027038574, -1.3733969926834106, -1.2741916179656982, -1.2084249258041382, -1.2409645318984985, -1.299745798110962, -1.2730088233947754, -1.1652673482894897, -0.9903604388237, -0.8930481672286987, -0.9310364723205566]","[0.6307448744773865, 0.6287837028503418, 0.6403253078460693, 0.590495228767395, 0.5311015248298645, 0.5011797547340393, 0.4606378376483917, 0.3837926387786865, 0.2969602644443512, 0.21339240670204163, 0.1493789404630661, 0.12171398103237152, 0.1352851390838623, 0.1857638955116272, 0.21076147258281708, 0.22053515911102295, 0.247104212641716]","[-1.0691601037979126, -1.1818287372589111, -1.014862060546875, -1.082595705986023, -1.1443774700164795, -1.0067269802093506, -0.9708442091941833, -0.990354061126709, -1.0026167631149292, -1.0935611724853516, -1.1255265474319458, -1.065125823020935, -0.9660700559616089, -0.7952774167060852, -0.8629607558250427, -1.1128528118133545, -0.9645575881004333]","[0.032428909093141556, 0.01788286119699478, 0.3670155107975006, 0.43735188245773315, 0.45194289088249207, 0.718916118144989, 0.8976662755012512, 0.95189368724823, 1.0114442110061646, 1.028214931488037, 1.044314980506897, 1.0019828081130981, 0.9206176400184631, 1.0467532873153687, 1.1660937070846558, 1.083755612373352, 1.1985265016555786]","[0.013542724773287773, 0.10072600841522217, 0.11975061893463135, 0.07742416113615036, 0.03851381689310074, 0.018536746501922607, 0.022375356405973434, 0.007870287634432316, -0.056910183280706406, -0.1855204552412033, -0.3768479824066162, -0.6125285029411316, -0.8492293357849121, -1.0591486692428589, -1.185758352279663, -1.2080762386322021, -1.2136824131011963]","[-0.003090006299316883, -0.06497412174940109, -0.30064186453819275, -0.5006116032600403, -0.6472259163856506, -0.8708616495132446, -1.123178243637085, -1.3579959869384766, -1.5077069997787476, -1.514886498451233, -1.4784122705459595, -1.4487613439559937, -1.434293270111084, -1.4963868856430054, -1.456650972366333, -1.2437928915023804, -1.1124186515808105]","[0.9539547562599182, 1.03471839427948, 0.8355273604393005, 0.885208010673523, 0.9358479976654053, 0.8370702266693115, 0.7957473993301392, 0.7259456515312195, 0.605919361114502, 0.6672911643981934, 0.763918399810791, 0.7925512194633484, 0.8677703738212585, 0.9547572135925293, 1.1276870965957642, 1.2571672201156616, 1.0161793231964111]","[-0.7021121382713318, -0.6935743689537048, -0.7600850462913513, -0.6714958548545837, -0.5703403949737549, -0.6388576030731201, -0.7546513676643372, -0.7671445608139038, -0.7163549661636353, -0.710248589515686, -0.7297958731651306, -0.6591421961784363, -0.5367181897163391, -0.5229906439781189, -0.6115955710411072, -0.7714465260505676, -1.050591230392456]","[-0.6633427143096924, -0.8045157194137573, -0.7367157340049744, -0.7903009653091431, -0.8664258718490601, -0.7775765061378479, -0.6230157613754272, -0.47101858258247375, -0.3527165353298187, -0.29921573400497437, -0.21457532048225403, -0.05888112261891365, 0.1523342877626419, 0.40671980381011963, 0.5483052730560303, 0.5791308283805847, 0.70574951171875]","[0.5739038586616516, 0.4002756178379059, 0.03949999436736107, -0.14953304827213287, -0.20555831491947174, -0.1629336178302765, 0.08719474822282791, 0.2965657413005829, 0.3009432256221771, 0.29204821586608887, 0.28978633880615234, 0.16867659986019135, -0.04353915899991989, -0.20422016084194183, -0.11856166273355484, 0.06188635528087616, 0.019885551184415817]","[1.0834050178527832, 1.0481345653533936, 0.8147004246711731, 0.857201099395752, 0.9978582262992859, 0.8381948471069336, 0.6004742383956909, 0.5636846423149109, 0.6557098627090454, 0.6479933857917786, 0.5540205240249634, 0.557372510433197, 0.5097018480300903, 0.19629904627799988, -0.10814420878887177, -0.2568708062171936, -0.496690958738327]",17
1780,46,2,17,1,1,1.1543016,47.86043,2.20186,0.3276928734424711,1039.649,"[-2.355809450149536, -2.4580132961273193, -2.2889745235443115, -2.1675875186920166, -2.11460018157959, -2.070239782333374, -2.047184944152832, -2.0665197372436523, -1.994639277458191, -1.8396910429000854, -1.7801076173782349, -1.8150476217269897, -1.808647632598877, -1.7589551210403442, -1.695939064025879, -1.6014395952224731, -1.561582326889038]","[-1.2563796043395996, -1.256758689880371, -1.3397802114486694, -1.3184517621994019, -1.2622190713882446, -1.2730433940887451, -1.2345234155654907, -1.1407091617584229, -1.1004061698913574, -1.1622941493988037, -1.2173786163330078, -1.1999928951263428, -1.1353931427001953, -1.062782883644104, -0.9978035688400269, -0.9359112977981567, -0.8942015171051025]","[0.6877713799476624, 0.7066614031791687, 0.7101765871047974, 0.7864048480987549, 0.7963451147079468, 0.7294694185256958, 0.7227751612663269, 0.7381138205528259, 0.6765297055244446, 0.6759613752365112, 0.7813029289245605, 0.8270282745361328, 0.8074254989624023, 0.8315216302871704, 0.8029619455337524, 0.6312149167060852, 0.5370986461639404]","[-0.9339540004730225, -0.8474005460739136, -1.0788342952728271, -0.9302834868431091, -0.8095530867576599, -0.9891858696937561, -0.9922058582305908, -0.8346346616744995, -0.9656121730804443, -1.106472134590149, -0.9102120995521545, -0.8359799385070801, -0.9700345993041992, -0.8892667889595032, -0.8526694774627686, -1.1292524337768555, -1.1516600847244263]","[0.12240305542945862, 0.09231870621442795, -0.17330612242221832, -0.03381868824362755, 0.1607639044523239, 0.11804154515266418, 0.20704081654548645, 0.389098197221756, 0.2920807898044586, 0.21690714359283447, 0.44861891865730286, 0.5970239043235779, 0.59273761510849, 0.7667526602745056, 0.824964165687561, 0.5935202836990356, 0.5454986095428467]","[0.15529806911945343, 0.12902243435382843, 0.23094695806503296, 0.14812295138835907, -0.028979390859603882, -0.10566089302301407, -0.17340333759784698, -0.34043073654174805, -0.5302830338478088, -0.6594676971435547, -0.7385600209236145, -0.780820906162262, -0.8210312724113464, -0.8789902329444885, -0.9716479778289795, -1.109432578086853, -1.2716337442398071]","[0.09050148725509644, 0.02157476916909218, -0.05570359528064728, -0.2334408164024353, -0.37800201773643494, -0.35851040482521057, -0.33214130997657776, -0.3171759247779846, -0.21514050662517548, -0.17236384749412537, -0.2635735869407654, -0.33033487200737, -0.37908151745796204, -0.5348284244537354, -0.6478591561317444, -0.5662990808486938, -0.5153728723526001]","[0.43682780861854553, 0.34365880489349365, 0.4580928385257721, 0.2873401641845703, 0.23828288912773132, 0.44578489661216736, 0.44846609234809875, 0.29729363322257996, 0.44009092450141907, 0.6263207197189331, 0.5538772344589233, 0.5394107699394226, 0.6158148646354675, 0.4484184980392456, 0.34109264612197876, 0.5792549252510071, 0.6043400168418884]","[-1.3183590173721313, -1.1873563528060913, -1.0503054857254028, -0.9523998498916626, -0.9003983736038208, -0.8952661752700806, -0.9853091835975647, -1.1547497510910034, -1.282799243927002, -1.3802297115325928, -1.4989879131317139, -1.5198547840118408, -1.4303207397460938, -1.3928501605987549, -1.4141536951065063, -1.4266284704208374, -1.4716768264770508]","[-0.4745844304561615, -0.4892879128456116, -0.4859239459037781, -0.16416870057582855, -0.027528943493962288, -0.25265777111053467, -0.2569167912006378, -0.053198736160993576, -0.04156147688627243, 0.012443739920854568, 0.29141876101493835, 0.42710840702056885, 0.4535095989704132, 0.7055109739303589, 0.8620091676712036, 0.6962146162986755, 0.8050612211227417]","[1.0840365886688232, 1.081985592842102, 1.1083052158355713, 0.919706404209137, 0.8649120330810547, 1.0000853538513184, 1.0511139631271362, 1.061605453491211, 1.1931594610214233, 1.2757059335708618, 1.1695096492767334, 1.087236762046814, 1.0946470499038696, 1.0296350717544556, 0.9897249341011047, 1.0023949146270752, 0.8586288690567017]","[1.059134602546692, 1.3449923992156982, 1.6738274097442627, 1.575643539428711, 1.6040607690811157, 1.9760569334030151, 1.9702802896499634, 1.6569561958312988, 1.5702379941940308, 1.3776533603668213, 0.7316116690635681, 0.22392135858535767, 0.02583257295191288, -0.23038075864315033, -0.32477521896362305, -0.10565657168626785, -0.15844875574111938]",17
3146,82,4,17,2,3,0.11250687,45.222878,1.521348,0.49162591462586613,974.67926,"[-0.06609990447759628, -0.14683251082897186, -0.22102795541286469, -0.4242576062679291, -0.49850085377693176, -0.45079106092453003, -0.8336783647537231, -1.1723426580429077, -0.9366850256919861, -0.8530369400978088, -1.0716906785964966, -0.9409846663475037, -0.6907010674476624, -0.5974178314208984, -0.48112842440605164, -0.6358579993247986, -1.0134496688842773]","[1.0708461999893188, 0.5552980899810791, 0.2667539119720459, 0.11312244087457657, -0.1856401413679123, -0.3192417621612549, -0.3378554582595825, -0.3184642493724823, -0.17284099757671356, -0.19827061891555786, -0.32744017243385315, -0.22266006469726562, -0.29576870799064636, -0.6244992613792419, -0.6541292071342468, -0.5152857899665833, -0.41887232661247253]","[-0.8221160173416138, -0.6910097002983093, -0.5157787799835205, -0.4735957086086273, -0.4503532648086548, -0.3820420205593109, -0.2922215461730957, -0.266971230506897, -0.39743542671203613, -0.5008640885353088, -0.4153783619403839, -0.3466794192790985, -0.3108636140823364, -0.12936127185821533, 0.047967977821826935, 0.04842279851436615, 0.027201907709240913]","[-1.7530202865600586, -1.2690614461898804, -1.4405585527420044, -1.6000252962112427, -1.4633883237838745, -1.5404319763183594, -1.3368258476257324, -1.0577099323272705, -1.249692678451538, -1.1851794719696045, -0.9188628196716309, -0.9841137528419495, -0.47628065943717957, 0.28068235516548157, 0.12483560293912888, 0.13495250046253204, 0.510854959487915]","[0.9394335746765137, 0.6943126320838928, 0.2862459123134613, 0.3516556918621063, 0.5679000616073608, 0.47140511870384216, 0.5355191826820374, 0.7246376276016235, 0.7411088347434998, 0.9932657480239868, 1.3859196901321411, 1.3284313678741455, 1.0459110736846924, 0.7914279699325562, 0.4328099191188812, 0.4190380573272705, 0.5821325778961182]","[-2.7969284057617188, -1.9403712749481201, -1.7306630611419678, -1.8586342334747314, -1.585737943649292, -1.3994213342666626, -1.382384181022644, -1.3822615146636963, -1.5788626670837402, -1.6703091859817505, -1.5993034839630127, -1.6575202941894531, -1.503485083580017, -1.1346123218536377, -1.16779363155365, -1.383029818534851, -1.4743294715881348]","[-0.13616500794887543, -0.18336869776248932, -0.3882178068161011, -0.4075324833393097, -0.3425268530845642, -0.30518603324890137, -0.08868809044361115, 0.08700999617576599, 0.02367236465215683, 0.0331992506980896, 0.1828363835811615, 0.27007266879081726, 0.35077720880508423, 0.42178621888160706, 0.4191424250602722, 0.5487340688705444, 0.7028827667236328]","[1.5198017358779907, 1.1629664897918701, 1.6578609943389893, 1.8706601858139038, 1.5226777791976929, 1.2911274433135986, 0.8937204480171204, 0.6040878891944885, 0.9451712369918823, 0.9726809859275818, 0.658827006816864, 0.7265216112136841, 0.4733988046646118, 0.0917862057685852, 0.3674280345439911, 0.3003387153148651, -0.09216456860303879]","[0.09513647854328156, -0.00619011465460062, -0.08188122510910034, -0.22360996901988983, -0.3059098422527313, -0.30958807468414307, -0.496582955121994, -0.7352555394172668, -0.8255366086959839, -1.0277597904205322, -1.3287363052368164, -1.4015668630599976, -1.3377256393432617, -1.26847243309021, -1.1077773571014404, -0.9925516247749329, -0.9609203934669495]","[1.3811124563217163, 1.0318199396133423, 0.7700589895248413, 0.6442379951477051, 0.25679975748062134, -0.0008121517603285611, 0.10969438403844833, 0.15806777775287628, 0.15564121305942535, 0.36383259296417236, 0.6472296714782715, 0.7757361531257629, 0.739177405834198, 0.7063392400741577, 0.7946737408638, 0.8053213357925415, 0.7692310810089111]","[-1.3310329914093018, -0.9581352472305298, -0.5417385697364807, -0.4595276415348053, -0.4686027765274048, -0.5161831974983215, -0.8459596037864685, -1.0764294862747192, -0.859915554523468, -0.5693255662918091, -0.3453543484210968, -0.0803489089012146, -0.04296056553721428, -0.2717530131340027, -0.5344563126564026, -0.8948531746864319, -1.1291760206222534]","[-0.4035813808441162, -0.5738431811332703, -0.4794446527957916, -0.4708797037601471, -0.27124956250190735, 0.6753828525543213, 1.4325987100601196, 1.5796334743499756, 1.5129947662353516, 0.9735221266746521, 0.2851113975048065, 0.1935776025056839, 0.15554998815059662, -0.2416258603334427, -0.4173249900341034, -0.5147861242294312, -0.7496530413627625]",17
5049,132,2,17,4,4,0.7145152,43.445778,2.298356,0.45039049305090817,960.38574,"[1.5892318487167358, 1.7172333002090454, 1.5307759046554565, 1.0384241342544556, 0.7975375056266785, 0.751499593257904, 0.6406710743904114, 0.6201969981193542, 0.7617689967155457, 0.9451192021369934, 1.068024754524231, 1.1581857204437256, 1.424354910850525, 1.7730541229248047, 1.7887800931930542, 1.5139408111572266, 1.3425384759902954]","[-0.8695406317710876, -0.792485237121582, -0.65277099609375, -0.6636718511581421, -0.6056665182113647, -0.5628166794776917, -0.5717391967773438, -0.49223729968070984, -0.4293111562728882, -0.5167853832244873, -0.626141369342804, -0.7386043071746826, -0.978132963180542, -1.3099099397659302, -1.4712766408920288, -1.2551581859588623, -0.9694844484329224]","[-1.2768551111221313, -1.489982008934021, -1.3733245134353638, -0.9254182577133179, -0.9788180589675903, -1.1177469491958618, -0.9185304641723633, -0.9223265647888184, -1.0420600175857544, -0.9390543699264526, -0.7892200946807861, -0.5772057175636292, -0.14108175039291382, 0.39254018664360046, 0.746192991733551, 0.5991144180297852, 0.3508211374282837]","[2.2247707843780518, 2.060443162918091, 1.607067584991455, 1.4257001876831055, 1.4723455905914307, 1.4759601354599, 1.4804246425628662, 1.6156785488128662, 1.8522807359695435, 2.081653594970703, 2.1775777339935303, 2.176879405975342, 1.8764837980270386, 1.430681586265564, 1.3567579984664917, 1.4145017862319946, 1.259372591972351]","[-0.335776686668396, -0.5781069397926331, -0.44128865003585815, -0.06225913017988205, 0.03135371580719948, 0.07932151854038239, 0.1591239720582962, -0.05139126256108284, -0.44597581028938293, -0.7723275423049927, -0.993944525718689, -0.985909104347229, -0.8185872435569763, -0.779980480670929, -0.8909130692481995, -0.9997997879981995, -0.9983416795730591]","[-0.000837538973428309, 0.5279199481010437, 0.8589747548103333, 1.0415884256362915, 0.8920590877532959, 0.5572066903114319, 0.4485973119735718, 0.6061121225357056, 0.7038990259170532, 0.6513240933418274, 0.5644969344139099, 0.4329566955566406, 0.20576100051403046, 0.09489032626152039, 0.21584084630012512, 0.3024049997329712, 0.3229736089706421]","[0.6420739889144897, 0.3247082829475403, -0.01971595175564289, -0.6419910788536072, -0.9617656469345093, -1.036539077758789, -1.3383259773254395, -1.6020028591156006, -1.5304135084152222, -1.3745265007019043, -1.3296229839324951, -1.3072901964187622, -1.3018789291381836, -1.455707311630249, -1.6589373350143433, -1.5648523569107056, -1.439307451248169]","[-1.7831618785858154, -1.9105545282363892, -1.682124376296997, -1.4367748498916626, -1.3545414209365845, -1.4101593494415283, -1.4296680688858032, -1.3812040090560913, -1.5037118196487427, -1.5696707963943481, -1.2161085605621338, -0.7283108234405518, -0.39066892862319946, -0.19969789683818817, -0.19156838953495026, -0.2552671730518341, -0.2077520787715912]","[0.17793910205364227, 0.28672096133232117, 0.2286064326763153, 0.18223872780799866, 0.34842178225517273, 0.6066080331802368, 0.7799615859985352, 0.8919888138771057, 1.0250940322875977, 1.0666208267211914, 0.9191585183143616, 0.7500694990158081, 0.6986191272735596, 0.7185980081558228, 0.7629662156105042, 0.8678721785545349, 1.038374662399292]","[0.5992326140403748, 0.5644124746322632, 0.4653870165348053, 0.48623374104499817, 0.6193206310272217, 0.8794515132904053, 1.1416172981262207, 1.291017770767212, 1.455735683441162, 1.6311722993850708, 1.6044174432754517, 1.350046157836914, 1.071412205696106, 0.9206488728523254, 0.8025525808334351, 0.5457124710083008, 0.25348684191703796]","[0.8443079590797424, 0.9595569372177124, 1.1805899143218994, 1.3867309093475342, 1.3267768621444702, 1.0724284648895264, 0.9840296506881714, 1.0308163166046143, 0.8550453782081604, 0.5350285172462463, 0.46873903274536133, 0.5980430245399475, 0.5967468619346619, 0.45219701528549194, 0.30188924074172974, 0.12884382903575897, -0.026468578726053238]","[1.3971906900405884, 1.4959478378295898, 1.7525198459625244, 1.5242879390716553, 1.258675217628479, 1.0017242431640625, 0.5191307067871094, 0.05886099487543106, -0.244050070643425, -0.4720153212547302, -0.6639652252197266, -0.8485541343688965, -0.9721695780754089, -1.0878177881240845, -1.2006607055664062, -0.9629086256027222, -0.5790179371833801]",17
2656,69,0,17,2,3,0.104316235,44.047344,1.7341118,0.46150979678144455,956.0458,"[-0.137844979763031, 0.23701365292072296, -0.1136101707816124, -0.07635082304477692, -0.07027983665466309, -0.25076407194137573, -0.12160322815179825, -0.14847417175769806, -0.3497905731201172, -0.2594389021396637, -0.26321831345558167, -0.5255128741264343, -0.7539913654327393, -1.0752029418945312, -1.2622712850570679, -1.121199369430542, -1.2419415712356567]","[1.384386420249939, 1.2963279485702515, 1.0709624290466309, 0.8573017120361328, 0.7748923897743225, 0.7610923647880554, 0.8491342663764954, 0.7844364047050476, 0.7274659276008606, 0.8853456974029541, 0.9497810006141663, 0.9696776270866394, 1.1526708602905273, 1.2726688385009766, 1.3137931823730469, 1.4065812826156616, 1.3169147968292236]","[-0.3470449447631836, -0.6281955242156982, -0.5144270062446594, -0.5412279367446899, -0.5989471673965454, -0.7186191082000732, -0.9613966345787048, -0.8909343481063843, -0.7323037385940552, -0.8861688375473022, -0.9218372702598572, -0.7705227732658386, -0.6436808109283447, -0.38383880257606506, -0.25191375613212585, -0.3839969336986542, -0.14192542433738708]","[-1.7345269918441772, -1.6026723384857178, -1.025734305381775, -1.3237656354904175, -1.3643280267715454, -0.7211287021636963, -0.8611795902252197, -1.0446220636367798, -0.6897882223129272, -0.5827394723892212, -0.4816708564758301, -0.31723761558532715, -0.5012595057487488, -0.3468000292778015, 0.041907887905836105, -0.09158629179000854, -0.001322111813351512]","[1.5247697830200195, 1.1964646577835083, 1.0450109243392944, 0.769091010093689, 0.6935315132141113, 0.6314415335655212, 0.4118900001049042, 0.6138045787811279, 0.9277069568634033, 0.8275817632675171, 0.9181897044181824, 1.2702523469924927, 1.4580241441726685, 1.807006597518921, 2.2532472610473633, 2.2278451919555664, 2.0923445224761963]","[-1.8730058670043945, -1.6756306886672974, -1.3692381381988525, -1.060926914215088, -0.9770644903182983, -1.0149753093719482, -1.3834176063537598, -1.615887999534607, -1.581684947013855, -1.6178061962127686, -1.6070181131362915, -1.6241230964660645, -1.8138041496276855, -1.8689080476760864, -1.8940973281860352, -2.0978620052337646, -2.056555986404419]","[-1.1160656213760376, -0.8960739970207214, -0.47862333059310913, -0.7199815511703491, -0.49723851680755615, 0.2900505065917969, 0.5206465721130371, 0.5092502236366272, 0.6940124034881592, 0.7945843935012817, 0.9843022227287292, 1.189180850982666, 1.0980778932571411, 1.0720762014389038, 1.2057682275772095, 1.1634448766708374, 1.1517781019210815]","[0.8674107789993286, 0.539503276348114, 0.14486102759838104, 0.2915380597114563, 0.22405260801315308, -0.10664649307727814, 0.20031268894672394, 0.47175806760787964, 0.30698439478874207, 0.2048402577638626, 0.029662292450666428, -0.17585980892181396, -0.02521972730755806, 0.02845907211303711, -0.06715761870145798, 0.04265207797288895, -0.07058382034301758]","[0.3349147439002991, 0.3451421856880188, 0.24573656916618347, 0.44487911462783813, 0.3619493246078491, -0.029791075736284256, -0.22946330904960632, -0.550375759601593, -0.8670493960380554, -0.8015295267105103, -0.794980525970459, -1.0226037502288818, -1.1717000007629395, -1.2960504293441772, -1.2411779165267944, -0.9248540997505188, -0.89011150598526]","[1.4818376302719116, 1.0044440031051636, 0.8690001964569092, 0.5850375294685364, 0.49971333146095276, 0.6060826778411865, 0.5116475224494934, 0.16032861173152924, -0.24375738203525543, -0.5800055265426636, -0.651863694190979, -0.30640915036201477, 0.14138340950012207, 0.3568194508552551, 0.5722234845161438, 1.033784031867981, 1.4703718423843384]","[-1.2144454717636108, -1.080100417137146, -1.1039726734161377, -1.259215235710144, -1.5005251169204712, -1.6440435647964478, -1.5612242221832275, -1.2685675621032715, -1.0239864587783813, -1.057506799697876, -1.2206026315689087, -1.1762030124664307, -0.9199848771095276, -0.7994438409805298, -1.107224464416504, -1.5634143352508545, -1.5757930278778076]","[-1.688822627067566, -1.2032805681228638, -1.2404330968856812, -1.0271341800689697, -0.904639720916748, -1.0029023885726929, -0.8108658194541931, -0.4755029082298279, -0.047997571527957916, 0.5510740280151367, 0.67909836769104, 0.302545428276062, 0.13672976195812225, 0.14249320328235626, -0.09073635935783386, -0.5301899313926697, -1.0062775611877441]",17
2387,62,7,17,2,2,0.08502817,43.986782,1.6468954,0.4314283576877127,950.7139,"[-1.0944850444793701, -0.8384557366371155, -0.6439846754074097, -0.5550221800804138, -0.6430140137672424, -0.8481334447860718, -0.9855379462242126, -1.0101244449615479, -1.0052807331085205, -0.930669367313385, -0.7937772870063782, -0.7994161248207092, -0.9252261519432068, -0.9996159672737122, -1.0780375003814697, -1.2636418342590332, -1.214777946472168]","[-0.05743151530623436, -0.08911874890327454, -0.19066041707992554, -0.22934934496879578, -0.14476563036441803, -0.013657147996127605, 0.07324962317943573, 0.08015338331460953, 0.047243379056453705, 0.04238789901137352, 0.04609976336359978, -0.007824944332242012, 0.01911078207194805, 0.21555949747562408, 0.34084683656692505, 0.2867928147315979, 0.36916351318359375]","[-0.47325509786605835, -0.5519530177116394, -0.5388554334640503, -0.517633855342865, -0.5403271317481995, -0.5721740126609802, -0.6033326983451843, -0.5835385918617249, -0.5220136642456055, -0.5043889880180359, -0.484250009059906, -0.3200552463531494, -0.2138807326555252, -0.37607988715171814, -0.47478899359703064, -0.23494920134544373, -0.0789407342672348]","[-0.8917790651321411, -0.9665032625198364, -0.878301739692688, -0.7799991965293884, -0.6677741408348083, -0.46654295921325684, -0.33594977855682373, -0.23502889275550842, -0.06406918168067932, -0.060266848653554916, -0.17531591653823853, -0.04140474647283554, 0.076484814286232, -0.2064950317144394, -0.322206050157547, 0.0551178976893425, -0.18350836634635925]","[-0.04569298401474953, -0.24083976447582245, -0.41658955812454224, -0.5949277877807617, -0.7268083691596985, -0.7288606762886047, -0.6378140449523926, -0.4855300486087799, -0.28689923882484436, -0.21065209805965424, -0.2302912175655365, -0.13378004729747772, -0.04141112044453621, -0.07964874058961868, 0.031980760395526886, 0.2814297378063202, 0.03603270277380943]","[-1.2230665683746338, -1.1506576538085938, -0.8761546015739441, -0.7323654294013977, -0.8337094187736511, -0.9709168672561646, -1.0124657154083252, -0.9329354763031006, -0.785463809967041, -0.770828127861023, -0.8046303391456604, -0.6353941559791565, -0.5417680740356445, -0.7925525307655334, -0.8863462805747986, -0.46860167384147644, -0.461275577545166]","[0.017439916729927063, 0.2187037318944931, 0.48336276412010193, 0.7128196358680725, 0.9725246429443359, 1.3056387901306152, 1.562118411064148, 1.6691532135009766, 1.680411458015442, 1.6403168439865112, 1.55491304397583, 1.4758849143981934, 1.5075212717056274, 1.5447912216186523, 1.4739974737167358, 1.413645625114441, 1.2679115533828735]","[0.6884544491767883, 0.6304256916046143, 0.27570226788520813, -0.07847175747156143, -0.3167109191417694, -0.5111744403839111, -0.646364152431488, -0.8013588190078735, -1.0199387073516846, -0.9729905128479004, -0.7252666354179382, -0.8234618306159973, -0.9209882020950317, -0.6125238537788391, -0.6090239882469177, -1.288866400718689, -1.0465162992477417]","[0.44840967655181885, 0.4415012300014496, 0.42215925455093384, 0.44727033376693726, 0.37747108936309814, 0.11951620876789093, -0.12658990919589996, -0.26132357120513916, -0.3808303773403168, -0.4997974932193756, -0.648618757724762, -0.9017700552940369, -1.0444170236587524, -0.8910072445869446, -0.7863747477531433, -0.9763974547386169, -0.9009954333305359]","[-0.3169625997543335, -0.4539611041545868, -0.4625304639339447, -0.38583481311798096, -0.3041025996208191, -0.2650316655635834, -0.28701189160346985, -0.3111109733581543, -0.23797519505023956, -0.07774890214204788, 0.10541783273220062, 0.2443753033876419, 0.25907182693481445, 0.23464569449424744, 0.31170961260795593, 0.47018173336982727, 0.6416803598403931]","[-0.26134806871414185, -0.4547595679759979, -0.7401168346405029, -0.9496657848358154, -0.9986134767532349, -0.9313933849334717, -0.8597518801689148, -0.8082897663116455, -0.747024416923523, -0.6782571077346802, -0.5599257946014404, -0.3737984001636505, -0.18135716021060944, -0.13626296818256378, -0.07190486043691635, 0.10296009480953217, 0.13249753415584564]","[-0.15730178356170654, 0.19581818580627441, 0.4593987464904785, 0.717490553855896, 0.9951505661010742, 1.150040864944458, 1.1714704036712646, 1.100675106048584, 0.9811704754829407, 0.9480811357498169, 0.9169200658798218, 0.7362893223762512, 0.4979850947856903, 0.37199634313583374, 0.14320455491542816, -0.24707543849945068, -0.35030052065849304]",17
3147,82,3,17,2,3,0.18468714,43.94259,1.5677061,0.45693843516002985,948.7299,"[-0.25134435296058655, -0.06609990447759628, -0.14683251082897186, -0.22102795541286469, -0.4242576062679291, -0.49850085377693176, -0.45079106092453003, -0.8336783647537231, -1.1723426580429077, -0.9366850256919861, -0.8530369400978088, -1.0716906785964966, -0.9409846663475037, -0.6907010674476624, -0.5974178314208984, -0.48112842440605164, -0.6358579993247986]","[1.0979454517364502, 1.0708461999893188, 0.5552980899810791, 0.2667539119720459, 0.11312244087457657, -0.1856401413679123, -0.3192417621612549, -0.3378554582595825, -0.3184642493724823, -0.17284099757671356, -0.19827061891555786, -0.32744017243385315, -0.22266006469726562, -0.29576870799064636, -0.6244992613792419, -0.6541292071342468, -0.5152857899665833]","[-0.7141672372817993, -0.8221160173416138, -0.6910097002983093, -0.5157787799835205, -0.4735957086086273, -0.4503532648086548, -0.3820420205593109, -0.2922215461730957, -0.266971230506897, -0.39743542671203613, -0.5008640885353088, -0.4153783619403839, -0.3466794192790985, -0.3108636140823364, -0.12936127185821533, 0.047967977821826935, 0.04842279851436615]","[-1.7213863134384155, -1.7530202865600586, -1.2690614461898804, -1.4405585527420044, -1.6000252962112427, -1.4633883237838745, -1.5404319763183594, -1.3368258476257324, -1.0577099323272705, -1.249692678451538, -1.1851794719696045, -0.9188628196716309, -0.9841137528419495, -0.47628065943717957, 0.28068235516548157, 0.12483560293912888, 0.13495250046253204]","[0.9694037437438965, 0.9394335746765137, 0.6943126320838928, 0.2862459123134613, 0.3516556918621063, 0.5679000616073608, 0.47140511870384216, 0.5355191826820374, 0.7246376276016235, 0.7411088347434998, 0.9932657480239868, 1.3859196901321411, 1.3284313678741455, 1.0459110736846924, 0.7914279699325562, 0.4328099191188812, 0.4190380573272705]","[-2.911033868789673, -2.7969284057617188, -1.9403712749481201, -1.7306630611419678, -1.8586342334747314, -1.585737943649292, -1.3994213342666626, -1.382384181022644, -1.3822615146636963, -1.5788626670837402, -1.6703091859817505, -1.5993034839630127, -1.6575202941894531, -1.503485083580017, -1.1346123218536377, -1.16779363155365, -1.383029818534851]","[-0.13466164469718933, -0.13616500794887543, -0.18336869776248932, -0.3882178068161011, -0.4075324833393097, -0.3425268530845642, -0.30518603324890137, -0.08868809044361115, 0.08700999617576599, 0.02367236465215683, 0.0331992506980896, 0.1828363835811615, 0.27007266879081726, 0.35077720880508423, 0.42178621888160706, 0.4191424250602722, 0.5487340688705444]","[1.6003884077072144, 1.5198017358779907, 1.1629664897918701, 1.6578609943389893, 1.8706601858139038, 1.5226777791976929, 1.2911274433135986, 0.8937204480171204, 0.6040878891944885, 0.9451712369918823, 0.9726809859275818, 0.658827006816864, 0.7265216112136841, 0.4733988046646118, 0.0917862057685852, 0.3674280345439911, 0.3003387153148651]","[0.07806594669818878, 0.09513647854328156, -0.00619011465460062, -0.08188122510910034, -0.22360996901988983, -0.3059098422527313, -0.30958807468414307, -0.496582955121994, -0.7352555394172668, -0.8255366086959839, -1.0277597904205322, -1.3287363052368164, -1.4015668630599976, -1.3377256393432617, -1.26847243309021, -1.1077773571014404, -0.9925516247749329]","[1.525968074798584, 1.3811124563217163, 1.0318199396133423, 0.7700589895248413, 0.6442379951477051, 0.25679975748062134, -0.0008121517603285611, 0.10969438403844833, 0.15806777775287628, 0.15564121305942535, 0.36383259296417236, 0.6472296714782715, 0.7757361531257629, 0.739177405834198, 0.7063392400741577, 0.7946737408638, 0.8053213357925415]","[-1.4148651361465454, -1.3310329914093018, -0.9581352472305298, -0.5417385697364807, -0.4595276415348053, -0.4686027765274048, -0.5161831974983215, -0.8459596037864685, -1.0764294862747192, -0.859915554523468, -0.5693255662918091, -0.3453543484210968, -0.0803489089012146, -0.04296056553721428, -0.2717530131340027, -0.5344563126564026, -0.8948531746864319]","[-0.5548335909843445, -0.4035813808441162, -0.5738431811332703, -0.4794446527957916, -0.4708797037601471, -0.27124956250190735, 0.6753828525543213, 1.4325987100601196, 1.5796334743499756, 1.5129947662353516, 0.9735221266746521, 0.2851113975048065, 0.1935776025056839, 0.15554998815059662, -0.2416258603334427, -0.4173249900341034, -0.5147861242294312]",17
5053,132,1,17,4,4,0.7848015,42.527218,2.23599,0.45088281543647657,940.1682,"[1.5914686918258667, 1.5892318487167358, 1.7172333002090454, 1.5307759046554565, 1.0384241342544556, 0.7975375056266785, 0.751499593257904, 0.6406710743904114, 0.6201969981193542, 0.7617689967155457, 0.9451192021369934, 1.068024754524231, 1.1581857204437256, 1.424354910850525, 1.7730541229248047, 1.7887800931930542, 1.5139408111572266]","[-0.7931602001190186, -0.8695406317710876, -0.792485237121582, -0.65277099609375, -0.6636718511581421, -0.6056665182113647, -0.5628166794776917, -0.5717391967773438, -0.49223729968070984, -0.4293111562728882, -0.5167853832244873, -0.626141369342804, -0.7386043071746826, -0.978132963180542, -1.3099099397659302, -1.4712766408920288, -1.2551581859588623]","[-1.5450668334960938, -1.2768551111221313, -1.489982008934021, -1.3733245134353638, -0.9254182577133179, -0.9788180589675903, -1.1177469491958618, -0.9185304641723633, -0.9223265647888184, -1.0420600175857544, -0.9390543699264526, -0.7892200946807861, -0.5772057175636292, -0.14108175039291382, 0.39254018664360046, 0.746192991733551, 0.5991144180297852]","[1.8704737424850464, 2.2247707843780518, 2.060443162918091, 1.607067584991455, 1.4257001876831055, 1.4723455905914307, 1.4759601354599, 1.4804246425628662, 1.6156785488128662, 1.8522807359695435, 2.081653594970703, 2.1775777339935303, 2.176879405975342, 1.8764837980270386, 1.430681586265564, 1.3567579984664917, 1.4145017862319946]","[0.18430127203464508, -0.335776686668396, -0.5781069397926331, -0.44128865003585815, -0.06225913017988205, 0.03135371580719948, 0.07932151854038239, 0.1591239720582962, -0.05139126256108284, -0.44597581028938293, -0.7723275423049927, -0.993944525718689, -0.985909104347229, -0.8185872435569763, -0.779980480670929, -0.8909130692481995, -0.9997997879981995]","[-0.2843171954154968, -0.000837538973428309, 0.5279199481010437, 0.8589747548103333, 1.0415884256362915, 0.8920590877532959, 0.5572066903114319, 0.4485973119735718, 0.6061121225357056, 0.7038990259170532, 0.6513240933418274, 0.5644969344139099, 0.4329566955566406, 0.20576100051403046, 0.09489032626152039, 0.21584084630012512, 0.3024049997329712]","[0.9983960390090942, 0.6420739889144897, 0.3247082829475403, -0.01971595175564289, -0.6419910788536072, -0.9617656469345093, -1.036539077758789, -1.3383259773254395, -1.6020028591156006, -1.5304135084152222, -1.3745265007019043, -1.3296229839324951, -1.3072901964187622, -1.3018789291381836, -1.455707311630249, -1.6589373350143433, -1.5648523569107056]","[-1.389804482460022, -1.7831618785858154, -1.9105545282363892, -1.682124376296997, -1.4367748498916626, -1.3545414209365845, -1.4101593494415283, -1.4296680688858032, -1.3812040090560913, -1.5037118196487427, -1.5696707963943481, -1.2161085605621338, -0.7283108234405518, -0.39066892862319946, -0.19969789683818817, -0.19156838953495026, -0.2552671730518341]","[-0.15278902649879456, 0.17793910205364227, 0.28672096133232117, 0.2286064326763153, 0.18223872780799866, 0.34842178225517273, 0.6066080331802368, 0.7799615859985352, 0.8919888138771057, 1.0250940322875977, 1.0666208267211914, 0.9191585183143616, 0.7500694990158081, 0.6986191272735596, 0.7185980081558228, 0.7629662156105042, 0.8678721785545349]","[0.3477466404438019, 0.5992326140403748, 0.5644124746322632, 0.4653870165348053, 0.48623374104499817, 0.6193206310272217, 0.8794515132904053, 1.1416172981262207, 1.291017770767212, 1.455735683441162, 1.6311722993850708, 1.6044174432754517, 1.350046157836914, 1.071412205696106, 0.9206488728523254, 0.8025525808334351, 0.5457124710083008]","[0.6808211207389832, 0.8443079590797424, 0.9595569372177124, 1.1805899143218994, 1.3867309093475342, 1.3267768621444702, 1.0724284648895264, 0.9840296506881714, 1.0308163166046143, 0.8550453782081604, 0.5350285172462463, 0.46873903274536133, 0.5980430245399475, 0.5967468619346619, 0.45219701528549194, 0.30188924074172974, 0.12884382903575897]","[1.7128640413284302, 1.3971906900405884, 1.4959478378295898, 1.7525198459625244, 1.5242879390716553, 1.258675217628479, 1.0017242431640625, 0.5191307067871094, 0.05886099487543106, -0.244050070643425, -0.4720153212547302, -0.6639652252197266, -0.8485541343688965, -0.9721695780754089, -1.0878177881240845, -1.2006607055664062, -0.9629086256027222]",17
2392,62,6,17,2,2,0.06731558,43.456615,1.6408281,0.42600418531351325,939.6574,"[-1.2525086402893066, -1.0944850444793701, -0.8384557366371155, -0.6439846754074097, -0.5550221800804138, -0.6430140137672424, -0.8481334447860718, -0.9855379462242126, -1.0101244449615479, -1.0052807331085205, -0.930669367313385, -0.7937772870063782, -0.7994161248207092, -0.9252261519432068, -0.9996159672737122, -1.0780375003814697, -1.2636418342590332]","[-0.08038445562124252, -0.05743151530623436, -0.08911874890327454, -0.19066041707992554, -0.22934934496879578, -0.14476563036441803, -0.013657147996127605, 0.07324962317943573, 0.08015338331460953, 0.047243379056453705, 0.04238789901137352, 0.04609976336359978, -0.007824944332242012, 0.01911078207194805, 0.21555949747562408, 0.34084683656692505, 0.2867928147315979]","[-0.3843700885772705, -0.47325509786605835, -0.5519530177116394, -0.5388554334640503, -0.517633855342865, -0.5403271317481995, -0.5721740126609802, -0.6033326983451843, -0.5835385918617249, -0.5220136642456055, -0.5043889880180359, -0.484250009059906, -0.3200552463531494, -0.2138807326555252, -0.37607988715171814, -0.47478899359703064, -0.23494920134544373]","[-0.8407621383666992, -0.8917790651321411, -0.9665032625198364, -0.878301739692688, -0.7799991965293884, -0.6677741408348083, -0.46654295921325684, -0.33594977855682373, -0.23502889275550842, -0.06406918168067932, -0.060266848653554916, -0.17531591653823853, -0.04140474647283554, 0.076484814286232, -0.2064950317144394, -0.322206050157547, 0.0551178976893425]","[0.0951843187212944, -0.04569298401474953, -0.24083976447582245, -0.41658955812454224, -0.5949277877807617, -0.7268083691596985, -0.7288606762886047, -0.6378140449523926, -0.4855300486087799, -0.28689923882484436, -0.21065209805965424, -0.2302912175655365, -0.13378004729747772, -0.04141112044453621, -0.07964874058961868, 0.031980760395526886, 0.2814297378063202]","[-1.2460798025131226, -1.2230665683746338, -1.1506576538085938, -0.8761546015739441, -0.7323654294013977, -0.8337094187736511, -0.9709168672561646, -1.0124657154083252, -0.9329354763031006, -0.785463809967041, -0.770828127861023, -0.8046303391456604, -0.6353941559791565, -0.5417680740356445, -0.7925525307655334, -0.8863462805747986, -0.46860167384147644]","[-0.04742350056767464, 0.017439916729927063, 0.2187037318944931, 0.48336276412010193, 0.7128196358680725, 0.9725246429443359, 1.3056387901306152, 1.562118411064148, 1.6691532135009766, 1.680411458015442, 1.6403168439865112, 1.55491304397583, 1.4758849143981934, 1.5075212717056274, 1.5447912216186523, 1.4739974737167358, 1.413645625114441]","[0.7025872468948364, 0.6884544491767883, 0.6304256916046143, 0.27570226788520813, -0.07847175747156143, -0.3167109191417694, -0.5111744403839111, -0.646364152431488, -0.8013588190078735, -1.0199387073516846, -0.9729905128479004, -0.7252666354179382, -0.8234618306159973, -0.9209882020950317, -0.6125238537788391, -0.6090239882469177, -1.288866400718689]","[0.4184240400791168, 0.44840967655181885, 0.4415012300014496, 0.42215925455093384, 0.44727033376693726, 0.37747108936309814, 0.11951620876789093, -0.12658990919589996, -0.26132357120513916, -0.3808303773403168, -0.4997974932193756, -0.648618757724762, -0.9017700552940369, -1.0444170236587524, -0.8910072445869446, -0.7863747477531433, -0.9763974547386169]","[-0.08712396770715714, -0.3169625997543335, -0.4539611041545868, -0.4625304639339447, -0.38583481311798096, -0.3041025996208191, -0.2650316655635834, -0.28701189160346985, -0.3111109733581543, -0.23797519505023956, -0.07774890214204788, 0.10541783273220062, 0.2443753033876419, 0.25907182693481445, 0.23464569449424744, 0.31170961260795593, 0.47018173336982727]","[-0.3206011652946472, -0.26134806871414185, -0.4547595679759979, -0.7401168346405029, -0.9496657848358154, -0.9986134767532349, -0.9313933849334717, -0.8597518801689148, -0.8082897663116455, -0.747024416923523, -0.6782571077346802, -0.5599257946014404, -0.3737984001636505, -0.18135716021060944, -0.13626296818256378, -0.07190486043691635, 0.10296009480953217]","[-0.4006204605102539, -0.15730178356170654, 0.19581818580627441, 0.4593987464904785, 0.717490553855896, 0.9951505661010742, 1.150040864944458, 1.1714704036712646, 1.100675106048584, 0.9811704754829407, 0.9480811357498169, 0.9169200658798218, 0.7362893223762512, 0.4979850947856903, 0.37199634313583374, 0.14320455491542816, -0.24707543849945068]",17
5051,132,3,17,4,4,0.61876416,41.25726,2.2618973,0.4114684179253074,913.57556,"[1.7172333002090454, 1.5307759046554565, 1.0384241342544556, 0.7975375056266785, 0.751499593257904, 0.6406710743904114, 0.6201969981193542, 0.7617689967155457, 0.9451192021369934, 1.068024754524231, 1.1581857204437256, 1.424354910850525, 1.7730541229248047, 1.7887800931930542, 1.5139408111572266, 1.3425384759902954, 1.15933096408844]","[-0.792485237121582, -0.65277099609375, -0.6636718511581421, -0.6056665182113647, -0.5628166794776917, -0.5717391967773438, -0.49223729968070984, -0.4293111562728882, -0.5167853832244873, -0.626141369342804, -0.7386043071746826, -0.978132963180542, -1.3099099397659302, -1.4712766408920288, -1.2551581859588623, -0.9694844484329224, -0.8633044958114624]","[-1.489982008934021, -1.3733245134353638, -0.9254182577133179, -0.9788180589675903, -1.1177469491958618, -0.9185304641723633, -0.9223265647888184, -1.0420600175857544, -0.9390543699264526, -0.7892200946807861, -0.5772057175636292, -0.14108175039291382, 0.39254018664360046, 0.746192991733551, 0.5991144180297852, 0.3508211374282837, 0.538716197013855]","[2.060443162918091, 1.607067584991455, 1.4257001876831055, 1.4723455905914307, 1.4759601354599, 1.4804246425628662, 1.6156785488128662, 1.8522807359695435, 2.081653594970703, 2.1775777339935303, 2.176879405975342, 1.8764837980270386, 1.430681586265564, 1.3567579984664917, 1.4145017862319946, 1.259372591972351, 1.4274213314056396]","[-0.5781069397926331, -0.44128865003585815, -0.06225913017988205, 0.03135371580719948, 0.07932151854038239, 0.1591239720582962, -0.05139126256108284, -0.44597581028938293, -0.7723275423049927, -0.993944525718689, -0.985909104347229, -0.8185872435569763, -0.779980480670929, -0.8909130692481995, -0.9997997879981995, -0.9983416795730591, -0.9603591561317444]","[0.5279199481010437, 0.8589747548103333, 1.0415884256362915, 0.8920590877532959, 0.5572066903114319, 0.4485973119735718, 0.6061121225357056, 0.7038990259170532, 0.6513240933418274, 0.5644969344139099, 0.4329566955566406, 0.20576100051403046, 0.09489032626152039, 0.21584084630012512, 0.3024049997329712, 0.3229736089706421, 0.4396480321884155]","[0.3247082829475403, -0.01971595175564289, -0.6419910788536072, -0.9617656469345093, -1.036539077758789, -1.3383259773254395, -1.6020028591156006, -1.5304135084152222, -1.3745265007019043, -1.3296229839324951, -1.3072901964187622, -1.3018789291381836, -1.455707311630249, -1.6589373350143433, -1.5648523569107056, -1.439307451248169, -1.6394634246826172]","[-1.9105545282363892, -1.682124376296997, -1.4367748498916626, -1.3545414209365845, -1.4101593494415283, -1.4296680688858032, -1.3812040090560913, -1.5037118196487427, -1.5696707963943481, -1.2161085605621338, -0.7283108234405518, -0.39066892862319946, -0.19969789683818817, -0.19156838953495026, -0.2552671730518341, -0.2077520787715912, -0.12811273336410522]","[0.28672096133232117, 0.2286064326763153, 0.18223872780799866, 0.34842178225517273, 0.6066080331802368, 0.7799615859985352, 0.8919888138771057, 1.0250940322875977, 1.0666208267211914, 0.9191585183143616, 0.7500694990158081, 0.6986191272735596, 0.7185980081558228, 0.7629662156105042, 0.8678721785545349, 1.038374662399292, 1.1270784139633179]","[0.5644124746322632, 0.4653870165348053, 0.48623374104499817, 0.6193206310272217, 0.8794515132904053, 1.1416172981262207, 1.291017770767212, 1.455735683441162, 1.6311722993850708, 1.6044174432754517, 1.350046157836914, 1.071412205696106, 0.9206488728523254, 0.8025525808334351, 0.5457124710083008, 0.25348684191703796, 0.15810024738311768]","[0.9595569372177124, 1.1805899143218994, 1.3867309093475342, 1.3267768621444702, 1.0724284648895264, 0.9840296506881714, 1.0308163166046143, 0.8550453782081604, 0.5350285172462463, 0.46873903274536133, 0.5980430245399475, 0.5967468619346619, 0.45219701528549194, 0.30188924074172974, 0.12884382903575897, -0.026468578726053238, -0.10962634533643723]","[1.4959478378295898, 1.7525198459625244, 1.5242879390716553, 1.258675217628479, 1.0017242431640625, 0.5191307067871094, 0.05886099487543106, -0.244050070643425, -0.4720153212547302, -0.6639652252197266, -0.8485541343688965, -0.9721695780754089, -1.0878177881240845, -1.2006607055664062, -0.9629086256027222, -0.5790179371833801, -0.5879434943199158]",17
5050,132,0,17,4,4,0.7824335,41.33872,2.041184,0.422023600929919,909.1111,"[1.686367392539978, 1.5914686918258667, 1.5892318487167358, 1.7172333002090454, 1.5307759046554565, 1.0384241342544556, 0.7975375056266785, 0.751499593257904, 0.6406710743904114, 0.6201969981193542, 0.7617689967155457, 0.9451192021369934, 1.068024754524231, 1.1581857204437256, 1.424354910850525, 1.7730541229248047, 1.7887800931930542]","[-0.8797256946563721, -0.7931602001190186, -0.8695406317710876, -0.792485237121582, -0.65277099609375, -0.6636718511581421, -0.6056665182113647, -0.5628166794776917, -0.5717391967773438, -0.49223729968070984, -0.4293111562728882, -0.5167853832244873, -0.626141369342804, -0.7386043071746826, -0.978132963180542, -1.3099099397659302, -1.4712766408920288]","[-1.5200862884521484, -1.5450668334960938, -1.2768551111221313, -1.489982008934021, -1.3733245134353638, -0.9254182577133179, -0.9788180589675903, -1.1177469491958618, -0.9185304641723633, -0.9223265647888184, -1.0420600175857544, -0.9390543699264526, -0.7892200946807861, -0.5772057175636292, -0.14108175039291382, 0.39254018664360046, 0.746192991733551]","[1.7699331045150757, 1.8704737424850464, 2.2247707843780518, 2.060443162918091, 1.607067584991455, 1.4257001876831055, 1.4723455905914307, 1.4759601354599, 1.4804246425628662, 1.6156785488128662, 1.8522807359695435, 2.081653594970703, 2.1775777339935303, 2.176879405975342, 1.8764837980270386, 1.430681586265564, 1.3567579984664917]","[0.11242076009511948, 0.18430127203464508, -0.335776686668396, -0.5781069397926331, -0.44128865003585815, -0.06225913017988205, 0.03135371580719948, 0.07932151854038239, 0.1591239720582962, -0.05139126256108284, -0.44597581028938293, -0.7723275423049927, -0.993944525718689, -0.985909104347229, -0.8185872435569763, -0.779980480670929, -0.8909130692481995]","[-0.09402807801961899, -0.2843171954154968, -0.000837538973428309, 0.5279199481010437, 0.8589747548103333, 1.0415884256362915, 0.8920590877532959, 0.5572066903114319, 0.4485973119735718, 0.6061121225357056, 0.7038990259170532, 0.6513240933418274, 0.5644969344139099, 0.4329566955566406, 0.20576100051403046, 0.09489032626152039, 0.21584084630012512]","[0.9451580047607422, 0.9983960390090942, 0.6420739889144897, 0.3247082829475403, -0.01971595175564289, -0.6419910788536072, -0.9617656469345093, -1.036539077758789, -1.3383259773254395, -1.6020028591156006, -1.5304135084152222, -1.3745265007019043, -1.3296229839324951, -1.3072901964187622, -1.3018789291381836, -1.455707311630249, -1.6589373350143433]","[-1.054169774055481, -1.389804482460022, -1.7831618785858154, -1.9105545282363892, -1.682124376296997, -1.4367748498916626, -1.3545414209365845, -1.4101593494415283, -1.4296680688858032, -1.3812040090560913, -1.5037118196487427, -1.5696707963943481, -1.2161085605621338, -0.7283108234405518, -0.39066892862319946, -0.19969789683818817, -0.19156838953495026]","[-0.2545485496520996, -0.15278902649879456, 0.17793910205364227, 0.28672096133232117, 0.2286064326763153, 0.18223872780799866, 0.34842178225517273, 0.6066080331802368, 0.7799615859985352, 0.8919888138771057, 1.0250940322875977, 1.0666208267211914, 0.9191585183143616, 0.7500694990158081, 0.6986191272735596, 0.7185980081558228, 0.7629662156105042]","[0.20817366242408752, 0.3477466404438019, 0.5992326140403748, 0.5644124746322632, 0.4653870165348053, 0.48623374104499817, 0.6193206310272217, 0.8794515132904053, 1.1416172981262207, 1.291017770767212, 1.455735683441162, 1.6311722993850708, 1.6044174432754517, 1.350046157836914, 1.071412205696106, 0.9206488728523254, 0.8025525808334351]","[0.5486855506896973, 0.6808211207389832, 0.8443079590797424, 0.9595569372177124, 1.1805899143218994, 1.3867309093475342, 1.3267768621444702, 1.0724284648895264, 0.9840296506881714, 1.0308163166046143, 0.8550453782081604, 0.5350285172462463, 0.46873903274536133, 0.5980430245399475, 0.5967468619346619, 0.45219701528549194, 0.30188924074172974]","[1.5615650415420532, 1.7128640413284302, 1.3971906900405884, 1.4959478378295898, 1.7525198459625244, 1.5242879390716553, 1.258675217628479, 1.0017242431640625, 0.5191307067871094, 0.05886099487543106, -0.244050070643425, -0.4720153212547302, -0.6639652252197266, -0.8485541343688965, -0.9721695780754089, -1.0878177881240845, -1.2006607055664062]",17
5243,137,6,17,4,4,0.9951093,40.83537,2.1326678,0.4099171029058164,901.1833,"[0.4139070510864258, 0.6113189458847046, 0.6390649080276489, 0.6561200022697449, 0.6929981112480164, 0.662530779838562, 0.5813067555427551, 0.5244227647781372, 0.5458545088768005, 0.6603883504867554, 0.8253481984138489, 0.995045006275177, 1.240152359008789, 1.4830883741378784, 1.4909147024154663, 1.3403502702713013, 1.3228483200073242]","[0.47193464636802673, 0.4635361135005951, 0.23680688440799713, -0.027157803997397423, 0.026240263134241104, -0.025288265198469162, -0.30275899171829224, -0.2789230942726135, -0.08946838974952698, -0.31635206937789917, -0.6207071542739868, -0.5958980321884155, -0.8455229997634888, -1.3639850616455078, -1.2741323709487915, -0.9296043515205383, -1.272116780281067]","[-2.1678879261016846, -2.3914794921875, -2.2689898014068604, -2.074821949005127, -2.1594324111938477, -1.9330374002456665, -1.3254468441009521, -1.2507888078689575, -1.4832323789596558, -1.1327991485595703, -0.6165391206741333, -0.5321120619773865, -0.14984574913978577, 0.5330403447151184, 0.39974477887153625, -0.0993695855140686, 0.3228546380996704]","[0.6600180864334106, 0.5860661268234253, 0.7830896377563477, 1.4031156301498413, 1.505014419555664, 1.0443111658096313, 0.8488718867301941, 1.0771002769470215, 1.2583868503570557, 1.2896430492401123, 1.1318215131759644, 0.7335166931152344, 0.3788898289203644, 0.2582085430622101, 0.15347690880298615, 0.17886580526828766, 0.5831944346427917]","[0.9153565764427185, 0.5586987733840942, 0.26619386672973633, -0.1613486260175705, -0.49747827649116516, -0.27227848768234253, 0.14862492680549622, 0.015790127217769623, -0.32754990458488464, -0.15294039249420166, 0.15998196601867676, 0.10091701149940491, 0.009383746422827244, -0.012582858093082905, -0.28968316316604614, -0.5448122620582581, -0.39778608083724976]","[-0.10076975077390671, 0.21838785707950592, 0.5077571272850037, 0.8762495517730713, 0.9655385613441467, 0.7926726937294006, 0.6793433427810669, 0.6337659955024719, 0.572628378868103, 0.5510203838348389, 0.46164408326148987, 0.2624143660068512, 0.22719033062458038, 0.3310009241104126, 0.2821379005908966, 0.20678773522377014, 0.4042493999004364]","[-0.37258657813072205, -0.4538900852203369, -0.5972923636436462, -0.8208231329917908, -0.9448413252830505, -1.259946346282959, -1.717318058013916, -1.7710580825805664, -1.620234727859497, -1.8760018348693848, -2.2354602813720703, -2.1444036960601807, -2.0606603622436523, -2.3267290592193604, -2.317948579788208, -2.055788516998291, -2.1297309398651123]","[-0.6580244302749634, -0.4930582046508789, -0.6755180358886719, -1.3616033792495728, -1.759519338607788, -1.4598422050476074, -1.0472410917282104, -1.0042593479156494, -1.0061020851135254, -0.7344330549240112, -0.2605192959308624, 0.12321538478136063, 0.21001529693603516, 0.21007020771503448, 0.31173816323280334, 0.3972421884536743, 0.32212868332862854]","[-0.008609918877482414, 0.11711477488279343, 0.3004516065120697, 0.7036153078079224, 1.1938703060150146, 1.2804203033447266, 1.056526780128479, 1.0695334672927856, 1.170723795890808, 0.9486969113349915, 0.6573385000228882, 0.6014708280563354, 0.5508729219436646, 0.45173460245132446, 0.6337175965309143, 0.870647668838501, 0.7116453051567078]","[0.26036229729652405, 0.1296197921037674, 0.15577490627765656, 0.17797139286994934, 0.04902896657586098, 0.02646220102906227, 0.24876922369003296, 0.48633989691734314, 0.6994801759719849, 0.9555085301399231, 1.029955506324768, 0.8545575737953186, 0.7518604397773743, 0.6744515895843506, 0.29961925745010376, -0.18299582600593567, -0.3010212182998657]","[0.5327972173690796, 0.6814435720443726, 0.7776613831520081, 0.7705349326133728, 0.6265003681182861, 0.5033138394355774, 0.4969080984592438, 0.42752310633659363, 0.21229827404022217, 0.14182503521442413, 0.4368286728858948, 0.7126006484031677, 0.6488194465637207, 0.4272564649581909, 0.325585275888443, 0.3734259307384491, 0.3456931710243225]","[0.4314859211444855, 0.44850462675094604, 0.47656697034835815, 0.3883001506328583, 0.35831308364868164, 0.2764946222305298, -0.01911434344947338, -0.23801666498184204, -0.30268463492393494, -0.5553440451622009, -0.9749035239219666, -1.2128669023513794, -1.3111653327941895, -1.3247026205062866, -1.097346544265747, -0.7373124361038208, -0.5401808619499207]",17
7481,196,4,17,6,6,0.757674,40.838608,1.9656098,0.38703906658263465,895.0924,"[0.06493108719587326, -0.3121277391910553, -0.33957183361053467, -0.27985846996307373, -0.29095959663391113, -0.2716969847679138, -0.42983463406562805, -0.5587460398674011, -0.3941956162452698, -0.2810578942298889, -0.25923705101013184, -0.17331351339817047, -0.32681360840797424, -0.5714554786682129, -0.4973283112049103, -0.4461492598056793, -0.5259527564048767]","[1.6820380687713623, 1.4415955543518066, 1.4059054851531982, 1.4222074747085571, 1.4001575708389282, 1.7977471351623535, 2.2516677379608154, 2.3103249073028564, 2.3125619888305664, 2.3673508167266846, 2.2348015308380127, 2.0533740520477295, 1.9189658164978027, 1.7123701572418213, 1.5034303665161133, 1.3515980243682861, 1.390459656715393]","[-0.9914705753326416, -0.899074375629425, -0.632667064666748, -0.4801257848739624, -0.568235456943512, -0.8553510904312134, -1.2771075963974, -1.6055853366851807, -1.5929926633834839, -1.49222993850708, -1.5490877628326416, -1.6037825345993042, -1.581112027168274, -1.5700746774673462, -1.375208854675293, -1.090949296951294, -1.2039183378219604]","[-0.21834604442119598, -0.1469077169895172, -0.5715161561965942, -0.8645631074905396, -0.7992761731147766, -0.8615400791168213, -0.7952264547348022, -0.7157363891601562, -0.9620622396469116, -0.7303960919380188, -0.03017827868461609, -0.015100943855941296, -0.2540421783924103, -0.07096266001462936, -0.22898341715335846, -0.5466774702072144, -0.34329867362976074]","[1.8124383687973022, 2.141329526901245, 1.956884503364563, 1.797409176826477, 1.5856760740280151, 1.0515854358673096, 0.866410493850708, 0.953628420829773, 0.6759818196296692, 0.40720680356025696, 0.5129631161689758, 0.6893218755722046, 0.9149243235588074, 1.0605708360671997, 1.0095808506011963, 1.3873562812805176, 1.9029550552368164]","[0.22136755287647247, 0.7422215938568115, 1.018457293510437, 1.2982356548309326, 1.5101861953735352, 1.4481427669525146, 1.6305791139602661, 1.9781947135925293, 1.9066673517227173, 1.4763431549072266, 0.9465917348861694, 0.8189631700515747, 1.4911494255065918, 2.034381628036499, 1.8167535066604614, 1.5441056489944458, 1.3457841873168945]","[-0.22594670951366425, -0.45481377840042114, -0.742896556854248, -0.7445675730705261, -0.37911027669906616, -0.19576594233512878, -0.218435600399971, -0.03957149386405945, 0.2562229335308075, 0.46070873737335205, 0.6441126465797424, 0.7725903391838074, 0.7282299995422363, 0.49994537234306335, 0.25894883275032043, 0.3039410412311554, 0.4555310904979706]","[-0.546471118927002, -0.6427488923072815, -0.34122881293296814, 0.13366572558879852, 0.5895832180976868, 0.8042987585067749, 0.30110588669776917, -0.4068314731121063, -0.5261090993881226, -0.485099732875824, -0.6033057570457458, -0.6894649863243103, -0.9158666729927063, -1.0502678155899048, -0.8641697764396667, -0.9197490215301514, -1.118473768234253]","[1.6465522050857544, 1.2925848960876465, 1.1864852905273438, 1.2060643434524536, 1.101910948753357, 1.1987500190734863, 1.6010788679122925, 1.8260225057601929, 1.7723124027252197, 1.8411411046981812, 2.0757553577423096, 2.2595255374908447, 2.338845729827881, 2.343813419342041, 2.28127121925354, 2.100064516067505, 1.9430290460586548]","[1.0510387420654297, 0.744080662727356, 1.1037367582321167, 1.184378981590271, 0.9437752962112427, 0.8343178033828735, 0.3535756468772888, -0.13238607347011566, -0.12536633014678955, -0.3531261384487152, -0.6104976534843445, -0.4182684123516083, -0.7131330370903015, -1.1494190692901611, -0.6407396197319031, -0.18409904837608337, -0.25262120366096497]","[-0.41350027918815613, 0.09537332504987717, -0.26778677105903625, -0.6805576086044312, -0.5669121146202087, -0.045325543731451035, 0.6934016346931458, 1.4052103757858276, 1.7905287742614746, 1.7953062057495117, 1.4244657754898071, 0.900429368019104, 0.7111843228340149, 0.5876346826553345, 0.2024167776107788, 0.21189093589782715, 0.7941007018089294]","[-1.9388755559921265, -1.4385299682617188, -1.0885688066482544, -1.4597491025924683, -1.7246087789535522, -1.818975567817688, -1.836646556854248, -1.466145634651184, -0.9852402806282043, -0.9023349285125732, -0.8328661322593689, -0.46343550086021423, -0.11527788639068604, 0.1966877579689026, 0.6605294942855835, 0.9470720887184143, 0.794330894947052]",17
7482,196,3,17,6,6,0.89379525,39.334194,1.9921157,0.3841633426344875,865.6556,"[0.14497609436511993, 0.06493108719587326, -0.3121277391910553, -0.33957183361053467, -0.27985846996307373, -0.29095959663391113, -0.2716969847679138, -0.42983463406562805, -0.5587460398674011, -0.3941956162452698, -0.2810578942298889, -0.25923705101013184, -0.17331351339817047, -0.32681360840797424, -0.5714554786682129, -0.4973283112049103, -0.4461492598056793]","[1.553890585899353, 1.6820380687713623, 1.4415955543518066, 1.4059054851531982, 1.4222074747085571, 1.4001575708389282, 1.7977471351623535, 2.2516677379608154, 2.3103249073028564, 2.3125619888305664, 2.3673508167266846, 2.2348015308380127, 2.0533740520477295, 1.9189658164978027, 1.7123701572418213, 1.5034303665161133, 1.3515980243682861]","[-0.7949085235595703, -0.9914705753326416, -0.899074375629425, -0.632667064666748, -0.4801257848739624, -0.568235456943512, -0.8553510904312134, -1.2771075963974, -1.6055853366851807, -1.5929926633834839, -1.49222993850708, -1.5490877628326416, -1.6037825345993042, -1.581112027168274, -1.5700746774673462, -1.375208854675293, -1.090949296951294]","[-0.21986235678195953, -0.21834604442119598, -0.1469077169895172, -0.5715161561965942, -0.8645631074905396, -0.7992761731147766, -0.8615400791168213, -0.7952264547348022, -0.7157363891601562, -0.9620622396469116, -0.7303960919380188, -0.03017827868461609, -0.015100943855941296, -0.2540421783924103, -0.07096266001462936, -0.22898341715335846, -0.5466774702072144]","[1.536321759223938, 1.8124383687973022, 2.141329526901245, 1.956884503364563, 1.797409176826477, 1.5856760740280151, 1.0515854358673096, 0.866410493850708, 0.953628420829773, 0.6759818196296692, 0.40720680356025696, 0.5129631161689758, 0.6893218755722046, 0.9149243235588074, 1.0605708360671997, 1.0095808506011963, 1.3873562812805176]","[0.22271424531936646, 0.22136755287647247, 0.7422215938568115, 1.018457293510437, 1.2982356548309326, 1.5101861953735352, 1.4481427669525146, 1.6305791139602661, 1.9781947135925293, 1.9066673517227173, 1.4763431549072266, 0.9465917348861694, 0.8189631700515747, 1.4911494255065918, 2.034381628036499, 1.8167535066604614, 1.5441056489944458]","[0.012630077078938484, -0.22594670951366425, -0.45481377840042114, -0.742896556854248, -0.7445675730705261, -0.37911027669906616, -0.19576594233512878, -0.218435600399971, -0.03957149386405945, 0.2562229335308075, 0.46070873737335205, 0.6441126465797424, 0.7725903391838074, 0.7282299995422363, 0.49994537234306335, 0.25894883275032043, 0.3039410412311554]","[-0.5110482573509216, -0.546471118927002, -0.6427488923072815, -0.34122881293296814, 0.13366572558879852, 0.5895832180976868, 0.8042987585067749, 0.30110588669776917, -0.4068314731121063, -0.5261090993881226, -0.485099732875824, -0.6033057570457458, -0.6894649863243103, -0.9158666729927063, -1.0502678155899048, -0.8641697764396667, -0.9197490215301514]","[1.7070715427398682, 1.6465522050857544, 1.2925848960876465, 1.1864852905273438, 1.2060643434524536, 1.101910948753357, 1.1987500190734863, 1.6010788679122925, 1.8260225057601929, 1.7723124027252197, 1.8411411046981812, 2.0757553577423096, 2.2595255374908447, 2.338845729827881, 2.343813419342041, 2.28127121925354, 2.100064516067505]","[1.4238682985305786, 1.0510387420654297, 0.744080662727356, 1.1037367582321167, 1.184378981590271, 0.9437752962112427, 0.8343178033828735, 0.3535756468772888, -0.13238607347011566, -0.12536633014678955, -0.3531261384487152, -0.6104976534843445, -0.4182684123516083, -0.7131330370903015, -1.1494190692901611, -0.6407396197319031, -0.18409904837608337]","[-1.401076078414917, -0.41350027918815613, 0.09537332504987717, -0.26778677105903625, -0.6805576086044312, -0.5669121146202087, -0.045325543731451035, 0.6934016346931458, 1.4052103757858276, 1.7905287742614746, 1.7953062057495117, 1.4244657754898071, 0.900429368019104, 0.7111843228340149, 0.5876346826553345, 0.2024167776107788, 0.21189093589782715]","[-1.3689656257629395, -1.9388755559921265, -1.4385299682617188, -1.0885688066482544, -1.4597491025924683, -1.7246087789535522, -1.818975567817688, -1.836646556854248, -1.466145634651184, -0.9852402806282043, -0.9023349285125732, -0.8328661322593689, -0.46343550086021423, -0.11527788639068604, 0.1966877579689026, 0.6605294942855835, 0.9470720887184143]",17
7820,205,7,17,6,6,0.12716198,39.421192,1.6627731,0.48649637814508107,862.63184,"[0.24560211598873138, 0.6918525695800781, 0.8440290689468384, 0.6870510578155518, 0.18154971301555634, -0.3854341506958008, -0.6139545440673828, -0.6129924654960632, -0.7105327248573303, -0.7296311259269714, -0.5278180837631226, -0.487773597240448, -0.6081482172012329, -0.43205180764198303, -0.14562566578388214, -0.34013453125953674, -0.5961475372314453]","[1.8727562427520752, 1.7228692770004272, 1.6211986541748047, 1.857563853263855, 2.316378593444824, 2.764683485031128, 3.142545700073242, 3.3505501747131348, 3.31715726852417, 3.1502492427825928, 2.9207801818847656, 2.6676595211029053, 2.4793574810028076, 2.4716897010803223, 2.3308918476104736, 1.877398133277893, 1.6708571910858154]","[-0.11412516981363297, -0.4037334620952606, -0.5248200297355652, -0.5836352705955505, -0.6549128293991089, -0.7165298461914062, -0.8337461948394775, -1.076321005821228, -1.3206613063812256, -1.3420910835266113, -1.2255983352661133, -1.2030651569366455, -1.2383655309677124, -1.0992822647094727, -0.8088745474815369, -0.6982877850532532, -0.7280786633491516]","[-0.03987782076001167, -0.34530526399612427, -0.35167157649993896, -0.3235774040222168, -0.27407121658325195, -0.33710697293281555, -0.7994953989982605, -1.2219159603118896, -1.1015465259552002, -1.01735258102417, -1.3131918907165527, -1.2402759790420532, -0.7711747288703918, -0.7408650517463684, -0.7242222428321838, -0.010369423776865005, 0.3083060681819916]","[0.9035125374794006, 0.893912136554718, 0.7632356286048889, 0.2916621267795563, -0.1645534485578537, -0.3266964852809906, -0.42257606983184814, -0.5303125381469727, -0.4516558051109314, -0.3004048466682434, -0.14430002868175507, 0.23669324815273285, 0.5334426760673523, 0.276720255613327, -0.15334294736385345, -0.08904685825109482, -0.004172405693680048]","[0.1740942895412445, 0.7329758405685425, 1.0972305536270142, 0.9934979677200317, 0.9679371118545532, 1.2186812162399292, 1.1964361667633057, 0.9356904029846191, 1.0955573320388794, 1.5078492164611816, 1.5340044498443604, 1.398746371269226, 1.4338524341583252, 1.3778088092803955, 1.152767300605774, 1.116153359413147, 0.9072779417037964]","[-0.9139600992202759, -0.7245528697967529, -0.6303834319114685, -0.48415741324424744, -0.06336639821529388, 0.618726909160614, 1.2753311395645142, 1.6078064441680908, 1.5590286254882812, 1.3845878839492798, 1.3270444869995117, 1.3867899179458618, 1.5499708652496338, 1.6682946681976318, 1.4947174787521362, 1.2458902597427368, 1.2034038305282593]","[-0.49452003836631775, -0.15306374430656433, -0.014590892940759659, -0.0221268143504858, -0.33244699239730835, -0.7706209421157837, -0.8545949459075928, -0.694777250289917, -0.8053050637245178, -0.9822224974632263, -0.9130345582962036, -1.022599697113037, -1.2639707326889038, -1.0935181379318237, -0.636444091796875, -0.5167955160140991, -0.4773528277873993]","[1.865880012512207, 2.1014556884765625, 2.1764333248138428, 2.3451626300811768, 2.4618308544158936, 2.1038997173309326, 1.5813918113708496, 1.4941303730010986, 1.6825376749038696, 1.6520978212356567, 1.4892480373382568, 1.5334383249282837, 1.6349949836730957, 1.6255186796188354, 1.6598718166351318, 1.6839473247528076, 1.7769781351089478]","[1.086763858795166, 0.674151599407196, 0.3037909269332886, 0.2670217752456665, 0.20592033863067627, 0.015398122370243073, -0.024748574942350388, -0.21754668653011322, -0.8204247951507568, -1.1014325618743896, -0.822899341583252, -0.9861509203910828, -1.7030179500579834, -1.8621559143066406, -1.789790153503418, -2.1582486629486084, -2.0612733364105225]","[-0.5198665857315063, -0.8848509192466736, -0.8205696940422058, -0.6406551599502563, -0.8292765021324158, -1.1378744840621948, -1.0702530145645142, -0.6267951130867004, -0.2520228922367096, -0.4026913344860077, -0.9294805526733398, -1.1093742847442627, -0.713396430015564, -0.3887062072753906, -0.32279422879219055, -0.026529423892498016, 0.373113751411438]","[-1.394730567932129, -2.0340516567230225, -2.3581926822662354, -2.0882599353790283, -1.5143619775772095, -0.7931168675422668, -0.24886400997638702, -0.3106119632720947, -0.6310819983482361, -0.3244258165359497, 0.4432644844055176, 0.7664039731025696, 0.6202609539031982, 0.6546609997749329, 0.8137436509132385, 0.7042031288146973, 0.7464107871055603]",17
7558,198,4,17,6,6,0.39184046,38.415764,1.8182578,0.38803570637890683,842.26483,"[0.35717591643333435, 0.4610201120376587, 0.7577559351921082, 0.56302410364151, 0.06497950106859207, -0.05528011545538902, -0.23593924939632416, -0.5393528342247009, -0.5215616226196289, -0.4735456705093384, -0.4292626976966858, -0.1842481791973114, -0.19549362361431122, -0.3730517327785492, -0.26576292514801025, -0.38563448190689087, -0.6933117508888245]","[0.6857653856277466, 0.7031689882278442, 0.7102178335189819, 1.0728363990783691, 1.6233389377593994, 1.9481028318405151, 1.9100857973098755, 1.6930887699127197, 1.5294268131256104, 1.4592148065567017, 1.3742588758468628, 1.3077375888824463, 1.314611792564392, 1.2748900651931763, 1.2252891063690186, 1.3089290857315063, 1.3789575099945068]","[-0.49370402097702026, -0.9079672694206238, -1.180965542793274, -1.3101832866668701, -1.5616810321807861, -1.8173195123672485, -1.8528754711151123, -1.7582764625549316, -1.6730549335479736, -1.736794114112854, -1.907485008239746, -2.007840633392334, -1.9890177249908447, -1.9714646339416504, -1.95926833152771, -1.9354196786880493, -1.9210808277130127]","[-0.8914936780929565, -0.5654876232147217, -0.5968972444534302, -0.6417823433876038, -0.7316476106643677, -1.1941933631896973, -1.156121850013733, -0.6878863573074341, -0.6895752549171448, -0.6406208276748657, -0.34746670722961426, -0.4952544867992401, -0.494010865688324, -0.09209499508142471, 0.003615219844505191, 0.2640158534049988, 0.6082377433776855]","[0.8148323893547058, 1.1024154424667358, 0.8434990644454956, 0.9599860906600952, 1.6344460248947144, 1.8228029012680054, 1.6724481582641602, 1.5065995454788208, 1.1509095430374146, 1.1758148670196533, 1.6029667854309082, 1.5886518955230713, 1.399566888809204, 1.4241390228271484, 1.234716534614563, 1.2900327444076538, 1.5258550643920898]","[0.7418272495269775, 0.9215204119682312, 0.5690156817436218, 0.26318877935409546, 0.0573020800948143, -0.06061926856637001, 0.18648824095726013, 0.5687174797058105, 0.8208942413330078, 0.8729385733604431, 0.5371276140213013, 0.2985136806964874, 0.6898200511932373, 0.9362173676490784, 0.6515637636184692, 0.5268365144729614, 0.5149480700492859]","[-0.04379494860768318, 0.15117914974689484, 0.2341364622116089, 0.4199431240558624, 0.6127283573150635, 0.7042185664176941, 0.7319720387458801, 0.5631482005119324, 0.3589493930339813, 0.5023684501647949, 0.8321064114570618, 0.9482775330543518, 0.8942127227783203, 0.7471650242805481, 0.4897885024547577, 0.43112412095069885, 0.6086064577102661]","[-1.1648707389831543, -1.5307245254516602, -1.4602223634719849, -1.3897429704666138, -1.2728874683380127, -0.878698468208313, -0.8588818907737732, -1.0924261808395386, -1.1552244424819946, -1.4632720947265625, -1.6633390188217163, -1.4607369899749756, -1.6020870208740234, -1.8113383054733276, -1.6065351963043213, -1.6817212104797363, -1.7934508323669434]","[0.824079692363739, 0.928321361541748, 1.2666034698486328, 1.298939824104309, 0.9498746395111084, 0.5920689105987549, 0.4995609521865845, 0.7490206956863403, 1.160638689994812, 1.4024978876113892, 1.3569862842559814, 1.2519391775131226, 1.3041284084320068, 1.5622501373291016, 1.912095546722412, 2.0161805152893066, 1.7990152835845947]","[2.868985414505005, 2.2831227779388428, 1.8691195249557495, 1.539318561553955, 1.531248927116394, 2.044069528579712, 1.718375325202942, 0.6745702028274536, 0.252453476190567, 0.09526702016592026, 0.04435231536626816, 0.3389052748680115, 0.06478530168533325, -0.3716627359390259, -0.07233764231204987, -0.1763557642698288, -0.4123314917087555]","[-2.233142852783203, -1.8616544008255005, -1.9583547115325928, -1.8461072444915771, -1.553578495979309, -1.475228190422058, -1.2051477432250977, -0.7991923689842224, -0.891221284866333, -1.2208832502365112, -1.426169753074646, -1.4549466371536255, -1.0232348442077637, -0.757519006729126, -1.1005243062973022, -0.8871506452560425, -0.5495898723602295]","[-0.5884161591529846, -0.547626793384552, -0.64710533618927, -0.6087607741355896, -0.8042992949485779, -1.3132857084274292, -1.135087013244629, -0.5472190380096436, -0.27521198987960815, -0.049747154116630554, 0.14561539888381958, 0.061737749725580215, 0.054250869899988174, 0.0814666822552681, -0.07353195548057556, 0.030352303758263588, 0.2539025843143463]",17
7823,205,6,17,6,6,0.23661947,38.35955,1.680521,0.4602479554679453,840.6191,"[-0.21170316636562347, 0.24560211598873138, 0.6918525695800781, 0.8440290689468384, 0.6870510578155518, 0.18154971301555634, -0.3854341506958008, -0.6139545440673828, -0.6129924654960632, -0.7105327248573303, -0.7296311259269714, -0.5278180837631226, -0.487773597240448, -0.6081482172012329, -0.43205180764198303, -0.14562566578388214, -0.34013453125953674]","[1.792261004447937, 1.8727562427520752, 1.7228692770004272, 1.6211986541748047, 1.857563853263855, 2.316378593444824, 2.764683485031128, 3.142545700073242, 3.3505501747131348, 3.31715726852417, 3.1502492427825928, 2.9207801818847656, 2.6676595211029053, 2.4793574810028076, 2.4716897010803223, 2.3308918476104736, 1.877398133277893]","[0.2917158305644989, -0.11412516981363297, -0.4037334620952606, -0.5248200297355652, -0.5836352705955505, -0.6549128293991089, -0.7165298461914062, -0.8337461948394775, -1.076321005821228, -1.3206613063812256, -1.3420910835266113, -1.2255983352661133, -1.2030651569366455, -1.2383655309677124, -1.0992822647094727, -0.8088745474815369, -0.6982877850532532]","[0.32590487599372864, -0.03987782076001167, -0.34530526399612427, -0.35167157649993896, -0.3235774040222168, -0.27407121658325195, -0.33710697293281555, -0.7994953989982605, -1.2219159603118896, -1.1015465259552002, -1.01735258102417, -1.3131918907165527, -1.2402759790420532, -0.7711747288703918, -0.7408650517463684, -0.7242222428321838, -0.010369423776865005]","[0.965503454208374, 0.9035125374794006, 0.893912136554718, 0.7632356286048889, 0.2916621267795563, -0.1645534485578537, -0.3266964852809906, -0.42257606983184814, -0.5303125381469727, -0.4516558051109314, -0.3004048466682434, -0.14430002868175507, 0.23669324815273285, 0.5334426760673523, 0.276720255613327, -0.15334294736385345, -0.08904685825109482]","[-0.14319662749767303, 0.1740942895412445, 0.7329758405685425, 1.0972305536270142, 0.9934979677200317, 0.9679371118545532, 1.2186812162399292, 1.1964361667633057, 0.9356904029846191, 1.0955573320388794, 1.5078492164611816, 1.5340044498443604, 1.398746371269226, 1.4338524341583252, 1.3778088092803955, 1.152767300605774, 1.116153359413147]","[-1.032165288925171, -0.9139600992202759, -0.7245528697967529, -0.6303834319114685, -0.48415741324424744, -0.06336639821529388, 0.618726909160614, 1.2753311395645142, 1.6078064441680908, 1.5590286254882812, 1.3845878839492798, 1.3270444869995117, 1.3867899179458618, 1.5499708652496338, 1.6682946681976318, 1.4947174787521362, 1.2458902597427368]","[-0.9610437750816345, -0.49452003836631775, -0.15306374430656433, -0.014590892940759659, -0.0221268143504858, -0.33244699239730835, -0.7706209421157837, -0.8545949459075928, -0.694777250289917, -0.8053050637245178, -0.9822224974632263, -0.9130345582962036, -1.022599697113037, -1.2639707326889038, -1.0935181379318237, -0.636444091796875, -0.5167955160140991]","[1.5612564086914062, 1.865880012512207, 2.1014556884765625, 2.1764333248138428, 2.3451626300811768, 2.4618308544158936, 2.1038997173309326, 1.5813918113708496, 1.4941303730010986, 1.6825376749038696, 1.6520978212356567, 1.4892480373382568, 1.5334383249282837, 1.6349949836730957, 1.6255186796188354, 1.6598718166351318, 1.6839473247528076]","[1.4186186790466309, 1.086763858795166, 0.674151599407196, 0.3037909269332886, 0.2670217752456665, 0.20592033863067627, 0.015398122370243073, -0.024748574942350388, -0.21754668653011322, -0.8204247951507568, -1.1014325618743896, -0.822899341583252, -0.9861509203910828, -1.7030179500579834, -1.8621559143066406, -1.789790153503418, -2.1582486629486084]","[-0.2505965530872345, -0.5198665857315063, -0.8848509192466736, -0.8205696940422058, -0.6406551599502563, -0.8292765021324158, -1.1378744840621948, -1.0702530145645142, -0.6267951130867004, -0.2520228922367096, -0.4026913344860077, -0.9294805526733398, -1.1093742847442627, -0.713396430015564, -0.3887062072753906, -0.32279422879219055, -0.026529423892498016]","[-0.7423862814903259, -1.394730567932129, -2.0340516567230225, -2.3581926822662354, -2.0882599353790283, -1.5143619775772095, -0.7931168675422668, -0.24886400997638702, -0.3106119632720947, -0.6310819983482361, -0.3244258165359497, 0.4432644844055176, 0.7664039731025696, 0.6202609539031982, 0.6546609997749329, 0.8137436509132385, 0.7042031288146973]",17
8235,216,3,12,7,7,0.3034773,38.166058,1.5152647,0.39789509332555273,828.6739,"[-0.38048580288887024, -0.49732038378715515, -0.4193524420261383, -0.5048466324806213, -0.7744181752204895, -0.9069918394088745, -0.804372251033783, -0.6612182855606079, -0.6265473961830139, -0.609307587146759, -0.4697071313858032, -0.2933148443698883]","[-0.42329782247543335, -0.48702406883239746, -0.3354260325431824, -0.23379988968372345, -0.23427847027778625, -0.1732202172279358, -0.02492973953485489, 0.03505144268274307, -0.13247497379779816, -0.4277185797691345, -0.6332924365997314, -0.6380406022071838]","[-0.43892985582351685, -0.2524278461933136, -0.3176478147506714, -0.2671266794204712, -0.008654281497001648, 0.18146415054798126, 0.1522870510816574, 0.11426042020320892, 0.29133090376853943, 0.552336573600769, 0.6012730002403259, 0.4285734295845032]","[0.8396161794662476, 0.8185583353042603, 0.5292413830757141, 0.5276758074760437, 0.8395756483078003, 1.0559965372085571, 1.0813288688659668, 1.1182527542114258, 1.3614778518676758, 1.5796482563018799, 1.5038405656814575, 1.2063583135604858]","[0.1788998395204544, 0.1448621302843094, -0.12422368675470352, -0.21238379180431366, -0.08211151510477066, -0.04413008317351341, -0.20833338797092438, -0.3627088665962219, -0.30047333240509033, -0.051434557884931564, 0.1391782909631729, 0.13935726881027222]","[1.220713496208191, 1.2702205181121826, 1.1137709617614746, 0.9444113969802856, 0.8493162989616394, 0.7857467532157898, 0.7661524415016174, 0.7689973711967468, 0.7373520731925964, 0.5842151045799255, 0.2711438834667206, -0.12398939579725266]","[-0.9325624108314514, -1.1014738082885742, -1.0503650903701782, -1.0789642333984375, -1.2471964359283447, -1.3829681873321533, -1.3938502073287964, -1.3763600587844849, -1.4577573537826538, -1.582277774810791, -1.590022325515747, -1.4713637828826904]","[-1.4091153144836426, -1.2302082777023315, -1.1617183685302734, -1.1090337038040161, -0.9820049405097961, -0.8296765685081482, -0.6639085412025452, -0.45868340134620667, -0.17999623715877533, 0.13190986216068268, 0.35759133100509644, 0.4764423966407776]","[0.09227301180362701, -0.0730656310915947, -0.04559725895524025, -0.04124152660369873, -0.12259769439697266, -0.12442716211080551, 0.016718341037631035, 0.1868266761302948, 0.23784367740154266, 0.1736261397600174, 0.16395771503448486, 0.24783557653427124]","[-1.8074432611465454, -1.626371145248413, -1.837636947631836, -1.798937201499939, -1.41599702835083, -1.1230065822601318, -1.1074845790863037, -1.1831804513931274, -1.0575578212738037, -0.7514081597328186, -0.5474047064781189, -0.5113558173179626]","[0.746252715587616, 0.9170101881027222, 0.9801087379455566, 1.099833607673645, 1.2522720098495483, 1.3417030572891235, 1.2754981517791748, 1.016014814376831, 0.6601830124855042, 0.3548182547092438, 0.14219914376735687, -0.037490006536245346]","[0.5516077876091003, 0.38672855496406555, 0.8228704333305359, 0.8885691165924072, 0.3724398910999298, -0.0484563410282135, -0.0689970925450325, -0.11209063231945038, -0.5764759182929993, -1.2070151567459106, -1.496087670326233, -1.4098272323608398]",12
9041,237,5,17,7,7,0.48978472,35.818657,2.0286279,0.41650673264874394,798.0573,"[-0.12169762700796127, -0.12336624413728714, -0.165108785033226, -0.2737889587879181, -0.434040367603302, -0.5424121618270874, -0.6429455280303955, -0.7381348609924316, -0.6740292310714722, -0.49532413482666016, -0.44455280900001526, -0.4586441218852997, -0.36431628465652466, -0.2856333255767822, -0.30625736713409424, -0.3157377243041992, -0.3693685531616211]","[0.6077682375907898, 0.560503363609314, 0.7457171678543091, 0.7677121162414551, 0.7894087433815002, 1.005660057067871, 1.0322080850601196, 0.7053142189979553, 0.4114969074726105, 0.2717098891735077, 0.06021751090884209, -0.0944531112909317, -0.024997632950544357, -0.09323147684335709, -0.3657255172729492, -0.3862767219543457, -0.23046861588954926]","[-1.2426729202270508, -1.2278496026992798, -1.2702220678329468, -1.0201512575149536, -0.7808188199996948, -0.907124400138855, -0.8982985615730286, -0.5588344931602478, -0.46921220421791077, -0.49262750148773193, -0.09451574087142944, 0.3121870160102844, 0.3634035885334015, 0.7731567621231079, 1.490038514137268, 1.494085669517517, 1.1046230792999268]","[0.17104671895503998, 0.4443241357803345, 0.16599006950855255, 0.22363074123859406, 0.6443452835083008, 0.5659067034721375, 0.32047683000564575, 0.4785343110561371, 0.5455551147460938, 0.41075050830841064, 0.6889135837554932, 1.0247358083724976, 0.9396737813949585, 1.0954561233520508, 1.5199360847473145, 1.2087949514389038, 0.6149344444274902]","[-0.038010090589523315, 0.006452552974224091, 0.07960205525159836, 0.42137354612350464, 0.6983458399772644, 0.4989228844642639, 0.2762817144393921, 0.3943493366241455, 0.4355677664279938, 0.28210607171058655, 0.3435401916503906, 0.4715162217617035, 0.3579147756099701, 0.2696019411087036, 0.3356606662273407, 0.3044597804546356, 0.3785112798213959]","[-0.9081031084060669, -0.7102827429771423, -0.6077194213867188, -0.6203011274337769, -0.5480749607086182, -0.36500686407089233, -0.28859418630599976, -0.4269414246082306, -0.6352730989456177, -0.746814489364624, -0.7794294357299805, -0.8942826986312866, -1.0674009323120117, -1.1420637369155884, -1.1880055665969849, -1.3396961688995361, -1.5118423700332642]","[0.37394654750823975, 0.026528552174568176, -0.26946136355400085, -0.4701319634914398, -0.4432099163532257, -0.04851825162768364, 0.3901056945323944, 0.5076552629470825, 0.3994061052799225, 0.2419731467962265, 0.006614179816097021, -0.19360008835792542, -0.18405432999134064, -0.15953963994979858, -0.2909562885761261, -0.3873472213745117, -0.3659835159778595]","[-0.3851768970489502, -0.3708215057849884, -0.24531099200248718, -0.2580067813396454, -0.41685283184051514, -0.531728208065033, -0.5676754117012024, -0.5629088282585144, -0.4879266023635864, -0.2968808114528656, -0.004128807689994574, 0.428475558757782, 0.8756853342056274, 1.1670888662338257, 1.4401625394821167, 1.7459808588027954, 1.9257386922836304]","[0.5182978510856628, 0.44354984164237976, 0.3333486020565033, 0.22914248704910278, 0.23624670505523682, 0.2763899564743042, 0.12427663058042526, -0.12354760617017746, -0.15951749682426453, -0.06056363880634308, 0.007633563131093979, 0.21016377210617065, 0.534453272819519, 0.6377541422843933, 0.5124944448471069, 0.525363564491272, 0.5882952213287354]","[-1.864341139793396, -1.7147401571273804, -1.5183658599853516, -1.246551513671875, -1.2230305671691895, -1.5547292232513428, -1.5519760847091675, -1.0209226608276367, -0.6238277554512024, -0.45369958877563477, -0.10400502383708954, 0.1781444251537323, 0.11480271816253662, 0.09706583619117737, 0.13434679806232452, -0.1909046620130539, -0.45801565051078796]","[-0.1406971514225006, 0.18760477006435394, 0.6383310556411743, 0.7442532181739807, 0.7282167077064514, 0.8310606479644775, 0.7701422572135925, 0.42674508690834045, 0.16515988111495972, 0.03826969489455223, -0.2833704352378845, -0.7679965496063232, -1.15828537940979, -1.6490375995635986, -2.12524151802063, -2.209556818008423, -2.1218624114990234]","[0.2442716807126999, 0.022159434854984283, -0.011401648633182049, -0.05670300871133804, -0.24981431663036346, -0.289045125246048, -0.35325416922569275, -0.5729723572731018, -0.5542812347412109, -0.35280507802963257, -0.49412983655929565, -0.8655567765235901, -1.0496952533721924, -1.2275233268737793, -1.3883790969848633, -1.1502690315246582, -0.8230602145195007]",17
8234,216,4,12,7,7,0.26431823,35.902588,1.4898143,0.3861288415991897,782.0527,"[-0.49732038378715515, -0.4193524420261383, -0.5048466324806213, -0.7744181752204895, -0.9069918394088745, -0.804372251033783, -0.6612182855606079, -0.6265473961830139, -0.609307587146759, -0.4697071313858032, -0.2933148443698883, -0.3354659676551819]","[-0.48702406883239746, -0.3354260325431824, -0.23379988968372345, -0.23427847027778625, -0.1732202172279358, -0.02492973953485489, 0.03505144268274307, -0.13247497379779816, -0.4277185797691345, -0.6332924365997314, -0.6380406022071838, -0.5571554899215698]","[-0.2524278461933136, -0.3176478147506714, -0.2671266794204712, -0.008654281497001648, 0.18146415054798126, 0.1522870510816574, 0.11426042020320892, 0.29133090376853943, 0.552336573600769, 0.6012730002403259, 0.4285734295845032, 0.30083152651786804]","[0.8185583353042603, 0.5292413830757141, 0.5276758074760437, 0.8395756483078003, 1.0559965372085571, 1.0813288688659668, 1.1182527542114258, 1.3614778518676758, 1.5796482563018799, 1.5038405656814575, 1.2063583135604858, 1.0460834503173828]","[0.1448621302843094, -0.12422368675470352, -0.21238379180431366, -0.08211151510477066, -0.04413008317351341, -0.20833338797092438, -0.3627088665962219, -0.30047333240509033, -0.051434557884931564, 0.1391782909631729, 0.13935726881027222, 0.09874201565980911]","[1.2702205181121826, 1.1137709617614746, 0.9444113969802856, 0.8493162989616394, 0.7857467532157898, 0.7661524415016174, 0.7689973711967468, 0.7373520731925964, 0.5842151045799255, 0.2711438834667206, -0.12398939579725266, -0.44343382120132446]","[-1.1014738082885742, -1.0503650903701782, -1.0789642333984375, -1.2471964359283447, -1.3829681873321533, -1.3938502073287964, -1.3763600587844849, -1.4577573537826538, -1.582277774810791, -1.590022325515747, -1.4713637828826904, -1.382655143737793]","[-1.2302082777023315, -1.1617183685302734, -1.1090337038040161, -0.9820049405097961, -0.8296765685081482, -0.6639085412025452, -0.45868340134620667, -0.17999623715877533, 0.13190986216068268, 0.35759133100509644, 0.4764423966407776, 0.577756404876709]","[-0.0730656310915947, -0.04559725895524025, -0.04124152660369873, -0.12259769439697266, -0.12442716211080551, 0.016718341037631035, 0.1868266761302948, 0.23784367740154266, 0.1736261397600174, 0.16395771503448486, 0.24783557653427124, 0.2927262783050537]","[-1.626371145248413, -1.837636947631836, -1.798937201499939, -1.41599702835083, -1.1230065822601318, -1.1074845790863037, -1.1831804513931274, -1.0575578212738037, -0.7514081597328186, -0.5474047064781189, -0.5113558173179626, -0.41634103655815125]","[0.9170101881027222, 0.9801087379455566, 1.099833607673645, 1.2522720098495483, 1.3417030572891235, 1.2754981517791748, 1.016014814376831, 0.6601830124855042, 0.3548182547092438, 0.14219914376735687, -0.037490006536245346, -0.2283608764410019]","[0.38672855496406555, 0.8228704333305359, 0.8885691165924072, 0.3724398910999298, -0.0484563410282135, -0.0689970925450325, -0.11209063231945038, -0.5764759182929993, -1.2070151567459106, -1.496087670326233, -1.4098272323608398, -1.373917579650879]",12
6455,169,4,17,5,4,0.37787008,34.1565,1.9373817,0.44196292300442064,763.3496,"[0.5082118511199951, 0.3213029205799103, 0.5822023153305054, 0.7621479034423828, 0.5664402842521667, 0.4529522955417633, 0.5111355185508728, 0.49287959933280945, 0.49898695945739746, 0.6383475661277771, 0.7391691207885742, 0.7292732000350952, 0.7616881132125854, 0.8506979942321777, 0.8438310623168945, 0.7611210346221924, 0.8953477740287781]","[-1.2844619750976562, -1.181575894355774, -1.340537667274475, -1.4270086288452148, -1.3101332187652588, -1.2452880144119263, -1.2641222476959229, -1.2186299562454224, -1.192483901977539, -1.3350017070770264, -1.4595476388931274, -1.4582390785217285, -1.5117855072021484, -1.5377585887908936, -1.453879714012146, -1.4285634756088257, -1.526451826095581]","[1.3002656698226929, 1.2946245670318604, 1.4984122514724731, 1.6461623907089233, 1.6213481426239014, 1.6209887266159058, 1.7097456455230713, 1.791117548942566, 1.8421965837478638, 1.9317944049835205, 1.9775893688201904, 1.951493740081787, 1.9703240394592285, 1.9769648313522339, 1.9006943702697754, 1.8443546295166016, 1.8877819776535034]","[0.8469374775886536, 1.2210773229599, 1.0324528217315674, 0.8279770612716675, 1.017653465270996, 0.9818447828292847, 0.7257548570632935, 0.6755585074424744, 0.6889432668685913, 0.7293731570243835, 0.807534396648407, 0.8483185768127441, 0.8682976961135864, 0.7193231582641602, 0.5601055026054382, 0.8060377240180969, 0.7661060690879822]","[-0.969801127910614, -0.7686486840248108, -0.7298377156257629, -0.8112612962722778, -0.8220857381820679, -0.8001090884208679, -0.7448223829269409, -0.7403221726417542, -0.9411179423332214, -1.2582662105560303, -1.5511516332626343, -1.7286447286605835, -1.7326456308364868, -1.800688624382019, -1.8548014163970947, -1.7597578763961792, -1.8357640504837036]","[1.1713587045669556, 1.1109092235565186, 1.062750220298767, 1.0177676677703857, 0.9925102591514587, 0.9996401071548462, 0.9720339775085449, 0.9506946802139282, 1.0082483291625977, 1.0899919271469116, 1.087480902671814, 1.0033169984817505, 0.8990604281425476, 0.7866700291633606, 0.6894629597663879, 0.6153877377510071, 0.5852864384651184]","[1.6764488220214844, 1.4088826179504395, 1.176862359046936, 1.095777153968811, 0.9513859748840332, 0.7499769926071167, 0.5600377321243286, 0.5341346859931946, 0.7019035816192627, 0.7902939915657043, 0.7991857528686523, 0.794319748878479, 0.6368029713630676, 0.5295200347900391, 0.5708341598510742, 0.4108809232711792, 0.23602667450904846]","[-1.2534886598587036, -1.2824970483779907, -1.1690856218338013, -1.0677860975265503, -1.1227103471755981, -0.991356611251831, -0.7825902104377747, -0.7703467607498169, -0.8113384246826172, -0.776404857635498, -0.6500000953674316, -0.546227753162384, -0.537428617477417, -0.46295347809791565, -0.4133288264274597, -0.5376855731010437, -0.5278211236000061]","[-2.1206512451171875, -1.946147084236145, -1.9940003156661987, -2.056131601333618, -1.9120709896087646, -1.7708710432052612, -1.6397641897201538, -1.4977829456329346, -1.481049656867981, -1.466011643409729, -1.339050531387329, -1.2192037105560303, -1.1436233520507812, -1.1251580715179443, -1.114610195159912, -0.9890212416648865, -1.0087542533874512]","[0.14634791016578674, 0.06080038473010063, 0.2923564910888672, 0.4775087535381317, 0.45069989562034607, 0.42157283425331116, 0.5321598052978516, 0.749945342540741, 1.0163147449493408, 1.165549397468567, 1.0588772296905518, 0.8804560303688049, 0.8824702501296997, 0.9109412431716919, 0.8103626370429993, 0.7118476033210754, 0.7312710285186768]","[0.5083798170089722, 0.79973304271698, 0.8975582122802734, 0.9762998819351196, 1.1970140933990479, 1.31126070022583, 1.113027811050415, 0.8061185479164124, 0.7305622696876526, 0.9235354661941528, 1.0894968509674072, 1.0811337232589722, 1.0311673879623413, 0.8408480882644653, 0.5698190927505493, 0.47562795877456665, 0.48564785718917847]","[-0.506674587726593, -0.5027750730514526, -0.44909441471099854, -0.36179277300834656, -0.35753461718559265, -0.38878342509269714, -0.3452553153038025, -0.41716673970222473, -0.868523359298706, -1.50318443775177, -1.800190806388855, -1.753394365310669, -1.7790484428405762, -1.7444814443588257, -1.5026047229766846, -1.3657419681549072, -1.4179085493087769]",17
6459,169,5,17,5,4,0.41448855,33.982876,2.015391,0.42792918795751267,761.51575,"[0.3213029205799103, 0.5822023153305054, 0.7621479034423828, 0.5664402842521667, 0.4529522955417633, 0.5111355185508728, 0.49287959933280945, 0.49898695945739746, 0.6383475661277771, 0.7391691207885742, 0.7292732000350952, 0.7616881132125854, 0.8506979942321777, 0.8438310623168945, 0.7611210346221924, 0.8953477740287781, 1.1645557880401611]","[-1.181575894355774, -1.340537667274475, -1.4270086288452148, -1.3101332187652588, -1.2452880144119263, -1.2641222476959229, -1.2186299562454224, -1.192483901977539, -1.3350017070770264, -1.4595476388931274, -1.4582390785217285, -1.5117855072021484, -1.5377585887908936, -1.453879714012146, -1.4285634756088257, -1.526451826095581, -1.5234564542770386]","[1.2946245670318604, 1.4984122514724731, 1.6461623907089233, 1.6213481426239014, 1.6209887266159058, 1.7097456455230713, 1.791117548942566, 1.8421965837478638, 1.9317944049835205, 1.9775893688201904, 1.951493740081787, 1.9703240394592285, 1.9769648313522339, 1.9006943702697754, 1.8443546295166016, 1.8877819776535034, 1.852847933769226]","[1.2210773229599, 1.0324528217315674, 0.8279770612716675, 1.017653465270996, 0.9818447828292847, 0.7257548570632935, 0.6755585074424744, 0.6889432668685913, 0.7293731570243835, 0.807534396648407, 0.8483185768127441, 0.8682976961135864, 0.7193231582641602, 0.5601055026054382, 0.8060377240180969, 0.7661060690879822, 0.13085635006427765]","[-0.7686486840248108, -0.7298377156257629, -0.8112612962722778, -0.8220857381820679, -0.8001090884208679, -0.7448223829269409, -0.7403221726417542, -0.9411179423332214, -1.2582662105560303, -1.5511516332626343, -1.7286447286605835, -1.7326456308364868, -1.800688624382019, -1.8548014163970947, -1.7597578763961792, -1.8357640504837036, -2.084496021270752]","[1.1109092235565186, 1.062750220298767, 1.0177676677703857, 0.9925102591514587, 0.9996401071548462, 0.9720339775085449, 0.9506946802139282, 1.0082483291625977, 1.0899919271469116, 1.087480902671814, 1.0033169984817505, 0.8990604281425476, 0.7866700291633606, 0.6894629597663879, 0.6153877377510071, 0.5852864384651184, 0.5260044932365417]","[1.4088826179504395, 1.176862359046936, 1.095777153968811, 0.9513859748840332, 0.7499769926071167, 0.5600377321243286, 0.5341346859931946, 0.7019035816192627, 0.7902939915657043, 0.7991857528686523, 0.794319748878479, 0.6368029713630676, 0.5295200347900391, 0.5708341598510742, 0.4108809232711792, 0.23602667450904846, 0.33807268738746643]","[-1.2824970483779907, -1.1690856218338013, -1.0677860975265503, -1.1227103471755981, -0.991356611251831, -0.7825902104377747, -0.7703467607498169, -0.8113384246826172, -0.776404857635498, -0.6500000953674316, -0.546227753162384, -0.537428617477417, -0.46295347809791565, -0.4133288264274597, -0.5376855731010437, -0.5278211236000061, -0.3100734055042267]","[-1.946147084236145, -1.9940003156661987, -2.056131601333618, -1.9120709896087646, -1.7708710432052612, -1.6397641897201538, -1.4977829456329346, -1.481049656867981, -1.466011643409729, -1.339050531387329, -1.2192037105560303, -1.1436233520507812, -1.1251580715179443, -1.114610195159912, -0.9890212416648865, -1.0087542533874512, -1.1725153923034668]","[0.06080038473010063, 0.2923564910888672, 0.4775087535381317, 0.45069989562034607, 0.42157283425331116, 0.5321598052978516, 0.749945342540741, 1.0163147449493408, 1.165549397468567, 1.0588772296905518, 0.8804560303688049, 0.8824702501296997, 0.9109412431716919, 0.8103626370429993, 0.7118476033210754, 0.7312710285186768, 0.7653252482414246]","[0.79973304271698, 0.8975582122802734, 0.9762998819351196, 1.1970140933990479, 1.31126070022583, 1.113027811050415, 0.8061185479164124, 0.7305622696876526, 0.9235354661941528, 1.0894968509674072, 1.0811337232589722, 1.0311673879623413, 0.8408480882644653, 0.5698190927505493, 0.47562795877456665, 0.48564785718917847, 0.35030362010002136]","[-0.5027750730514526, -0.44909441471099854, -0.36179277300834656, -0.35753461718559265, -0.38878342509269714, -0.3452553153038025, -0.41716673970222473, -0.868523359298706, -1.50318443775177, -1.800190806388855, -1.753394365310669, -1.7790484428405762, -1.7444814443588257, -1.5026047229766846, -1.3657419681549072, -1.4179085493087769, -1.2845360040664673]",17
9034,237,9,12,7,7,0.41089416,34.631165,1.5061371,0.40299733831471496,757.9572,"[-0.434040367603302, -0.5424121618270874, -0.6429455280303955, -0.7381348609924316, -0.6740292310714722, -0.49532413482666016, -0.44455280900001526, -0.4586441218852997, -0.36431628465652466, -0.2856333255767822, -0.30625736713409424, -0.3157377243041992]","[0.7894087433815002, 1.005660057067871, 1.0322080850601196, 0.7053142189979553, 0.4114969074726105, 0.2717098891735077, 0.06021751090884209, -0.0944531112909317, -0.024997632950544357, -0.09323147684335709, -0.3657255172729492, -0.3862767219543457]","[-0.7808188199996948, -0.907124400138855, -0.8982985615730286, -0.5588344931602478, -0.46921220421791077, -0.49262750148773193, -0.09451574087142944, 0.3121870160102844, 0.3634035885334015, 0.7731567621231079, 1.490038514137268, 1.494085669517517]","[0.6443452835083008, 0.5659067034721375, 0.32047683000564575, 0.4785343110561371, 0.5455551147460938, 0.41075050830841064, 0.6889135837554932, 1.0247358083724976, 0.9396737813949585, 1.0954561233520508, 1.5199360847473145, 1.2087949514389038]","[0.6983458399772644, 0.4989228844642639, 0.2762817144393921, 0.3943493366241455, 0.4355677664279938, 0.28210607171058655, 0.3435401916503906, 0.4715162217617035, 0.3579147756099701, 0.2696019411087036, 0.3356606662273407, 0.3044597804546356]","[-0.5480749607086182, -0.36500686407089233, -0.28859418630599976, -0.4269414246082306, -0.6352730989456177, -0.746814489364624, -0.7794294357299805, -0.8942826986312866, -1.0674009323120117, -1.1420637369155884, -1.1880055665969849, -1.3396961688995361]","[-0.4432099163532257, -0.04851825162768364, 0.3901056945323944, 0.5076552629470825, 0.3994061052799225, 0.2419731467962265, 0.006614179816097021, -0.19360008835792542, -0.18405432999134064, -0.15953963994979858, -0.2909562885761261, -0.3873472213745117]","[-0.41685283184051514, -0.531728208065033, -0.5676754117012024, -0.5629088282585144, -0.4879266023635864, -0.2968808114528656, -0.004128807689994574, 0.428475558757782, 0.8756853342056274, 1.1670888662338257, 1.4401625394821167, 1.7459808588027954]","[0.23624670505523682, 0.2763899564743042, 0.12427663058042526, -0.12354760617017746, -0.15951749682426453, -0.06056363880634308, 0.007633563131093979, 0.21016377210617065, 0.534453272819519, 0.6377541422843933, 0.5124944448471069, 0.525363564491272]","[-1.2230305671691895, -1.5547292232513428, -1.5519760847091675, -1.0209226608276367, -0.6238277554512024, -0.45369958877563477, -0.10400502383708954, 0.1781444251537323, 0.11480271816253662, 0.09706583619117737, 0.13434679806232452, -0.1909046620130539]","[0.7282167077064514, 0.8310606479644775, 0.7701422572135925, 0.42674508690834045, 0.16515988111495972, 0.03826969489455223, -0.2833704352378845, -0.7679965496063232, -1.15828537940979, -1.6490375995635986, -2.12524151802063, -2.209556818008423]","[-0.24981431663036346, -0.289045125246048, -0.35325416922569275, -0.5729723572731018, -0.5542812347412109, -0.35280507802963257, -0.49412983655929565, -0.8655567765235901, -1.0496952533721924, -1.2275233268737793, -1.3883790969848633, -1.1502690315246582]",12
6452,169,3,17,5,4,0.28212404,33.702824,1.7452931,0.4301271068914494,747.92163,"[0.767935037612915, 0.5082118511199951, 0.3213029205799103, 0.5822023153305054, 0.7621479034423828, 0.5664402842521667, 0.4529522955417633, 0.5111355185508728, 0.49287959933280945, 0.49898695945739746, 0.6383475661277771, 0.7391691207885742, 0.7292732000350952, 0.7616881132125854, 0.8506979942321777, 0.8438310623168945, 0.7611210346221924]","[-1.631541132926941, -1.2844619750976562, -1.181575894355774, -1.340537667274475, -1.4270086288452148, -1.3101332187652588, -1.2452880144119263, -1.2641222476959229, -1.2186299562454224, -1.192483901977539, -1.3350017070770264, -1.4595476388931274, -1.4582390785217285, -1.5117855072021484, -1.5377585887908936, -1.453879714012146, -1.4285634756088257]","[1.4677190780639648, 1.3002656698226929, 1.2946245670318604, 1.4984122514724731, 1.6461623907089233, 1.6213481426239014, 1.6209887266159058, 1.7097456455230713, 1.791117548942566, 1.8421965837478638, 1.9317944049835205, 1.9775893688201904, 1.951493740081787, 1.9703240394592285, 1.9769648313522339, 1.9006943702697754, 1.8443546295166016]","[0.699981689453125, 0.8469374775886536, 1.2210773229599, 1.0324528217315674, 0.8279770612716675, 1.017653465270996, 0.9818447828292847, 0.7257548570632935, 0.6755585074424744, 0.6889432668685913, 0.7293731570243835, 0.807534396648407, 0.8483185768127441, 0.8682976961135864, 0.7193231582641602, 0.5601055026054382, 0.8060377240180969]","[-0.9319464564323425, -0.969801127910614, -0.7686486840248108, -0.7298377156257629, -0.8112612962722778, -0.8220857381820679, -0.8001090884208679, -0.7448223829269409, -0.7403221726417542, -0.9411179423332214, -1.2582662105560303, -1.5511516332626343, -1.7286447286605835, -1.7326456308364868, -1.800688624382019, -1.8548014163970947, -1.7597578763961792]","[1.2672029733657837, 1.1713587045669556, 1.1109092235565186, 1.062750220298767, 1.0177676677703857, 0.9925102591514587, 0.9996401071548462, 0.9720339775085449, 0.9506946802139282, 1.0082483291625977, 1.0899919271469116, 1.087480902671814, 1.0033169984817505, 0.8990604281425476, 0.7866700291633606, 0.6894629597663879, 0.6153877377510071]","[1.5663264989852905, 1.6764488220214844, 1.4088826179504395, 1.176862359046936, 1.095777153968811, 0.9513859748840332, 0.7499769926071167, 0.5600377321243286, 0.5341346859931946, 0.7019035816192627, 0.7902939915657043, 0.7991857528686523, 0.794319748878479, 0.6368029713630676, 0.5295200347900391, 0.5708341598510742, 0.4108809232711792]","[-1.4372638463974, -1.2534886598587036, -1.2824970483779907, -1.1690856218338013, -1.0677860975265503, -1.1227103471755981, -0.991356611251831, -0.7825902104377747, -0.7703467607498169, -0.8113384246826172, -0.776404857635498, -0.6500000953674316, -0.546227753162384, -0.537428617477417, -0.46295347809791565, -0.4133288264274597, -0.5376855731010437]","[-2.165567398071289, -2.1206512451171875, -1.946147084236145, -1.9940003156661987, -2.056131601333618, -1.9120709896087646, -1.7708710432052612, -1.6397641897201538, -1.4977829456329346, -1.481049656867981, -1.466011643409729, -1.339050531387329, -1.2192037105560303, -1.1436233520507812, -1.1251580715179443, -1.114610195159912, -0.9890212416648865]","[0.40148666501045227, 0.14634791016578674, 0.06080038473010063, 0.2923564910888672, 0.4775087535381317, 0.45069989562034607, 0.42157283425331116, 0.5321598052978516, 0.749945342540741, 1.0163147449493408, 1.165549397468567, 1.0588772296905518, 0.8804560303688049, 0.8824702501296997, 0.9109412431716919, 0.8103626370429993, 0.7118476033210754]","[0.28060901165008545, 0.5083798170089722, 0.79973304271698, 0.8975582122802734, 0.9762998819351196, 1.1970140933990479, 1.31126070022583, 1.113027811050415, 0.8061185479164124, 0.7305622696876526, 0.9235354661941528, 1.0894968509674072, 1.0811337232589722, 1.0311673879623413, 0.8408480882644653, 0.5698190927505493, 0.47562795877456665]","[-0.6018363237380981, -0.506674587726593, -0.5027750730514526, -0.44909441471099854, -0.36179277300834656, -0.35753461718559265, -0.38878342509269714, -0.3452553153038025, -0.41716673970222473, -0.868523359298706, -1.50318443775177, -1.800190806388855, -1.753394365310669, -1.7790484428405762, -1.7444814443588257, -1.5026047229766846, -1.3657419681549072]",17
8391,220,7,17,7,7,0.36343002,33.36728,1.5850449,0.4182472295949915,735.80927,"[-1.0422999858856201, -1.0626246929168701, -0.9563320279121399, -0.8663081526756287, -0.7993946075439453, -0.7153345942497253, -0.5996475219726562, -0.4603486955165863, -0.3748297393321991, -0.44279396533966064, -0.6455025672912598, -0.7836874127388, -0.729983925819397, -0.6905801892280579, -0.8316261172294617, -0.9388839602470398, -0.6644602417945862]","[0.11999719589948654, 0.07350166141986847, -0.0058924350887537, -0.07312946766614914, -0.08211974054574966, -0.0765538290143013, -0.12270922213792801, -0.17393551766872406, -0.14465086162090302, -0.06671411544084549, -0.030936356633901596, -0.06768044084310532, -0.09120049327611923, -0.09852448105812073, -0.15546295046806335, -0.16408996284008026, -0.00019507243996486068]","[-0.19985485076904297, -0.17962490022182465, -0.16320471465587616, -0.13666178286075592, -0.142252579331398, -0.140645369887352, -0.06627658009529114, 0.024694597348570824, 0.00797757413238287, -0.07147043198347092, -0.08007638156414032, -0.022209642454981804, -0.03203176334500313, -0.032373372465372086, 0.14379313588142395, 0.26014065742492676, 0.01653357408940792]","[-0.4246309995651245, -0.44535064697265625, -0.4641733169555664, -0.3395477831363678, -0.25065186619758606, -0.2671183943748474, -0.2694547772407532, -0.26289477944374084, -0.32571589946746826, -0.3117976188659668, -0.08733359724283218, -0.015452193096280098, -0.42628082633018494, -0.6473094820976257, -0.02083311229944229, 0.5259820222854614, -0.19461482763290405]","[0.7445061802864075, 0.5854368209838867, 0.3403008282184601, 0.1423158347606659, -0.019077887758612633, -0.11760438233613968, -0.129125714302063, -0.16928401589393616, -0.32139870524406433, -0.40510934591293335, -0.23938003182411194, -0.03358006104826927, -0.07431316375732422, -0.09936390817165375, 0.252542108297348, 0.5478259325027466, 0.24411486089229584]","[0.030855270102620125, 0.03585619479417801, 0.05347910150885582, 0.05719640478491783, 0.016746357083320618, -0.06296848505735397, -0.1508622169494629, -0.2278735339641571, -0.29474103450775146, -0.4138423502445221, -0.6013519763946533, -0.7737511396408081, -0.8790174126625061, -0.9097056984901428, -0.9550395011901855, -1.0699135065078735, -1.1552517414093018]","[0.33258774876594543, 0.5204262733459473, 0.6612708568572998, 0.7743276953697205, 0.8636152744293213, 0.8664371967315674, 0.724040150642395, 0.523568332195282, 0.3988589346408844, 0.364111065864563, 0.3035643398761749, 0.15643353760242462, 0.04365590959787369, 0.008400006219744682, -0.03918137773871422, -0.003696981817483902, 0.11609725654125214]","[-0.26965466141700745, -0.20231662690639496, -0.1359875649213791, -0.13103502988815308, -0.13238170742988586, -0.06734076142311096, 0.0316302590072155, 0.13422609865665436, 0.2131749838590622, 0.24397362768650055, 0.23963364958763123, 0.3032184839248657, 0.52999347448349, 0.6534590125083923, 0.5718976259231567, 0.6354065537452698, 1.004103183746338]","[-0.5503109693527222, -0.6462633013725281, -0.7103036642074585, -0.7182833552360535, -0.6638002395629883, -0.606190025806427, -0.5596286654472351, -0.517772912979126, -0.48160940408706665, -0.4404582679271698, -0.4021594524383545, -0.36460885405540466, -0.3054472506046295, -0.22477471828460693, -0.058130037039518356, 0.20289331674575806, 0.4407666325569153]","[-0.6034947037696838, -0.5544647574424744, -0.5095188617706299, -0.4648771584033966, -0.42374327778816223, -0.35457274317741394, -0.28393203020095825, -0.29563596844673157, -0.4322041869163513, -0.6257449388504028, -0.7406546473503113, -0.7390137314796448, -0.667178213596344, -0.5277869701385498, -0.3621838688850403, -0.25371864438056946, -0.30623698234558105]","[0.1706683188676834, 0.26725733280181885, 0.3455805480480194, 0.4064270257949829, 0.43726637959480286, 0.389333575963974, 0.24313470721244812, 0.11717940121889114, 0.1747603863477707, 0.3722587525844574, 0.39410921931266785, 0.19513621926307678, -0.004622398875653744, -0.12507933378219604, -0.29635581374168396, -0.6200693249702454, -0.8524147868156433]","[-0.17249153554439545, -0.443915456533432, -0.5304928421974182, -0.5789099335670471, -0.6135990023612976, -0.6331827044487, -0.6353288292884827, -0.5417944192886353, -0.33216965198516846, -0.15725292265415192, -0.1252831071615219, -0.08615166693925858, 0.07419067621231079, 0.09539685398340225, -0.18114067614078522, -0.30758827924728394, 0.06956151127815247]",17
6456,169,2,17,5,4,0.19163704,32.882057,1.5907173,0.4064330567740877,725.68427,"[0.7435096502304077, 0.767935037612915, 0.5082118511199951, 0.3213029205799103, 0.5822023153305054, 0.7621479034423828, 0.5664402842521667, 0.4529522955417633, 0.5111355185508728, 0.49287959933280945, 0.49898695945739746, 0.6383475661277771, 0.7391691207885742, 0.7292732000350952, 0.7616881132125854, 0.8506979942321777, 0.8438310623168945]","[-1.702141284942627, -1.631541132926941, -1.2844619750976562, -1.181575894355774, -1.340537667274475, -1.4270086288452148, -1.3101332187652588, -1.2452880144119263, -1.2641222476959229, -1.2186299562454224, -1.192483901977539, -1.3350017070770264, -1.4595476388931274, -1.4582390785217285, -1.5117855072021484, -1.5377585887908936, -1.453879714012146]","[1.3823798894882202, 1.4677190780639648, 1.3002656698226929, 1.2946245670318604, 1.4984122514724731, 1.6461623907089233, 1.6213481426239014, 1.6209887266159058, 1.7097456455230713, 1.791117548942566, 1.8421965837478638, 1.9317944049835205, 1.9775893688201904, 1.951493740081787, 1.9703240394592285, 1.9769648313522339, 1.9006943702697754]","[0.8557911515235901, 0.699981689453125, 0.8469374775886536, 1.2210773229599, 1.0324528217315674, 0.8279770612716675, 1.017653465270996, 0.9818447828292847, 0.7257548570632935, 0.6755585074424744, 0.6889432668685913, 0.7293731570243835, 0.807534396648407, 0.8483185768127441, 0.8682976961135864, 0.7193231582641602, 0.5601055026054382]","[-0.9735324382781982, -0.9319464564323425, -0.969801127910614, -0.7686486840248108, -0.7298377156257629, -0.8112612962722778, -0.8220857381820679, -0.8001090884208679, -0.7448223829269409, -0.7403221726417542, -0.9411179423332214, -1.2582662105560303, -1.5511516332626343, -1.7286447286605835, -1.7326456308364868, -1.800688624382019, -1.8548014163970947]","[1.3904615640640259, 1.2672029733657837, 1.1713587045669556, 1.1109092235565186, 1.062750220298767, 1.0177676677703857, 0.9925102591514587, 0.9996401071548462, 0.9720339775085449, 0.9506946802139282, 1.0082483291625977, 1.0899919271469116, 1.087480902671814, 1.0033169984817505, 0.8990604281425476, 0.7866700291633606, 0.6894629597663879]","[1.440118670463562, 1.5663264989852905, 1.6764488220214844, 1.4088826179504395, 1.176862359046936, 1.095777153968811, 0.9513859748840332, 0.7499769926071167, 0.5600377321243286, 0.5341346859931946, 0.7019035816192627, 0.7902939915657043, 0.7991857528686523, 0.794319748878479, 0.6368029713630676, 0.5295200347900391, 0.5708341598510742]","[-1.5997825860977173, -1.4372638463974, -1.2534886598587036, -1.2824970483779907, -1.1690856218338013, -1.0677860975265503, -1.1227103471755981, -0.991356611251831, -0.7825902104377747, -0.7703467607498169, -0.8113384246826172, -0.776404857635498, -0.6500000953674316, -0.546227753162384, -0.537428617477417, -0.46295347809791565, -0.4133288264274597]","[-2.1666595935821533, -2.165567398071289, -2.1206512451171875, -1.946147084236145, -1.9940003156661987, -2.056131601333618, -1.9120709896087646, -1.7708710432052612, -1.6397641897201538, -1.4977829456329346, -1.481049656867981, -1.466011643409729, -1.339050531387329, -1.2192037105560303, -1.1436233520507812, -1.1251580715179443, -1.114610195159912]","[0.34508711099624634, 0.40148666501045227, 0.14634791016578674, 0.06080038473010063, 0.2923564910888672, 0.4775087535381317, 0.45069989562034607, 0.42157283425331116, 0.5321598052978516, 0.749945342540741, 1.0163147449493408, 1.165549397468567, 1.0588772296905518, 0.8804560303688049, 0.8824702501296997, 0.9109412431716919, 0.8103626370429993]","[0.26742610335350037, 0.28060901165008545, 0.5083798170089722, 0.79973304271698, 0.8975582122802734, 0.9762998819351196, 1.1970140933990479, 1.31126070022583, 1.113027811050415, 0.8061185479164124, 0.7305622696876526, 0.9235354661941528, 1.0894968509674072, 1.0811337232589722, 1.0311673879623413, 0.8408480882644653, 0.5698190927505493]","[-0.6153080463409424, -0.6018363237380981, -0.506674587726593, -0.5027750730514526, -0.44909441471099854, -0.36179277300834656, -0.35753461718559265, -0.38878342509269714, -0.3452553153038025, -0.41716673970222473, -0.868523359298706, -1.50318443775177, -1.800190806388855, -1.753394365310669, -1.7790484428405762, -1.7444814443588257, -1.5026047229766846]",17
5924,155,7,17,5,5,0.22510242,32.640564,1.472148,0.42816951888617294,718.38416,"[0.6646436452865601, 0.7687936425209045, 0.7797560691833496, 0.840486466884613, 1.035613775253296, 1.3078254461288452, 1.4806004762649536, 1.4200739860534668, 1.2723257541656494, 1.2385940551757812, 1.2366139888763428, 1.1516435146331787, 0.9982615113258362, 0.8935394287109375, 0.9288628101348877, 1.0092412233352661, 0.9599577188491821]","[-0.9604013562202454, -0.9285921454429626, -0.9686522483825684, -1.242308259010315, -1.3538843393325806, -1.222051739692688, -1.1541599035263062, -1.1122242212295532, -0.7975640892982483, -0.4164470136165619, -0.492275595664978, -0.9377326965332031, -1.0903913974761963, -0.9953159093856812, -1.3711843490600586, -1.9871807098388672, -1.5647506713867188]","[0.5958155989646912, 0.6771619915962219, 0.7566809058189392, 0.8926981687545776, 1.05685555934906, 1.1527148485183716, 1.1026835441589355, 0.8488766551017761, 0.4524540901184082, 0.19799286127090454, 0.28366002440452576, 0.5541443228721619, 0.688846230506897, 0.6952520608901978, 0.7623733878135681, 0.7352687120437622, 0.4839206039905548]","[1.306834101676941, 1.2552897930145264, 1.258576512336731, 1.497193694114685, 1.6226927042007446, 1.3933221101760864, 1.2501518726348877, 1.458688497543335, 1.63518488407135, 1.4639079570770264, 1.2729748487472534, 1.193233847618103, 0.9051070809364319, 0.5418360829353333, 0.5284405946731567, 0.6758019328117371, 0.5027548670768738]","[-0.20001579821109772, -0.7864684462547302, -1.251181721687317, -1.4831222295761108, -1.7541741132736206, -2.043285369873047, -2.0293054580688477, -1.749854564666748, -1.489683747291565, -1.3164088726043701, -1.1441209316253662, -1.0298230648040771, -1.2244621515274048, -1.5409189462661743, -1.5307296514511108, -1.3738473653793335, -1.7406940460205078]","[0.06236092373728752, 0.09726221859455109, 0.32092565298080444, 0.7243154644966125, 0.9155847430229187, 0.7132533192634583, 0.4123047888278961, 0.2871151268482208, 0.19464832544326782, -0.09067828208208084, -0.3973413109779358, -0.45138785243034363, -0.3559596836566925, -0.2781873941421509, -0.1617731899023056, 0.015725361183285713, -0.0024540252052247524]","[1.538879632949829, 1.9135451316833496, 1.92483389377594, 1.4322096109390259, 1.1062983274459839, 1.274243950843811, 1.455465316772461, 1.3697082996368408, 1.3196426630020142, 1.4612635374069214, 1.4281671047210693, 1.1171181201934814, 1.0645484924316406, 1.2739359140396118, 1.0246292352676392, 0.49885061383247375, 0.7517753839492798]","[-1.3359780311584473, -1.5166854858398438, -1.5976718664169312, -1.5433751344680786, -1.3511829376220703, -1.1231865882873535, -1.027855634689331, -1.017324447631836, -0.9862987995147705, -0.9356164932250977, -0.9567594528198242, -1.0185083150863647, -0.8562928438186646, -0.6665408611297607, -0.7421640753746033, -0.9384931325912476, -0.7742401957511902]","[-1.765776515007019, -1.5989091396331787, -1.4928847551345825, -1.4196301698684692, -1.2631574869155884, -1.1732205152511597, -1.2559833526611328, -1.2912437915802002, -1.0754450559616089, -0.7928277850151062, -0.7785336375236511, -0.9744216203689575, -1.0496156215667725, -1.083096981048584, -1.31423819065094, -1.4505316019058228, -1.1347875595092773]","[0.970443844795227, 1.1549071073532104, 1.177137851715088, 0.9731538891792297, 0.5982720255851746, 0.467690646648407, 0.7584235072135925, 1.0912792682647705, 1.0988177061080933, 1.0765248537063599, 1.4123411178588867, 1.8057656288146973, 1.6902709007263184, 1.4136688709259033, 1.5784803628921509, 1.671625018119812, 1.1854184865951538]","[-0.09503904730081558, -0.11212917417287827, 0.1284046173095703, 0.630062997341156, 0.9610256552696228, 0.9386175870895386, 0.9071937203407288, 1.0731604099273682, 1.0882601737976074, 0.6099138259887695, -0.040738336741924286, -0.2975320816040039, -0.24204927682876587, -0.1522914469242096, 0.06729733198881149, 0.3485288619995117, 0.31877005100250244]","[-0.05285169184207916, -0.228500097990036, -0.6211714148521423, -1.0492360591888428, -0.9578415155410767, -0.5591065883636475, -0.4865160882472992, -0.6929033398628235, -0.6456127166748047, -0.361499160528183, -0.3561655282974243, -0.6153378486633301, -0.6314678192138672, -0.5036439299583435, -0.758588969707489, -1.0022594928741455, -0.5783997774124146]",17
9953,261,0,17,8,1,0.2605443,29.834732,1.8022552,0.4122272460012988,671.37366,"[-0.03825773298740387, -0.17132849991321564, -0.14505325257778168, -0.09396381676197052, -0.055205684155225754, -0.07277835160493851, -0.03082936443388462, 0.011966902762651443, 0.06974592059850693, 0.3055143654346466, 0.5549410581588745, 0.5153670310974121, 0.34844908118247986, 0.2906288206577301, 0.288367360830307, 0.3211129605770111, 0.4078957438468933]","[0.4585925340652466, 0.2431255728006363, 0.2311699539422989, 0.04399082437157631, -0.25905346870422363, -0.21876780688762665, 0.16937124729156494, 0.37177130579948425, 0.3925286531448364, 0.33931127190589905, 0.09466618299484253, -0.031091278418898582, 0.09114177525043488, 0.12549880146980286, 0.0756727084517479, 0.041687674820423126, -0.024150267243385315]","[-0.776502251625061, -0.5056430101394653, -0.39006102085113525, -0.6884909272193909, -0.755822479724884, -0.46528276801109314, -0.3402220606803894, -0.4538853168487549, -0.5266764760017395, -0.3150653839111328, 0.11937034875154495, 0.28267571330070496, 0.1271553337574005, 0.12294366955757141, 0.2695550322532654, 0.45758554339408875, 0.6460201144218445]","[1.2504050731658936, 0.8371990919113159, 0.6475871205329895, 0.4937531054019928, 0.7144528031349182, 1.0292471647262573, 0.9632484912872314, 1.12198805809021, 1.3225133419036865, 0.9346914291381836, 0.6088688373565674, 0.6733401417732239, 0.5886018872261047, 0.6849287152290344, 0.9710155129432678, 0.8505155444145203, 0.8189359903335571]","[0.6914311051368713, 0.7575023770332336, 0.805814266204834, 0.5681363940238953, 0.8724088668823242, 1.3772590160369873, 1.1984705924987793, 1.0117337703704834, 1.1018685102462769, 1.2151001691818237, 1.6112163066864014, 1.8918828964233398, 1.64348566532135, 1.4886384010314941, 1.4848731756210327, 1.2079888582229614, 1.140889048576355]","[2.111572265625, 2.1154117584228516, 2.0991756916046143, 1.9354387521743774, 1.6485562324523926, 1.5073788166046143, 1.5957653522491455, 1.5828763246536255, 1.3268097639083862, 1.1665223836898804, 1.2047113180160522, 1.234444260597229, 1.1785961389541626, 1.0830345153808594, 0.9127233028411865, 0.7066113352775574, 0.5829900503158569]","[-0.6510141491889954, -0.4682883620262146, -0.5192150473594666, -0.30165496468544006, -0.24438482522964478, -0.47926223278045654, -0.7060037851333618, -0.973831832408905, -1.250307559967041, -1.2998247146606445, -1.248145580291748, -1.1359553337097168, -0.9049274325370789, -0.7658131122589111, -0.6626431345939636, -0.4901859760284424, -0.47010061144828796]","[-0.004623977467417717, 0.33482104539871216, 0.9333469271659851, 0.7028671503067017, 0.45167237520217896, 0.43139490485191345, 0.41865062713623047, 0.2464239001274109, 0.15847225487232208, 0.3574056923389435, 0.7052353024482727, 0.8893173933029175, 0.9269442558288574, 0.9943925142288208, 1.070152997970581, 1.15603768825531, 1.2386420965194702]","[0.5081656575202942, 0.3717007040977478, 0.02828735113143921, -0.09405992180109024, -0.4049835801124573, -0.5979322195053101, -0.11317764222621918, 0.3326730728149414, 0.3302012085914612, 0.24018844962120056, 0.04476838558912277, -0.07214633375406265, 0.12136100232601166, 0.11614514142274857, -0.09486043453216553, -0.05550810322165489, -0.12999120354652405]","[-1.6011422872543335, -1.3197455406188965, -1.0882718563079834, -1.1669708490371704, -0.950772225856781, -0.711997389793396, -1.035820722579956, -1.0928258895874023, -0.7245250344276428, -0.542454719543457, -0.26525023579597473, 0.04752933979034424, 0.012863987125456333, 0.16900703310966492, 0.49089187383651733, 0.3510645925998688, 0.19621862471103668]","[0.46270719170570374, 0.22310858964920044, 0.33628788590431213, 0.7412647008895874, 1.1884926557540894, 1.317837119102478, 1.1394462585449219, 1.0047539472579956, 0.9536688923835754, 0.8730279207229614, 0.8404108285903931, 0.795693039894104, 0.6184369325637817, 0.4572864770889282, 0.27308523654937744, -0.06283766776323318, -0.1648937314748764]","[1.1761387586593628, 0.7092058062553406, -0.28060832619667053, -0.12619036436080933, 0.05438334122300148, -0.14947590231895447, 0.20738449692726135, 0.259622722864151, -0.22810225188732147, -0.5065887570381165, -0.9620523452758789, -1.3836309909820557, -1.2724435329437256, -1.4220768213272095, -1.7401320934295654, -1.5361275672912598, -1.390042781829834]",17
9948,261,1,17,8,1,0.17353964,28.729694,1.7296586,0.40344021127011653,646.65564,"[-0.17132849991321564, -0.14505325257778168, -0.09396381676197052, -0.055205684155225754, -0.07277835160493851, -0.03082936443388462, 0.011966902762651443, 0.06974592059850693, 0.3055143654346466, 0.5549410581588745, 0.5153670310974121, 0.34844908118247986, 0.2906288206577301, 0.288367360830307, 0.3211129605770111, 0.4078957438468933, 0.3716714382171631]","[0.2431255728006363, 0.2311699539422989, 0.04399082437157631, -0.25905346870422363, -0.21876780688762665, 0.16937124729156494, 0.37177130579948425, 0.3925286531448364, 0.33931127190589905, 0.09466618299484253, -0.031091278418898582, 0.09114177525043488, 0.12549880146980286, 0.0756727084517479, 0.041687674820423126, -0.024150267243385315, 0.24172061681747437]","[-0.5056430101394653, -0.39006102085113525, -0.6884909272193909, -0.755822479724884, -0.46528276801109314, -0.3402220606803894, -0.4538853168487549, -0.5266764760017395, -0.3150653839111328, 0.11937034875154495, 0.28267571330070496, 0.1271553337574005, 0.12294366955757141, 0.2695550322532654, 0.45758554339408875, 0.6460201144218445, 0.23464065790176392]","[0.8371990919113159, 0.6475871205329895, 0.4937531054019928, 0.7144528031349182, 1.0292471647262573, 0.9632484912872314, 1.12198805809021, 1.3225133419036865, 0.9346914291381836, 0.6088688373565674, 0.6733401417732239, 0.5886018872261047, 0.6849287152290344, 0.9710155129432678, 0.8505155444145203, 0.8189359903335571, 1.1723484992980957]","[0.7575023770332336, 0.805814266204834, 0.5681363940238953, 0.8724088668823242, 1.3772590160369873, 1.1984705924987793, 1.0117337703704834, 1.1018685102462769, 1.2151001691818237, 1.6112163066864014, 1.8918828964233398, 1.64348566532135, 1.4886384010314941, 1.4848731756210327, 1.2079888582229614, 1.140889048576355, 1.1252241134643555]","[2.1154117584228516, 2.0991756916046143, 1.9354387521743774, 1.6485562324523926, 1.5073788166046143, 1.5957653522491455, 1.5828763246536255, 1.3268097639083862, 1.1665223836898804, 1.2047113180160522, 1.234444260597229, 1.1785961389541626, 1.0830345153808594, 0.9127233028411865, 0.7066113352775574, 0.5829900503158569, 0.4884019196033478]","[-0.4682883620262146, -0.5192150473594666, -0.30165496468544006, -0.24438482522964478, -0.47926223278045654, -0.7060037851333618, -0.973831832408905, -1.250307559967041, -1.2998247146606445, -1.248145580291748, -1.1359553337097168, -0.9049274325370789, -0.7658131122589111, -0.6626431345939636, -0.4901859760284424, -0.47010061144828796, -0.35391223430633545]","[0.33482104539871216, 0.9333469271659851, 0.7028671503067017, 0.45167237520217896, 0.43139490485191345, 0.41865062713623047, 0.2464239001274109, 0.15847225487232208, 0.3574056923389435, 0.7052353024482727, 0.8893173933029175, 0.9269442558288574, 0.9943925142288208, 1.070152997970581, 1.15603768825531, 1.2386420965194702, 1.0248957872390747]","[0.3717007040977478, 0.02828735113143921, -0.09405992180109024, -0.4049835801124573, -0.5979322195053101, -0.11317764222621918, 0.3326730728149414, 0.3302012085914612, 0.24018844962120056, 0.04476838558912277, -0.07214633375406265, 0.12136100232601166, 0.11614514142274857, -0.09486043453216553, -0.05550810322165489, -0.12999120354652405, -0.2800193727016449]","[-1.3197455406188965, -1.0882718563079834, -1.1669708490371704, -0.950772225856781, -0.711997389793396, -1.035820722579956, -1.0928258895874023, -0.7245250344276428, -0.542454719543457, -0.26525023579597473, 0.04752933979034424, 0.012863987125456333, 0.16900703310966492, 0.49089187383651733, 0.3510645925998688, 0.19621862471103668, 0.1306326538324356]","[0.22310858964920044, 0.33628788590431213, 0.7412647008895874, 1.1884926557540894, 1.317837119102478, 1.1394462585449219, 1.0047539472579956, 0.9536688923835754, 0.8730279207229614, 0.8404108285903931, 0.795693039894104, 0.6184369325637817, 0.4572864770889282, 0.27308523654937744, -0.06283766776323318, -0.1648937314748764, 0.05947352200746536]","[0.7092058062553406, -0.28060832619667053, -0.12619036436080933, 0.05438334122300148, -0.14947590231895447, 0.20738449692726135, 0.259622722864151, -0.22810225188732147, -0.5065887570381165, -0.9620523452758789, -1.3836309909820557, -1.2724435329437256, -1.4220768213272095, -1.7401320934295654, -1.5361275672912598, -1.390042781829834, -1.250882625579834]",17
10068,264,1,17,8,1,0.099193096,26.27392,1.4795318,0.40022803802585294,589.87573,"[-0.007385974749922752, -0.2624647617340088, -0.34429606795310974, -0.204385906457901, 0.07337638735771179, 0.5291110277175903, 0.9973117709159851, 1.175536870956421, 1.132140040397644, 1.0846836566925049, 1.008316993713379, 0.9217079877853394, 0.9801309704780579, 1.1562460660934448, 1.269412636756897, 1.2937949895858765, 1.234650731086731]","[-0.5589545369148254, -1.0182422399520874, -1.135502576828003, -0.8169143199920654, -0.7041679620742798, -0.7556543946266174, -0.6703428030014038, -0.5357950329780579, -0.5482633113861084, -0.5663990378379822, -0.4678466022014618, -0.3641550838947296, -0.4288364052772522, -0.6947450041770935, -0.9686331152915955, -1.0147143602371216, -0.8828188180923462]","[-0.7711119651794434, -0.7868890762329102, -0.8189924955368042, -0.9097151756286621, -0.7428606152534485, -0.35236644744873047, -0.12195423990488052, -0.1043650209903717, -0.01508273370563984, 0.21578042209148407, 0.3948853313922882, 0.4044792652130127, 0.38064131140708923, 0.49088141322135925, 0.6257273554801941, 0.5979402661323547, 0.5355459451675415]","[1.9512341022491455, 1.812611699104309, 1.6786342859268188, 1.572322130203247, 1.515590786933899, 1.429890513420105, 1.2957404851913452, 1.3538014888763428, 1.484545350074768, 1.3389099836349487, 1.1354535818099976, 1.1026991605758667, 1.0950093269348145, 0.9948963522911072, 0.9214817881584167, 0.8394508361816406, 0.7412768006324768]","[0.13573269546031952, 0.6245317459106445, 0.8364996314048767, 0.45400312542915344, 0.34153419733047485, 0.7989276647567749, 1.2831658124923706, 1.5002493858337402, 1.5117748975753784, 1.387573003768921, 1.2243378162384033, 1.1132525205612183, 1.0562444925308228, 1.1029688119888306, 1.1300220489501953, 0.9094935655593872, 0.7601431012153625]","[1.4350422620773315, 1.5159473419189453, 1.6900057792663574, 1.8175996541976929, 1.7383170127868652, 1.4180538654327393, 1.0035789012908936, 0.762171745300293, 0.7746501564979553, 0.804321825504303, 0.7434948682785034, 0.6487939357757568, 0.5622432827949524, 0.5293962359428406, 0.5748984813690186, 0.5820350050926208, 0.4765351116657257]","[-0.6189568042755127, -0.7827351689338684, -0.8044764995574951, -0.8384732007980347, -0.9521676301956177, -1.026309609413147, -1.0309025049209595, -1.1796280145645142, -1.376547932624817, -1.2762178182601929, -0.9404147267341614, -0.7205748558044434, -0.6827925443649292, -0.6566788554191589, -0.5606886148452759, -0.4646930992603302, -0.48022687435150146]","[-0.4250037968158722, -0.029573263600468636, 0.04482383653521538, 0.18002112209796906, 0.4061123728752136, 0.6555574536323547, 0.7988866567611694, 0.8413510322570801, 0.7644366025924683, 0.6469513773918152, 0.6051211953163147, 0.7471582889556885, 1.0609257221221924, 1.3800195455551147, 1.5734658241271973, 1.6655009984970093, 1.6854679584503174]","[-0.11022178828716278, -0.6871253848075867, -0.989369809627533, -0.9276758432388306, -0.8282329440116882, -0.7594192028045654, -0.6198411583900452, -0.4762952923774719, -0.44463372230529785, -0.48292553424835205, -0.5649817585945129, -0.6424933671951294, -0.5840727686882019, -0.46815621852874756, -0.43067052960395813, -0.37259337306022644, -0.3084696829319]","[-0.9011988043785095, -0.7558011412620544, -0.563896656036377, -0.5861482620239258, -0.612785279750824, -0.4526948034763336, -0.17941288650035858, 0.18454618752002716, 0.6266936659812927, 0.9917991161346436, 1.123711109161377, 1.009528398513794, 0.7975930571556091, 0.692570149898529, 0.7183458805084229, 0.6568019390106201, 0.48058363795280457]","[0.1386794000864029, 0.4338196814060211, 0.9132887721061707, 1.3338093757629395, 1.5880820751190186, 1.6119662523269653, 1.4613568782806396, 1.321853518486023, 1.2737549543380737, 1.3001878261566162, 1.3994357585906982, 1.518082618713379, 1.5279630422592163, 1.3823658227920532, 1.125893473625183, 0.7725062370300293, 0.40566691756248474]","[0.7914193272590637, 0.05530789867043495, -0.1419038027524948, 0.3045106530189514, 0.32069864869117737, -0.06043030694127083, -0.4753001928329468, -1.129895806312561, -1.9018323421478271, -2.105466604232788, -1.9283639192581177, -1.7478837966918945, -1.5802699327468872, -1.5759038925170898, -1.8235280513763428, -1.9139173030853271, -1.7079036235809326]",17
10067,264,0,17,8,1,0.27895355,26.10843,1.6928988,0.33601551809363617,589.7564,"[0.4199228882789612, -0.007385974749922752, -0.2624647617340088, -0.34429606795310974, -0.204385906457901, 0.07337638735771179, 0.5291110277175903, 0.9973117709159851, 1.175536870956421, 1.132140040397644, 1.0846836566925049, 1.008316993713379, 0.9217079877853394, 0.9801309704780579, 1.1562460660934448, 1.269412636756897, 1.2937949895858765]","[-0.2736583352088928, -0.5589545369148254, -1.0182422399520874, -1.135502576828003, -0.8169143199920654, -0.7041679620742798, -0.7556543946266174, -0.6703428030014038, -0.5357950329780579, -0.5482633113861084, -0.5663990378379822, -0.4678466022014618, -0.3641550838947296, -0.4288364052772522, -0.6947450041770935, -0.9686331152915955, -1.0147143602371216]","[-0.6171339750289917, -0.7711119651794434, -0.7868890762329102, -0.8189924955368042, -0.9097151756286621, -0.7428606152534485, -0.35236644744873047, -0.12195423990488052, -0.1043650209903717, -0.01508273370563984, 0.21578042209148407, 0.3948853313922882, 0.4044792652130127, 0.38064131140708923, 0.49088141322135925, 0.6257273554801941, 0.5979402661323547]","[1.9411529302597046, 1.9512341022491455, 1.812611699104309, 1.6786342859268188, 1.572322130203247, 1.515590786933899, 1.429890513420105, 1.2957404851913452, 1.3538014888763428, 1.484545350074768, 1.3389099836349487, 1.1354535818099976, 1.1026991605758667, 1.0950093269348145, 0.9948963522911072, 0.9214817881584167, 0.8394508361816406]","[0.04027076065540314, 0.13573269546031952, 0.6245317459106445, 0.8364996314048767, 0.45400312542915344, 0.34153419733047485, 0.7989276647567749, 1.2831658124923706, 1.5002493858337402, 1.5117748975753784, 1.387573003768921, 1.2243378162384033, 1.1132525205612183, 1.0562444925308228, 1.1029688119888306, 1.1300220489501953, 0.9094935655593872]","[1.3588919639587402, 1.4350422620773315, 1.5159473419189453, 1.6900057792663574, 1.8175996541976929, 1.7383170127868652, 1.4180538654327393, 1.0035789012908936, 0.762171745300293, 0.7746501564979553, 0.804321825504303, 0.7434948682785034, 0.6487939357757568, 0.5622432827949524, 0.5293962359428406, 0.5748984813690186, 0.5820350050926208]","[-0.5670973658561707, -0.6189568042755127, -0.7827351689338684, -0.8044764995574951, -0.8384732007980347, -0.9521676301956177, -1.026309609413147, -1.0309025049209595, -1.1796280145645142, -1.376547932624817, -1.2762178182601929, -0.9404147267341614, -0.7205748558044434, -0.6827925443649292, -0.6566788554191589, -0.5606886148452759, -0.4646930992603302]","[-0.5351450443267822, -0.4250037968158722, -0.029573263600468636, 0.04482383653521538, 0.18002112209796906, 0.4061123728752136, 0.6555574536323547, 0.7988866567611694, 0.8413510322570801, 0.7644366025924683, 0.6469513773918152, 0.6051211953163147, 0.7471582889556885, 1.0609257221221924, 1.3800195455551147, 1.5734658241271973, 1.6655009984970093]","[0.11315754055976868, -0.11022178828716278, -0.6871253848075867, -0.989369809627533, -0.9276758432388306, -0.8282329440116882, -0.7594192028045654, -0.6198411583900452, -0.4762952923774719, -0.44463372230529785, -0.48292553424835205, -0.5649817585945129, -0.6424933671951294, -0.5840727686882019, -0.46815621852874756, -0.43067052960395813, -0.37259337306022644]","[-0.9065256118774414, -0.9011988043785095, -0.7558011412620544, -0.563896656036377, -0.5861482620239258, -0.612785279750824, -0.4526948034763336, -0.17941288650035858, 0.18454618752002716, 0.6266936659812927, 0.9917991161346436, 1.123711109161377, 1.009528398513794, 0.7975930571556091, 0.692570149898529, 0.7183458805084229, 0.6568019390106201]","[0.18501318991184235, 0.1386794000864029, 0.4338196814060211, 0.9132887721061707, 1.3338093757629395, 1.5880820751190186, 1.6119662523269653, 1.4613568782806396, 1.321853518486023, 1.2737549543380737, 1.3001878261566162, 1.3994357585906982, 1.518082618713379, 1.5279630422592163, 1.3823658227920532, 1.125893473625183, 0.7725062370300293]","[1.0584161281585693, 0.7914193272590637, 0.05530789867043495, -0.1419038027524948, 0.3045106530189514, 0.32069864869117737, -0.06043030694127083, -0.4753001928329468, -1.129895806312561, -1.9018323421478271, -2.105466604232788, -1.9283639192581177, -1.7478837966918945, -1.5802699327468872, -1.5759038925170898, -1.8235280513763428, -1.9139173030853271]",17
10055,264,1,12,8,1,0.3411255,26.486433,1.3425231,0.3286654265604456,586.4376,"[-0.007385974749922752, -0.2624647617340088, -0.34429606795310974, -0.204385906457901, 0.07337638735771179, 0.5291110277175903, 0.9973117709159851, 1.175536870956421, 1.132140040397644, 1.0846836566925049, 1.008316993713379, 0.9217079877853394]","[-0.5589545369148254, -1.0182422399520874, -1.135502576828003, -0.8169143199920654, -0.7041679620742798, -0.7556543946266174, -0.6703428030014038, -0.5357950329780579, -0.5482633113861084, -0.5663990378379822, -0.4678466022014618, -0.3641550838947296]","[-0.7711119651794434, -0.7868890762329102, -0.8189924955368042, -0.9097151756286621, -0.7428606152534485, -0.35236644744873047, -0.12195423990488052, -0.1043650209903717, -0.01508273370563984, 0.21578042209148407, 0.3948853313922882, 0.4044792652130127]","[1.9512341022491455, 1.812611699104309, 1.6786342859268188, 1.572322130203247, 1.515590786933899, 1.429890513420105, 1.2957404851913452, 1.3538014888763428, 1.484545350074768, 1.3389099836349487, 1.1354535818099976, 1.1026991605758667]","[0.13573269546031952, 0.6245317459106445, 0.8364996314048767, 0.45400312542915344, 0.34153419733047485, 0.7989276647567749, 1.2831658124923706, 1.5002493858337402, 1.5117748975753784, 1.387573003768921, 1.2243378162384033, 1.1132525205612183]","[1.4350422620773315, 1.5159473419189453, 1.6900057792663574, 1.8175996541976929, 1.7383170127868652, 1.4180538654327393, 1.0035789012908936, 0.762171745300293, 0.7746501564979553, 0.804321825504303, 0.7434948682785034, 0.6487939357757568]","[-0.6189568042755127, -0.7827351689338684, -0.8044764995574951, -0.8384732007980347, -0.9521676301956177, -1.026309609413147, -1.0309025049209595, -1.1796280145645142, -1.376547932624817, -1.2762178182601929, -0.9404147267341614, -0.7205748558044434]","[-0.4250037968158722, -0.029573263600468636, 0.04482383653521538, 0.18002112209796906, 0.4061123728752136, 0.6555574536323547, 0.7988866567611694, 0.8413510322570801, 0.7644366025924683, 0.6469513773918152, 0.6051211953163147, 0.7471582889556885]","[-0.11022178828716278, -0.6871253848075867, -0.989369809627533, -0.9276758432388306, -0.8282329440116882, -0.7594192028045654, -0.6198411583900452, -0.4762952923774719, -0.44463372230529785, -0.48292553424835205, -0.5649817585945129, -0.6424933671951294]","[-0.9011988043785095, -0.7558011412620544, -0.563896656036377, -0.5861482620239258, -0.612785279750824, -0.4526948034763336, -0.17941288650035858, 0.18454618752002716, 0.6266936659812927, 0.9917991161346436, 1.123711109161377, 1.009528398513794]","[0.1386794000864029, 0.4338196814060211, 0.9132887721061707, 1.3338093757629395, 1.5880820751190186, 1.6119662523269653, 1.4613568782806396, 1.321853518486023, 1.2737549543380737, 1.3001878261566162, 1.3994357585906982, 1.518082618713379]","[0.7914193272590637, 0.05530789867043495, -0.1419038027524948, 0.3045106530189514, 0.32069864869117737, -0.06043030694127083, -0.4753001928329468, -1.129895806312561, -1.9018323421478271, -2.105466604232788, -1.9283639192581177, -1.7478837966918945]",12
338,8,2,17,0,0,0.26061916,24.455416,1.6628442,0.3661680214789893,557.30206,"[1.2490745782852173, 1.129043459892273, 1.4820233583450317, 1.6218618154525757, 1.778369665145874, 1.3182525634765625, 1.0582815408706665, 1.1594196557998657, 1.2249741554260254, 1.5060404539108276, 1.48093581199646, 1.5151102542877197, 1.2407824993133545, 1.0565943717956543, 1.2785998582839966, 1.4782809019088745, 1.5752060413360596]","[0.6758701801300049, 0.7904505729675293, -0.007024107966572046, -0.30005335807800293, -0.4253714978694916, -0.08836014568805695, 0.021445756778120995, -0.06696625053882599, -0.21244284510612488, -0.50401771068573, -0.3840162456035614, -0.33387961983680725, -0.22364743053913116, -0.16588856279850006, -0.41223764419555664, -0.7293519973754883, -0.6463686227798462]","[0.2656983733177185, -0.027483278885483742, 0.5104143023490906, 0.47878047823905945, 0.7457643151283264, 0.5506885647773743, 0.4507104158401489, 1.038541555404663, 1.1227641105651855, 1.0859168767929077, 1.0998198986053467, 0.8602166175842285, 0.7180350422859192, 0.926049530506134, 1.1680911779403687, 1.4542838335037231, 1.1187810897827148]","[1.106644630432129, 1.085479974746704, 1.0486418008804321, 1.4577645063400269, 1.531739354133606, 1.8426467180252075, 2.10257887840271, 2.2506372928619385, 2.492492437362671, 2.470794439315796, 2.2047457695007324, 2.103602170944214, 2.495504856109619, 2.3829686641693115, 1.9784338474273682, 1.7128651142120361, 1.7384223937988281]","[-1.5883464813232422, -1.435234546661377, -0.8759717345237732, -0.773894727230072, -0.25597694516181946, -0.4699792265892029, -0.42972639203071594, -0.21873155236244202, 0.06699051707983017, 0.005775591358542442, -0.07829553633928299, -0.09080353379249573, -0.2768442928791046, -0.15331776440143585, -0.15214107930660248, 0.03031971864402294, -0.1873912662267685]","[2.500854730606079, 2.3985941410064697, 2.5045828819274902, 2.7930305004119873, 2.931276559829712, 2.9030256271362305, 2.3403937816619873, 1.5257411003112793, 1.523271083831787, 1.725010871887207, 1.7054789066314697, 1.798147439956665, 1.6083452701568604, 1.3567101955413818, 1.1357247829437256, 0.9307559728622437, 0.955546498298645]","[0.1503828912973404, 0.07894153147935867, -0.4850684106349945, -1.0694384574890137, -1.195198655128479, -1.090801477432251, -1.0047835111618042, -1.472914695739746, -1.7772196531295776, -1.172431230545044, -1.1005138158798218, -1.310551643371582, -1.5203347206115723, -1.3671271800994873, -1.018822431564331, -1.046258568763733, -0.7781475186347961]","[-0.1964939385652542, -0.16409757733345032, 0.029929544776678085, -0.3045597970485687, -1.2651431560516357, -1.239497184753418, -0.9587385058403015, -0.6499737501144409, -0.5703097581863403, -0.8344162702560425, -0.6688043475151062, 0.06184876710176468, 0.6706330180168152, 0.8979216814041138, 1.0959886312484741, 1.2351667881011963, 1.174371600151062]","[0.5070059299468994, 0.6388748288154602, 0.6320461630821228, 0.9491130113601685, 0.742245078086853, 0.5507122874259949, 0.4004666209220886, 0.5121667981147766, 0.40899914503097534, 0.22964181005954742, 0.23296232521533966, 0.2213703989982605, 0.5166611075401306, 0.4034760892391205, 0.13609051704406738, -0.049497898668050766, -0.1531173139810562]","[-2.2623555660247803, -2.699777364730835, -2.5600223541259766, -1.9079118967056274, -1.078808307647705, -0.9296407103538513, -1.2919318675994873, -0.7364455461502075, -0.22902560234069824, 0.1629440188407898, 0.07444050908088684, -0.6464080214500427, -0.9446451663970947, -1.0621094703674316, -1.1384872198104858, -1.2763980627059937, -1.2969045639038086]","[0.3571315407752991, 0.06837031990289688, -0.19455274939537048, -0.7516513466835022, -0.4838467240333557, -0.31185978651046753, -0.16383403539657593, 0.26975518465042114, 0.9517889022827148, 1.1087923049926758, 1.3919914960861206, 2.0029003620147705, 1.7172013521194458, 1.7987016439437866, 2.1532623767852783, 2.1890292167663574, 2.107976198196411]","[1.2832465171813965, 1.5420870780944824, 1.260798454284668, 0.880317747592926, 0.3920333981513977, 0.32727038860321045, 0.35566404461860657, -0.6454393863677979, -1.3358501195907593, -1.0218549966812134, -1.0106027126312256, -0.8867523074150085, -0.988050103187561, -1.2420488595962524, -1.2453060150146484, -1.3311563730239868, -1.176838994026184]",17
1059,27,7,17,0,0,0.046321392,24.324907,1.4457107,0.3615431569261187,547.9466,"[1.45486319065094, 1.080935001373291, 0.7214340567588806, 0.8105335235595703, 1.1599509716033936, 1.3664684295654297, 1.4009395837783813, 1.386106252670288, 1.3985199928283691, 1.51322340965271, 1.6521624326705933, 1.6582800149917603, 1.4776103496551514, 1.260801076889038, 1.1109739542007446, 0.9586775898933411, 0.8245587348937988]","[0.6193863749504089, 0.6493497490882874, 0.7065662741661072, 0.6581611633300781, 0.5830951929092407, 0.6442016363143921, 0.7794792056083679, 0.8850555419921875, 0.8845847249031067, 0.7132959961891174, 0.5395579934120178, 0.46601244807243347, 0.3589467704296112, 0.2947289049625397, 0.2544969618320465, -0.029820378869771957, -0.08985412865877151]","[1.5206042528152466, 1.498718500137329, 1.2861286401748657, 1.220146656036377, 1.147732138633728, 0.8044373989105225, 0.5137662887573242, 0.5055389404296875, 0.5847561955451965, 0.6442716717720032, 0.655836284160614, 0.6389492154121399, 0.7327017188072205, 0.8820115923881531, 0.7699171900749207, 0.4733043909072876, 0.5103665590286255]","[-0.684063732624054, -0.22356157004833221, 0.24356527626514435, 0.19590789079666138, 0.017506729811429977, 0.08985898643732071, 0.22310855984687805, 0.08445582538843155, -0.17602525651454926, -0.2518308758735657, -0.24227945506572723, -0.07060128450393677, 0.31090351939201355, 0.21216152608394623, -0.19377604126930237, 0.32789215445518494, 0.7579128742218018]","[1.0408318042755127, 0.9134303331375122, 0.8971929550170898, 0.9081121683120728, 0.9150006175041199, 0.8745996356010437, 0.7095821499824524, 0.5728941559791565, 0.6625539064407349, 0.6920319199562073, 0.2676151692867279, -0.27185648679733276, -0.23481246829032898, 0.1771639883518219, 0.2973516285419464, 0.1877073347568512, 0.1881190836429596]","[-0.07199075073003769, -0.07836008816957474, -0.39252784848213196, -0.5470209717750549, -0.21685568988323212, 0.2688441276550293, 0.5334958434104919, 0.46648338437080383, 0.4194594919681549, 0.7285593748092651, 1.0088876485824585, 1.0934175252914429, 1.2775546312332153, 1.2134555578231812, 0.6697771549224854, 0.6402609348297119, 0.9402441382408142]","[-1.79848313331604, -1.472562313079834, -1.3551069498062134, -1.5051993131637573, -1.6594873666763306, -1.4815270900726318, -0.9073429703712463, -0.35357779264450073, -0.2710001766681671, -0.5314781665802002, -0.6892669796943665, -0.7253275513648987, -0.7989957332611084, -0.7844966053962708, -0.7857596278190613, -0.9979680180549622, -1.1725157499313354]","[1.687604308128357, 1.5772756338119507, 1.584134578704834, 1.8444803953170776, 1.9279298782348633, 1.6939618587493896, 1.3401161432266235, 1.2592307329177856, 1.3933221101760864, 1.2474665641784668, 1.031187653541565, 1.0139564275741577, 0.9349603056907654, 1.1409358978271484, 1.604772686958313, 1.1972569227218628, 0.6638971567153931]","[-0.4723183214664459, -0.4306086301803589, -0.22243493795394897, -0.15978039801120758, -0.211215540766716, -0.2756839096546173, -0.4578116834163666, -0.7342126965522766, -0.8422444462776184, -0.6739673018455505, -0.3697737455368042, -0.12708298861980438, -0.17791646718978882, -0.5245361328125, -0.6790070533752441, -0.39535725116729736, -0.1692986935377121]","[-0.10507932305335999, -0.1023285761475563, -0.07891540974378586, -0.21237538754940033, -0.4486893117427826, -0.6483744978904724, -0.9143630862236023, -1.1131489276885986, -1.0789403915405273, -1.0905083417892456, -1.181260347366333, -1.3353164196014404, -1.7921700477600098, -2.0594568252563477, -1.6112431287765503, -1.0552908182144165, -1.16962730884552]","[0.8432499170303345, 1.1037920713424683, 0.9575231671333313, 0.840631365776062, 0.9186239838600159, 0.9633626937866211, 0.93562251329422, 0.8706251978874207, 0.7307171821594238, 0.6432082653045654, 0.6968268156051636, 1.0591167211532593, 1.7387018203735352, 2.117281913757324, 2.0172364711761475, 2.0624029636383057, 2.114163398742676]","[-1.5589264631271362, -1.3951475620269775, -1.1643790006637573, -1.2104755640029907, -1.400156855583191, -1.2364790439605713, -0.5661969184875488, 0.03796461597084999, 0.21270033717155457, 0.27021703124046326, 0.25113025307655334, 0.21362243592739105, 0.5837277770042419, 0.9305594563484192, 0.5766409039497375, 0.2106194794178009, 0.3682486414909363]",17
1058,27,6,17,0,0,0.080871105,23.25689,1.4282184,0.3546959596124537,525.7191,"[1.4516026973724365, 1.45486319065094, 1.080935001373291, 0.7214340567588806, 0.8105335235595703, 1.1599509716033936, 1.3664684295654297, 1.4009395837783813, 1.386106252670288, 1.3985199928283691, 1.51322340965271, 1.6521624326705933, 1.6582800149917603, 1.4776103496551514, 1.260801076889038, 1.1109739542007446, 0.9586775898933411]","[0.6828417181968689, 0.6193863749504089, 0.6493497490882874, 0.7065662741661072, 0.6581611633300781, 0.5830951929092407, 0.6442016363143921, 0.7794792056083679, 0.8850555419921875, 0.8845847249031067, 0.7132959961891174, 0.5395579934120178, 0.46601244807243347, 0.3589467704296112, 0.2947289049625397, 0.2544969618320465, -0.029820378869771957]","[1.2857030630111694, 1.5206042528152466, 1.498718500137329, 1.2861286401748657, 1.220146656036377, 1.147732138633728, 0.8044373989105225, 0.5137662887573242, 0.5055389404296875, 0.5847561955451965, 0.6442716717720032, 0.655836284160614, 0.6389492154121399, 0.7327017188072205, 0.8820115923881531, 0.7699171900749207, 0.4733043909072876]","[-0.598806619644165, -0.684063732624054, -0.22356157004833221, 0.24356527626514435, 0.19590789079666138, 0.017506729811429977, 0.08985898643732071, 0.22310855984687805, 0.08445582538843155, -0.17602525651454926, -0.2518308758735657, -0.24227945506572723, -0.07060128450393677, 0.31090351939201355, 0.21216152608394623, -0.19377604126930237, 0.32789215445518494]","[1.2438875436782837, 1.0408318042755127, 0.9134303331375122, 0.8971929550170898, 0.9081121683120728, 0.9150006175041199, 0.8745996356010437, 0.7095821499824524, 0.5728941559791565, 0.6625539064407349, 0.6920319199562073, 0.2676151692867279, -0.27185648679733276, -0.23481246829032898, 0.1771639883518219, 0.2973516285419464, 0.1877073347568512]","[-0.23336349427700043, -0.07199075073003769, -0.07836008816957474, -0.39252784848213196, -0.5470209717750549, -0.21685568988323212, 0.2688441276550293, 0.5334958434104919, 0.46648338437080383, 0.4194594919681549, 0.7285593748092651, 1.0088876485824585, 1.0934175252914429, 1.2775546312332153, 1.2134555578231812, 0.6697771549224854, 0.6402609348297119]","[-1.8615471124649048, -1.79848313331604, -1.472562313079834, -1.3551069498062134, -1.5051993131637573, -1.6594873666763306, -1.4815270900726318, -0.9073429703712463, -0.35357779264450073, -0.2710001766681671, -0.5314781665802002, -0.6892669796943665, -0.7253275513648987, -0.7989957332611084, -0.7844966053962708, -0.7857596278190613, -0.9979680180549622]","[1.4767996072769165, 1.687604308128357, 1.5772756338119507, 1.584134578704834, 1.8444803953170776, 1.9279298782348633, 1.6939618587493896, 1.3401161432266235, 1.2592307329177856, 1.3933221101760864, 1.2474665641784668, 1.031187653541565, 1.0139564275741577, 0.9349603056907654, 1.1409358978271484, 1.604772686958313, 1.1972569227218628]","[-0.25372326374053955, -0.4723183214664459, -0.4306086301803589, -0.22243493795394897, -0.15978039801120758, -0.211215540766716, -0.2756839096546173, -0.4578116834163666, -0.7342126965522766, -0.8422444462776184, -0.6739673018455505, -0.3697737455368042, -0.12708298861980438, -0.17791646718978882, -0.5245361328125, -0.6790070533752441, -0.39535725116729736]","[-0.17040978372097015, -0.10507932305335999, -0.1023285761475563, -0.07891540974378586, -0.21237538754940033, -0.4486893117427826, -0.6483744978904724, -0.9143630862236023, -1.1131489276885986, -1.0789403915405273, -1.0905083417892456, -1.181260347366333, -1.3353164196014404, -1.7921700477600098, -2.0594568252563477, -1.6112431287765503, -1.0552908182144165]","[0.2031896859407425, 0.8432499170303345, 1.1037920713424683, 0.9575231671333313, 0.840631365776062, 0.9186239838600159, 0.9633626937866211, 0.93562251329422, 0.8706251978874207, 0.7307171821594238, 0.6432082653045654, 0.6968268156051636, 1.0591167211532593, 1.7387018203735352, 2.117281913757324, 2.0172364711761475, 2.0624029636383057]","[-1.167854905128479, -1.5589264631271362, -1.3951475620269775, -1.1643790006637573, -1.2104755640029907, -1.400156855583191, -1.2364790439605713, -0.5661969184875488, 0.03796461597084999, 0.21270033717155457, 0.27021703124046326, 0.25113025307655334, 0.21362243592739105, 0.5837277770042419, 0.9305594563484192, 0.5766409039497375, 0.2106194794178009]",17
340,8,1,17,0,0,0.2956338,22.766972,1.5686665,0.3790380110923097,521.3513,"[1.0496717691421509, 1.2490745782852173, 1.129043459892273, 1.4820233583450317, 1.6218618154525757, 1.778369665145874, 1.3182525634765625, 1.0582815408706665, 1.1594196557998657, 1.2249741554260254, 1.5060404539108276, 1.48093581199646, 1.5151102542877197, 1.2407824993133545, 1.0565943717956543, 1.2785998582839966, 1.4782809019088745]","[0.19225090742111206, 0.6758701801300049, 0.7904505729675293, -0.007024107966572046, -0.30005335807800293, -0.4253714978694916, -0.08836014568805695, 0.021445756778120995, -0.06696625053882599, -0.21244284510612488, -0.50401771068573, -0.3840162456035614, -0.33387961983680725, -0.22364743053913116, -0.16588856279850006, -0.41223764419555664, -0.7293519973754883]","[0.3626829981803894, 0.2656983733177185, -0.027483278885483742, 0.5104143023490906, 0.47878047823905945, 0.7457643151283264, 0.5506885647773743, 0.4507104158401489, 1.038541555404663, 1.1227641105651855, 1.0859168767929077, 1.0998198986053467, 0.8602166175842285, 0.7180350422859192, 0.926049530506134, 1.1680911779403687, 1.4542838335037231]","[1.4306315183639526, 1.106644630432129, 1.085479974746704, 1.0486418008804321, 1.4577645063400269, 1.531739354133606, 1.8426467180252075, 2.10257887840271, 2.2506372928619385, 2.492492437362671, 2.470794439315796, 2.2047457695007324, 2.103602170944214, 2.495504856109619, 2.3829686641693115, 1.9784338474273682, 1.7128651142120361]","[-0.8063930869102478, -1.5883464813232422, -1.435234546661377, -0.8759717345237732, -0.773894727230072, -0.25597694516181946, -0.4699792265892029, -0.42972639203071594, -0.21873155236244202, 0.06699051707983017, 0.005775591358542442, -0.07829553633928299, -0.09080353379249573, -0.2768442928791046, -0.15331776440143585, -0.15214107930660248, 0.03031971864402294]","[1.7596296072006226, 2.500854730606079, 2.3985941410064697, 2.5045828819274902, 2.7930305004119873, 2.931276559829712, 2.9030256271362305, 2.3403937816619873, 1.5257411003112793, 1.523271083831787, 1.725010871887207, 1.7054789066314697, 1.798147439956665, 1.6083452701568604, 1.3567101955413818, 1.1357247829437256, 0.9307559728622437]","[0.05810233950614929, 0.1503828912973404, 0.07894153147935867, -0.4850684106349945, -1.0694384574890137, -1.195198655128479, -1.090801477432251, -1.0047835111618042, -1.472914695739746, -1.7772196531295776, -1.172431230545044, -1.1005138158798218, -1.310551643371582, -1.5203347206115723, -1.3671271800994873, -1.018822431564331, -1.046258568763733]","[-0.013259106315672398, -0.1964939385652542, -0.16409757733345032, 0.029929544776678085, -0.3045597970485687, -1.2651431560516357, -1.239497184753418, -0.9587385058403015, -0.6499737501144409, -0.5703097581863403, -0.8344162702560425, -0.6688043475151062, 0.06184876710176468, 0.6706330180168152, 0.8979216814041138, 1.0959886312484741, 1.2351667881011963]","[0.4568616449832916, 0.5070059299468994, 0.6388748288154602, 0.6320461630821228, 0.9491130113601685, 0.742245078086853, 0.5507122874259949, 0.4004666209220886, 0.5121667981147766, 0.40899914503097534, 0.22964181005954742, 0.23296232521533966, 0.2213703989982605, 0.5166611075401306, 0.4034760892391205, 0.13609051704406738, -0.049497898668050766]","[-1.5177019834518433, -2.2623555660247803, -2.699777364730835, -2.5600223541259766, -1.9079118967056274, -1.078808307647705, -0.9296407103538513, -1.2919318675994873, -0.7364455461502075, -0.22902560234069824, 0.1629440188407898, 0.07444050908088684, -0.6464080214500427, -0.9446451663970947, -1.0621094703674316, -1.1384872198104858, -1.2763980627059937]","[0.15261279046535492, 0.3571315407752991, 0.06837031990289688, -0.19455274939537048, -0.7516513466835022, -0.4838467240333557, -0.31185978651046753, -0.16383403539657593, 0.26975518465042114, 0.9517889022827148, 1.1087923049926758, 1.3919914960861206, 2.0029003620147705, 1.7172013521194458, 1.7987016439437866, 2.1532623767852783, 2.1890292167663574]","[0.6002029180526733, 1.2832465171813965, 1.5420870780944824, 1.260798454284668, 0.880317747592926, 0.3920333981513977, 0.32727038860321045, 0.35566404461860657, -0.6454393863677979, -1.3358501195907593, -1.0218549966812134, -1.0106027126312256, -0.8867523074150085, -0.988050103187561, -1.2420488595962524, -1.2453060150146484, -1.3311563730239868]",17
336,8,3,17,0,0,0.19705248,22.589584,1.5459323,0.35028834708310974,515.6841,"[1.129043459892273, 1.4820233583450317, 1.6218618154525757, 1.778369665145874, 1.3182525634765625, 1.0582815408706665, 1.1594196557998657, 1.2249741554260254, 1.5060404539108276, 1.48093581199646, 1.5151102542877197, 1.2407824993133545, 1.0565943717956543, 1.2785998582839966, 1.4782809019088745, 1.5752060413360596, 1.7090973854064941]","[0.7904505729675293, -0.007024107966572046, -0.30005335807800293, -0.4253714978694916, -0.08836014568805695, 0.021445756778120995, -0.06696625053882599, -0.21244284510612488, -0.50401771068573, -0.3840162456035614, -0.33387961983680725, -0.22364743053913116, -0.16588856279850006, -0.41223764419555664, -0.7293519973754883, -0.6463686227798462, -0.577608048915863]","[-0.027483278885483742, 0.5104143023490906, 0.47878047823905945, 0.7457643151283264, 0.5506885647773743, 0.4507104158401489, 1.038541555404663, 1.1227641105651855, 1.0859168767929077, 1.0998198986053467, 0.8602166175842285, 0.7180350422859192, 0.926049530506134, 1.1680911779403687, 1.4542838335037231, 1.1187810897827148, 0.9208739995956421]","[1.085479974746704, 1.0486418008804321, 1.4577645063400269, 1.531739354133606, 1.8426467180252075, 2.10257887840271, 2.2506372928619385, 2.492492437362671, 2.470794439315796, 2.2047457695007324, 2.103602170944214, 2.495504856109619, 2.3829686641693115, 1.9784338474273682, 1.7128651142120361, 1.7384223937988281, 1.6335077285766602]","[-1.435234546661377, -0.8759717345237732, -0.773894727230072, -0.25597694516181946, -0.4699792265892029, -0.42972639203071594, -0.21873155236244202, 0.06699051707983017, 0.005775591358542442, -0.07829553633928299, -0.09080353379249573, -0.2768442928791046, -0.15331776440143585, -0.15214107930660248, 0.03031971864402294, -0.1873912662267685, -0.053303200751543045]","[2.3985941410064697, 2.5045828819274902, 2.7930305004119873, 2.931276559829712, 2.9030256271362305, 2.3403937816619873, 1.5257411003112793, 1.523271083831787, 1.725010871887207, 1.7054789066314697, 1.798147439956665, 1.6083452701568604, 1.3567101955413818, 1.1357247829437256, 0.9307559728622437, 0.955546498298645, 0.9979318976402283]","[0.07894153147935867, -0.4850684106349945, -1.0694384574890137, -1.195198655128479, -1.090801477432251, -1.0047835111618042, -1.472914695739746, -1.7772196531295776, -1.172431230545044, -1.1005138158798218, -1.310551643371582, -1.5203347206115723, -1.3671271800994873, -1.018822431564331, -1.046258568763733, -0.7781475186347961, -0.8212184906005859]","[-0.16409757733345032, 0.029929544776678085, -0.3045597970485687, -1.2651431560516357, -1.239497184753418, -0.9587385058403015, -0.6499737501144409, -0.5703097581863403, -0.8344162702560425, -0.6688043475151062, 0.06184876710176468, 0.6706330180168152, 0.8979216814041138, 1.0959886312484741, 1.2351667881011963, 1.174371600151062, 0.9825046062469482]","[0.6388748288154602, 0.6320461630821228, 0.9491130113601685, 0.742245078086853, 0.5507122874259949, 0.4004666209220886, 0.5121667981147766, 0.40899914503097534, 0.22964181005954742, 0.23296232521533966, 0.2213703989982605, 0.5166611075401306, 0.4034760892391205, 0.13609051704406738, -0.049497898668050766, -0.1531173139810562, -0.3237433135509491]","[-2.699777364730835, -2.5600223541259766, -1.9079118967056274, -1.078808307647705, -0.9296407103538513, -1.2919318675994873, -0.7364455461502075, -0.22902560234069824, 0.1629440188407898, 0.07444050908088684, -0.6464080214500427, -0.9446451663970947, -1.0621094703674316, -1.1384872198104858, -1.2763980627059937, -1.2969045639038086, -1.3821419477462769]","[0.06837031990289688, -0.19455274939537048, -0.7516513466835022, -0.4838467240333557, -0.31185978651046753, -0.16383403539657593, 0.26975518465042114, 0.9517889022827148, 1.1087923049926758, 1.3919914960861206, 2.0029003620147705, 1.7172013521194458, 1.7987016439437866, 2.1532623767852783, 2.1890292167663574, 2.107976198196411, 2.131082773208618]","[1.5420870780944824, 1.260798454284668, 0.880317747592926, 0.3920333981513977, 0.32727038860321045, 0.35566404461860657, -0.6454393863677979, -1.3358501195907593, -1.0218549966812134, -1.0106027126312256, -0.8867523074150085, -0.988050103187561, -1.2420488595962524, -1.2453060150146484, -1.3311563730239868, -1.176838994026184, -1.0344456434249878]",17
