id,series_id,start,length,true_class,pred_class,confidence,F_stat,Separability,IG,Composite_Score,Shapelet_Values
4797,53,75,40,3,3,1.6522961,69.196075,1.9369283,0.8056757332649531,54.70408,"[-1.3480522632598877, -1.111644983291626, -1.4035714864730835, -1.4126951694488525, -1.1235034465789795, -0.9589246511459351, -0.9987791180610657, -1.4508776664733887, -1.609907627105713, -1.6844710111618042, -1.639431357383728, -1.7767871618270874, -1.2832826375961304, -1.1093783378601074, -0.9516094326972961, -1.0586382150650024, -1.331423282623291, -1.0809167623519897, -1.0691066980361938, -1.3114912509918213, -1.47152578830719, -1.2857472896575928, -1.2035043239593506, -1.1976765394210815, -1.379186987876892, -1.3620182275772095, -1.3689230680465698, -1.717996597290039, -1.5460506677627563, -1.1500893831253052, -1.1226855516433716, -1.3080334663391113, -1.3958961963653564, -1.0977280139923096, -0.8421171307563782, -0.9586634039878845, -1.3025240898132324, -1.0386364459991455, -1.0601941347122192, -0.9664180278778076, 0.19916954636573792, 0.318573534488678, 0.2940327823162079, 0.3133213222026825, 0.5460658669471741, 0.6939790844917297, 0.7076877355575562, 0.43708786368370056, 0.17965024709701538, 0.0027979984879493713, 0.016748517751693726, -0.007539852522313595, -0.07845065742731094, -0.1484391987323761, -0.1669750064611435, 0.17885303497314453, 0.23695047199726105, 0.2350100427865982, 0.2936825156211853, 0.411922425031662, 0.48636144399642944, 0.5649152398109436, 0.5595026612281799, 0.5122079253196716, 0.28319957852363586, 0.03634108975529671, 0.03677336871623993, -0.07046911865472794, -0.15381570160388947, -0.319705992937088, -0.09467645734548569, 0.1116720587015152, 0.10213635116815567, 0.21701759099960327, 0.4670517146587372, 0.5637651085853577, 0.537743866443634, 0.6198210120201111, 0.5718105435371399, 0.3719787299633026, 0.5412403345108032, 0.9108401536941528, 0.8981496691703796, 0.8117111921310425, 0.7821023464202881, 0.4173944294452667, 0.16602367162704468, 0.07996296882629395, 0.1964704990386963, 0.4206086993217468, 0.5567051768302917, 0.476842999458313, 0.9103968143463135, 1.154392957687378, 0.8100362420082092, 0.7205891609191895, 0.9324657917022705, 0.8739114999771118, 1.0147387981414795, 0.5530312061309814, 0.6195579171180725, 0.5016141533851624, 0.1678561121225357, 0.10158583521842957, 0.156727597117424, 0.38922950625419617, 0.46685734391212463, 0.5955362915992737, 1.0623575448989868, 0.9668213725090027, 0.714461624622345, 0.8491575717926025, 1.22852623462677, 1.2600195407867432, 0.8434019684791565, 0.659691572189331, 0.6189623475074768, 0.3331327438354492, 0.07585196197032928, 0.2949698269367218]"
3698,41,180,20,3,3,1.2380958,82.61511,1.6764097,0.743033538807192,54.17762,"[1.6811431646347046, 1.404991865158081, 1.3040039539337158, 1.0082038640975952, 0.7493865489959717, 0.6996534466743469, 0.9332033395767212, 1.3498694896697998, 1.5172936916351318, 1.0794029235839844, 0.9819930195808411, 1.0646511316299438, 0.8925678730010986, 0.8298253417015076, 0.8994153141975403, 1.1987054347991943, 1.4952274560928345, 1.4724682569503784, 1.3699183464050293, 1.4112625122070312, 0.49357089400291443, 0.5358697175979614, 0.5676347017288208, 0.5678189992904663, 0.6705268621444702, 0.8324163556098938, 0.9131500720977783, 1.0157798528671265, 1.3656926155090332, 1.2453340291976929, 1.1030467748641968, 0.9443771839141846, 0.8279079794883728, 0.7837258577346802, 0.7840816378593445, 0.5353926420211792, 0.38462400436401367, 0.4073437452316284, 0.48968011140823364, 0.5593931674957275, 0.5758066177368164, 0.7779653072357178, 0.7203575372695923, 0.7365267276763916, 0.5819790959358215, 0.6490889191627502, 0.38450339436531067, 0.2667768597602844, 0.14514867961406708, 0.13399697840213776, 0.1506347358226776, 0.19555729627609253, 0.4172845780849457, 0.5595184564590454, 0.6170667409896851, 0.5940691232681274, 0.6417812705039978, 0.8511176109313965, 0.8133012056350708, 0.5773666501045227]"
6130,68,50,30,3,3,1.5041633,82.71833,1.9702773,0.7273746760518891,53.503483,"[0.7662608027458191, 0.8688328862190247, 0.8665719628334045, 1.1413747072219849, 0.9038560390472412, 1.0748189687728882, 0.9791763424873352, 0.8759057521820068, 0.7662464380264282, 0.8000363111495972, 1.1042659282684326, 1.2751531600952148, 1.3584885597229004, 1.3601064682006836, 1.1159857511520386, 0.8202537894248962, 0.7955162525177002, 0.8130260109901428, 0.9630011916160583, 0.9700530171394348, 1.0641071796417236, 0.9305731654167175, 1.1100051403045654, 0.8257942795753479, 0.6547936797142029, 0.6298271417617798, 0.8411051034927368, 1.0985795259475708, 1.2871007919311523, 1.3778579235076904, -0.07798542082309723, 0.0002257567539345473, 0.32239454984664917, 0.3591693937778473, 0.10034451633691788, -0.007799611892551184, -0.002213830593973398, -0.11362902075052261, -0.2996666133403778, -0.40724053978919983, -0.4015272855758667, -0.41759562492370605, -0.4166458547115326, -0.35383760929107666, -0.15613026916980743, -0.0038252242375165224, -0.016622398048639297, 0.07997000962495804, 0.21664226055145264, 0.22863027453422546, 0.18756204843521118, -0.02437419816851616, -0.10273303091526031, -0.2724718451499939, -0.3856433033943176, -0.3774450719356537, -0.25119897723197937, -0.4331571161746979, -0.4784909784793854, -0.34390589594841003, 0.5677611827850342, 0.22250159084796906, -0.07477090507745743, -0.2515396475791931, -0.287723183631897, -0.20425987243652344, -0.0464017391204834, 0.4024716913700104, 0.4659399390220642, 0.3717338740825653, 0.5136666297912598, 0.7684611082077026, 0.6870690584182739, 0.5601744055747986, 0.6141158938407898, 0.41053318977355957, 0.46823573112487793, 0.10349287837743759, 0.1668713390827179, -0.12180866301059723, 0.10372494906187057, 0.04059934988617897, 0.020542927086353302, 0.36028459668159485, 0.6366333961486816, 0.7020474076271057, 1.1958305835723877, 1.1395751237869263, 1.0341200828552246, 0.9401960968971252]"
3715,41,10,40,3,3,1.8247399,76.112305,2.0931726,0.743033538807192,53.00209,"[0.8182490468025208, 1.1171056032180786, 1.2157297134399414, 1.2284328937530518, 1.3323556184768677, 1.4935195446014404, 1.1269023418426514, 0.8350431323051453, 0.6279951333999634, 0.7748379111289978, 1.1478359699249268, 1.139353632926941, 1.079709768295288, 1.0709837675094604, 1.0407129526138306, 0.7534140348434448, 0.6995683312416077, 0.7846639752388, 1.0237025022506714, 1.077026605606079, 1.2302626371383667, 1.3730857372283936, 1.4119999408721924, 1.0097651481628418, 0.8985375761985779, 0.7100569009780884, 0.8071035146713257, 1.1661865711212158, 1.0397632122039795, 1.0114821195602417, 0.9412769079208374, 0.7963104248046875, 0.7475293278694153, 0.8984679579734802, 1.035722017288208, 1.2586934566497803, 1.2647255659103394, 1.310532808303833, 1.4569873809814453, 1.0622965097427368, 0.8241543173789978, 0.5970375537872314, 0.49395063519477844, 0.5157603025436401, 0.4493829905986786, 0.27127331495285034, 0.32810506224632263, 0.5861212015151978, 0.7270433902740479, 0.7183665633201599, 0.7477842569351196, 0.9053328633308411, 1.1857694387435913, 0.967778205871582, 1.0580976009368896, 0.9722781181335449, 0.7651268243789673, 0.5703871846199036, 0.4354315400123596, 0.4939388334751129, 0.5621787905693054, 0.48724034428596497, 0.44137459993362427, 0.5203108787536621, 0.6515496373176575, 0.7994151711463928, 0.8169712424278259, 0.8796812891960144, 1.1302170753479004, 1.170681357383728, 1.1373926401138306, 1.0278303623199463, 0.8968774676322937, 0.6450241804122925, 0.4958913028240204, 0.4135075509548187, 0.35833221673965454, 0.46438801288604736, 0.5090044140815735, 0.44351235032081604, 0.2664203643798828, 0.2506861090660095, -0.046640727669000626, -0.16474826633930206, -0.18360787630081177, -0.09301415085792542, 0.05768990516662598, 0.49592405557632446, 0.2860032618045807, 0.3246307373046875, 0.49403101205825806, 0.5672831535339355, 0.6815162301063538, 0.553310215473175, 0.4015551209449768, 0.2717434763908386, 0.22349406778812408, 0.21825434267520905, 0.05844496935606003, -0.43600577116012573, -0.4985896050930023, -0.17381256818771362, 0.2663414180278778, 0.4323199391365051, 0.3241453766822815, 0.4751555025577545, 0.4980142414569855, 0.6039924621582031, 0.6584662199020386, 0.5538015365600586, 0.29643237590789795, 0.3941955268383026, 0.25315770506858826, 0.1416458636522293, -0.039127200841903687, -0.19937966763973236, -0.07381641119718552, -0.09642425924539566, 0.4320029616355896, 0.6997222900390625]"
3728,41,28,50,3,3,1.9632058,67.156815,2.144773,0.7379068317972881,50.970135,"[1.0237025022506714, 1.077026605606079, 1.2302626371383667, 1.3730857372283936, 1.4119999408721924, 1.0097651481628418, 0.8985375761985779, 0.7100569009780884, 0.8071035146713257, 1.1661865711212158, 1.0397632122039795, 1.0114821195602417, 0.9412769079208374, 0.7963104248046875, 0.7475293278694153, 0.8984679579734802, 1.035722017288208, 1.2586934566497803, 1.2647255659103394, 1.310532808303833, 1.4569873809814453, 1.0622965097427368, 0.7561209797859192, 0.6688883900642395, 0.6222333312034607, 1.0579949617385864, 1.158835768699646, 1.0451911687850952, 1.3335801362991333, 1.093196988105774, 0.7032861709594727, 0.6817469000816345, 0.9290727376937866, 1.1630444526672363, 1.3792728185653687, 1.3498705625534058, 1.3560835123062134, 1.1741104125976562, 0.9295066595077515, 0.8130260109901428, 0.783883810043335, 0.9496009945869446, 1.1533983945846558, 1.1381922960281372, 1.1963170766830444, 1.0568592548370361, 0.6655588746070862, 0.6298271417617798, 0.7836712598800659, 1.0172088146209717, 0.4354315400123596, 0.4939388334751129, 0.5621787905693054, 0.48724034428596497, 0.44137459993362427, 0.5203108787536621, 0.6515496373176575, 0.7994151711463928, 0.8169712424278259, 0.8796812891960144, 1.1302170753479004, 1.170681357383728, 1.1373926401138306, 1.0278303623199463, 0.8968774676322937, 0.6450241804122925, 0.4958913028240204, 0.4135075509548187, 0.35833221673965454, 0.46438801288604736, 0.5090044140815735, 0.44351235032081604, 0.3436334729194641, 0.526016116142273, 0.9597256183624268, 1.284958839416504, 1.259865164756775, 1.1246767044067383, 1.1574456691741943, 1.156736135482788, 0.8453859090805054, 0.657930850982666, 0.4827406108379364, 0.2818221151828766, 0.2576436698436737, 0.3723132014274597, 0.6375938057899475, 0.6886793375015259, 0.628440797328949, 0.5518368482589722, 0.798602819442749, 1.0451362133026123, 1.1381769180297852, 1.0792807340621948, 0.9521894454956055, 0.8165034055709839, 0.7767679691314697, 0.7551907896995544, 0.7838877439498901, 0.5906497240066528, 0.05844496935606003, -0.43600577116012573, -0.4985896050930023, -0.17381256818771362, 0.2663414180278778, 0.4323199391365051, 0.3241453766822815, 0.4751555025577545, 0.4980142414569855, 0.6039924621582031, 0.6584662199020386, 0.5538015365600586, 0.29643237590789795, 0.3941955268383026, 0.25315770506858826, 0.1416458636522293, -0.039127200841903687, -0.19937966763973236, -0.07381641119718552, -0.09642425924539566, 0.4320029616355896, 0.6997222900390625, 0.5884702801704407, 0.4209568202495575, 0.4139510989189148, 0.770267128944397, 0.723525881767273, 0.7844787836074829, 0.3462388217449188, 0.32111626863479614, 0.15633250772953033, 0.15676727890968323, -0.31926217675209045, -0.6808797717094421, -0.4407714605331421, -0.15471981465816498, 0.2989383041858673, 0.4902540445327759, 0.5518438220024109, 0.5754263997077942, 0.6183527708053589, 0.4982258677482605, 0.5734875202178955, 0.3882312476634979, 0.40952250361442566, 0.36028459668159485, 0.1315053552389145, 0.09455402940511703, 0.11693820357322693, -0.3089776039123535]"
7859,87,54,40,1,1,1.7630019,59.337463,1.8972888,0.6993239233891313,47.402878,"[1.1078397035598755, 0.38350343704223633, -2.081582546234131, -2.122713327407837, -1.762657880783081, -1.427747130393982, -1.3999652862548828, -2.618077516555786, -2.299546718597412, -0.4823581576347351, 0.5731561183929443, 1.1336696147918701, 1.0531901121139526, -0.06276398152112961, -1.6789805889129639, -1.5762242078781128, -1.3169902563095093, -1.1767610311508179, -1.274360179901123, -3.0362918376922607, -1.8965678215026855, -0.06824799627065659, 0.7166651487350464, 1.1901216506958008, 0.8498097658157349, -1.5871177911758423, -2.0435843467712402, -1.3419712781906128, -1.3009189367294312, -1.1082831621170044, -1.5378843545913696, -2.9424402713775635, -0.9396078586578369, 0.31821322441101074, 0.6751793622970581, 0.7891002297401428, 0.7046260833740234, -1.1028456687927246, -1.5118252038955688, -1.332665205001831, -2.5036637783050537, -2.0170319080352783, -0.2609071433544159, 0.5215534567832947, 0.48232048749923706, -1.1173547506332397, -2.9863102436065674, -1.3294947147369385, 0.17335747182369232, 1.0569697618484497, 1.044631838798523, -0.6308226585388184, -2.92918062210083, -0.9409782290458679, 0.3941895663738251, 0.7696884274482727, -0.008441002108156681, -2.5241053104400635, -2.414771556854248, -0.5313265919685364, 0.7356206178665161, 1.1361682415008545, 0.859857439994812, -1.9640833139419556, -2.2028820514678955, -0.4507024586200714, 0.40481507778167725, 0.5872365236282349, -0.048409298062324524, -2.6659302711486816, -2.0208053588867188, -0.17132899165153503, 0.8808054327964783, 0.9059977531433105, 0.4687281847000122, -2.3191535472869873, -1.9066892862319946, -0.15343694388866425, 0.6158589720726013, 0.6580184698104858, 0.37268438935279846, 1.2443571090698242, 0.6453935503959656, 0.3821328282356262, 0.557000994682312, -0.3708779811859131, -0.2786315083503723, -0.3244844973087311, -0.8290443420410156, -0.42280513048171997, -1.425268530845642, 0.07171966135501862, 0.6145498752593994, 1.0473600625991821, 0.3515682816505432, 0.19706623256206512, 0.0841515064239502, -0.6546644568443298, -0.25403088331222534, -0.8913544416427612, -0.6729578971862793, -0.1734577715396881, -0.8398153185844421, 0.254348486661911, 0.30623650550842285, 0.4856766164302826, 0.3811682462692261, 0.22218477725982666, 0.2808033227920532, -0.18424318730831146, 0.03801147639751434, -0.5708138942718506, -0.8172832727432251, 0.03142460435628891, -0.7343805432319641, 0.5252764225006104, 0.44271132349967957, 0.7125899791717529, 0.30330875515937805, 0.3605804145336151]"
6696,74,19,50,1,1,2.0729246,60.039948,2.2086725,0.6691992005899747,46.130554,"[0.4656343162059784, -0.6398658156394958, -0.7247726917266846, -0.6383070349693298, -0.5073853731155396, 0.4267015755176544, 0.7641090154647827, 0.5744360685348511, 0.5228025913238525, 0.911967933177948, 1.944929599761963, 0.9702468514442444, -0.13591913878917694, -0.624353289604187, -0.6330440044403076, -0.6505076289176941, 0.0007191128679551184, 0.6974276304244995, 0.836662769317627, 0.6242163181304932, 0.7510456442832947, 1.3047794103622437, 1.919206976890564, 0.6507828831672668, -0.4825282394886017, -0.813058614730835, -0.6242890954017639, -0.22115056216716766, 0.5563973784446716, 0.6037478446960449, 0.43638455867767334, 0.4417860507965088, 0.9109264612197876, 1.7593475580215454, 1.2247544527053833, -0.034468770027160645, -0.6435937881469727, -0.6747074127197266, -0.5364872813224792, -0.34605175256729126, 0.4353106915950775, 0.5683810114860535, 0.5821173191070557, 0.5790776610374451, 0.9301981329917908, 2.107693910598755, 1.1943308115005493, 0.07402951270341873, -0.5802762508392334, -0.9737058281898499, -2.3495638370513916, -1.830889344215393, -0.5236356258392334, 0.03010471723973751, 0.12769044935703278, -1.3580580949783325, -2.563426971435547, -1.2267473936080933, 0.15181711316108704, 0.8745259642601013, 0.8745676279067993, -1.7339515686035156, -2.025908946990967, -0.9217002391815186, -0.23395173251628876, 0.0448923334479332, -0.21186666190624237, -2.2533631324768066, -2.2134835720062256, -0.6185472011566162, 0.7132387161254883, 1.0304449796676636, 0.14680121839046478, -2.322567939758301, -1.703070878982544, -0.46718108654022217, -0.18915770947933197, -0.046526845544576645, -1.5831040143966675, -2.416745662689209, -1.313171625137329, -0.14975033700466156, 0.8353045582771301, 1.040656566619873, -1.303269624710083, -2.366093635559082, -1.0672129392623901, -0.26982760429382324, 0.18834298849105835, -0.21588224172592163, -2.086564779281616, -2.2769525051116943, -0.9842125177383423, 0.2576436698436737, 1.0051017999649048, 0.8919925689697266, -1.557281494140625, -1.9029436111450195, -0.8466048836708069, -0.22722595930099487, 0.6073445081710815, 0.8225856423377991, 0.6274207234382629, 1.058988332748413, 0.7315455675125122, 0.24895302951335907, -0.1988205909729004, -0.36925753951072693, 0.054301802068948746, 1.2644318342208862, 1.1138757467269897, 0.8841386437416077, 0.705165684223175, 0.7566298842430115, 0.9944823980331421, 1.091835379600525, 0.7316733002662659, 0.3818485736846924, -0.04470408335328102, 0.09329593926668167, 1.0404024124145508, 1.1635760068893433, 0.8600887656211853, 0.8740739226341248, 0.9720607399940491, 0.8677117824554443, 1.234228491783142, 0.6949964761734009, 0.2226608395576477, -0.03824770823121071, -0.12578432261943817, 0.09145248681306839, 0.8377127051353455, 0.7267331480979919, 0.6300191283226013, 0.7441636323928833, 1.0374119281768799, 0.514513373374939, 0.26009970903396606, 0.11990808695554733, 0.03951277956366539, -0.07547815144062042, -0.15816667675971985, 0.2803069055080414, 0.8640044927597046, 0.892213761806488, 0.8489978313446045, 0.6145498752593994, 0.3907567858695984, 0.49522143602371216]"
8849,98,1,40,1,1,1.8342605,57.639397,2.0162725,0.6516393191668091,44.71473,"[-0.9867786765098572, -0.5255273580551147, -0.5418667793273926, 0.8289909958839417, 1.3147825002670288, 0.7782436609268188, 0.5971860289573669, 1.284733772277832, 2.9760355949401855, 2.4505770206451416, 0.46171844005584717, -0.7865380048751831, -0.927034318447113, -0.6721144914627075, -0.42925071716308594, 0.47070011496543884, 0.9077776074409485, 0.7447984218597412, 0.8494732975959778, 1.7258951663970947, 3.129696846008301, 1.4313507080078125, -0.4120476543903351, -1.0765676498413086, -0.8722302913665771, -0.5726093053817749, -0.0009203077061101794, 0.9221256375312805, 0.9034460783004761, 0.6545132994651794, 0.8503585457801819, 1.6988102197647095, 2.776022434234619, 0.8765653371810913, -0.8563973307609558, -1.0374445915222168, -0.7182776927947998, -0.4713160991668701, 0.605201244354248, 0.8332086205482483, -0.2086808681488037, -0.8663792014122009, -2.6411244869232178, -1.9317655563354492, -0.09283337742090225, 1.4368983507156372, 1.493245005607605, 0.7095065116882324, -2.370293140411377, -1.906505823135376, -0.8328912854194641, 0.014932891353964806, 0.2891724407672882, -1.144248604774475, -3.3300862312316895, -1.7437350749969482, 0.8053964376449585, 1.5360748767852783, 1.1752922534942627, -0.49079129099845886, -2.638122797012329, -1.5284523963928223, -0.5641465187072754, -0.05013921484351158, 0.07716283947229385, -2.002429246902466, -2.9077308177948, -1.185036063194275, 0.956865668296814, 1.690618872642517, 1.1874690055847168, -2.0334279537200928, -2.210310697555542, -0.9173915386199951, -0.05628484860062599, -0.01694674789905548, -0.9352356195449829, -2.9304728507995605, -2.5584700107574463, -0.3987651765346527, 1.8926241397857666, 1.0680694580078125, 1.0118364095687866, 0.9988201856613159, 3.030463933944702, 1.31587553024292, 1.1025463342666626, 0.5912199020385742, 0.38038259744644165, 0.4823942482471466, 1.913123369216919, 1.8230375051498413, 1.5427600145339966, 1.3391848802566528, 1.4394975900650024, 1.1784820556640625, 2.3960154056549072, 0.755454957485199, 0.130265012383461, -0.6887654662132263, -0.7356976270675659, 0.6626425981521606, 2.157428503036499, 1.8894256353378296, 0.7785048484802246, 0.8366853594779968, 0.8740645051002502, 3.3798513412475586, 2.1827595233917236, 0.865702211856842, 0.16579268872737885, -0.09194628894329071, 0.3520109951496124, 2.5878467559814453, 2.665422201156616, 1.5435049533843994, 0.7757062911987305, 0.8106274604797363, 1.5659314393997192, 2.681077718734741]"
8847,98,55,40,1,1,1.8120894,54.798485,2.115673,0.6516393191668091,44.176365,"[1.785886287689209, 3.277430534362793, 0.9845513105392456, -1.1225616931915283, -1.1615960597991943, -0.781636655330658, -0.192452073097229, 0.7349598407745361, 0.8790185451507568, 0.6671074628829956, 0.7798129916191101, 1.4654682874679565, 2.9328360557556152, 1.3660154342651367, -0.962663471698761, -1.2177778482437134, -0.823808491230011, -0.37887445092201233, 0.6607478857040405, 1.1069337129592896, 0.7355960607528687, 0.6209421157836914, 1.0172088146209717, 2.2377331256866455, 2.4883759021759033, 0.4801286458969116, -0.8372769355773926, -0.9902902245521545, -0.665673553943634, -0.3539150357246399, 0.7942874431610107, 0.9241126179695129, 0.7881131768226624, 1.1106964349746704, 1.6834980249404907, 2.457984209060669, 0.7693144679069519, -0.8164957165718079, -0.9981486201286316, -0.6310935020446777, -1.5969196557998657, -2.259089708328247, -1.0716091394424438, -0.4299977719783783, -0.416836678981781, -0.770781934261322, -2.3033676147460938, -2.0930047035217285, -0.09449803829193115, 1.3804380893707275, 1.4841238260269165, 0.5697987079620361, -2.2793643474578857, -1.6180131435394287, -0.5682008266448975, -0.19464391469955444, -0.14700250327587128, -2.212578058242798, -2.3433098793029785, -0.7662558555603027, 0.8375642895698547, 1.3821489810943604, 1.0403592586517334, -1.9213489294052124, -2.132749080657959, -0.8415814638137817, -0.23584705591201782, -0.18581415712833405, -1.378852367401123, -2.7161405086517334, -1.3656212091445923, 0.39531439542770386, 1.2916579246520996, 1.2275404930114746, -0.11490616947412491, -2.358105421066284, -1.3346091508865356, -0.3899727165699005, -0.1691226065158844, -0.4672996997833252, -0.43419909477233887, 0.925851047039032, 2.395678997039795, 1.7772186994552612, 1.1143457889556885, 0.6761893033981323, 0.8397401571273804, 1.8703771829605103, 2.38315486907959, 1.1332318782806396, 0.07171966135501862, -0.2633349299430847, -0.10169562697410583, 2.4242782592773438, 3.2440929412841797, 1.9827752113342285, 0.928991973400116, 0.5239282250404358, 1.1476058959960938, 2.6571457386016846, 1.5596851110458374, 0.4222851097583771, -0.10778972506523132, -0.21945717930793762, 1.789949893951416, 3.0437934398651123, 2.131661891937256, 0.9380989670753479, 0.5771842002868652, 0.7606950998306274, 2.6506690979003906, 1.6501842737197876, 0.42606520652770996, 0.0343063659965992, -0.16628310084342957, 0.3130350410938263, 2.3116862773895264, 2.0151169300079346, 1.5422861576080322, 0.6898621916770935]"
7851,87,132,40,1,1,1.7726111,54.666245,1.8546019,0.6515716464147963,44.068214,"[-2.5051891803741455, -0.8279075026512146, 0.48176294565200806, 0.9470691680908203, 0.9623947143554688, 0.7706576585769653, -1.9267791509628296, -2.1271581649780273, -1.7994542121887207, -1.3051613569259644, -0.9865999817848206, -1.2715342044830322, -2.1652169227600098, -0.46787768602371216, 0.6764165163040161, 1.127987027168274, 0.852699339389801, 0.5102097392082214, -1.6000926494598389, -1.4962468147277832, -1.3880946636199951, -1.3257005214691162, -1.1529680490493774, -2.452185869216919, -1.3973771333694458, 0.2462913542985916, 0.8426489233970642, 1.116709589958191, 0.8823990821838379, -0.08840187638998032, -1.6545531749725342, -1.8424286842346191, -1.579580545425415, -1.2781901359558105, -1.5104124546051025, -2.95564341545105, -1.0512735843658447, 0.20609696209430695, 0.9172966480255127, 1.1239509582519531, 0.1218063160777092, 1.289526343345642, 1.0624427795410156, 0.2144259661436081, -3.0024001598358154, -1.8664249181747437, 0.2920606732368469, 0.7569962739944458, 0.48013240098953247, -2.012803554534912, -3.2191803455352783, -1.3425456285476685, 0.46393075585365295, 1.2564247846603394, 1.0575144290924072, -0.7351551055908203, -2.8108863830566406, -1.1552021503448486, 0.09459265321493149, 0.5199950933456421, 0.2801353633403778, -2.2013278007507324, -2.8049111366271973, -1.0792704820632935, 0.7071685194969177, 1.257739543914795, 0.9103201031684875, -0.8974922895431519, -2.6739649772644043, -0.8887068033218384, 0.13813775777816772, 0.4551491439342499, 0.21562913060188293, -2.3380770683288574, -2.924121379852295, -0.8993840217590332, 0.7585172057151794, 1.1886084079742432, 0.8453864455223083, -1.9523897171020508, -0.9674378037452698, -0.2965833842754364, -1.0724729299545288, 0.2530462145805359, 0.18715812265872955, 0.4398542642593384, 0.5114336013793945, 0.24727171659469604, 0.3956150710582733, 0.96559077501297, 0.07600479573011398, -0.1864202469587326, -0.9297671914100647, -0.35784414410591125, -1.230864405632019, 0.19573259353637695, 0.22866414487361908, 0.8777185082435608, 0.3785620331764221, 0.1870947629213333, 0.6467103958129883, -0.1712755411863327, -0.006406440865248442, -1.0159066915512085, -0.8107061386108398, -0.14782880246639252, -1.1370415687561035, 0.19345422089099884, 0.5696380734443665, 1.1920360326766968, 0.22965385019779205, 0.23693381249904633, 0.49133357405662537, -0.35855141282081604, -0.02967192232608795, -0.7091333866119385, -0.9092032313346863, -0.9542446732521057, -0.09750238806009293, 0.5624502301216125]"
1896,21,173,20,0,0,0.07124138,37.246,1.056643,0.6037917338723853,37.95578,"[0.917246401309967, 0.2376379817724228, 0.09806913882493973, 0.8584353923797607, 0.7229076623916626, 0.2575577199459076, 0.1450055092573166, 1.0401990413665771, 0.8209586143493652, 0.3175172507762909, -0.025064164772629738, 0.45905861258506775, 0.47317346930503845, 0.6838696002960205, 0.54344642162323, 0.24712017178535461, 0.9547251462936401, 0.5777408480644226, 0.4508209526538849, 0.3936436176300049, 0.063313789665699, 0.1405084729194641, 0.0063242618925869465, 0.12299685180187225, 0.2530454099178314, -0.01589592732489109, -0.32601985335350037, -0.46197906136512756, -0.5220907330513, -0.6887511610984802, -0.8487628102302551, -0.6736452579498291, -0.4870825409889221, -0.6065171957015991, -0.7025326490402222, -0.5888935923576355, -0.4294891357421875, -0.3973084092140198, -0.3525802195072174, -0.18341170251369476, 0.057313691824674606, 0.05382508784532547, -0.06412464380264282, -0.2992287874221802, -0.15264521539211273, 0.37822842597961426, 0.5987505912780762, 0.8458203077316284, 1.1063495874404907, 1.2173810005187988, 1.4239124059677124, 1.5611698627471924, 1.7598369121551514, 1.6023485660552979, 1.3516331911087036, 1.2614538669586182, 1.692257046699524, 1.6564184427261353, 1.747255563735962, 1.4225178956985474]"
1429,15,115,90,0,0,1.2729912,23.987753,2.1045303,0.5974965393112034,35.303738,"[0.22190795838832855, 0.19722990691661835, 0.14519895613193512, 0.18111073970794678, 0.2693527340888977, 0.26638150215148926, 0.24988670647144318, 0.26468977332115173, 0.3093390464782715, 0.3331466615200043, 0.33973586559295654, 0.3293921649456024, 0.22679920494556427, 0.259078711271286, 0.26258814334869385, 0.3925792872905731, 0.4398196339607239, 0.32932546734809875, 0.25640448927879333, 0.29030004143714905, 0.2581755816936493, 0.22705133259296417, 0.24756959080696106, 0.17902976274490356, 0.06808170676231384, 0.09623830765485764, 0.18563954532146454, 0.3192838430404663, 0.27920931577682495, 0.20875105261802673, 0.2265559583902359, 0.26661500334739685, 0.19378602504730225, 0.20786064863204956, 0.23693059384822845, 0.13545241951942444, 0.012200905941426754, -0.014026487246155739, 0.08136184513568878, 0.16151145100593567, 0.08420061320066452, -0.07907313108444214, -0.14372766017913818, -0.14283926784992218, -0.12904636561870575, -0.19379223883152008, -0.28728699684143066, -0.3543425500392914, -0.4392831325531006, -0.4158078730106354, -0.41474926471710205, -0.3901270031929016, -0.3877028226852417, -0.5048671960830688, -0.5685895085334778, -0.5591845512390137, -0.5729899406433105, -0.5586732029914856, -0.5342114567756653, -0.6124587059020996, -0.6524567604064941, -0.6627371311187744, -0.6215958595275879, -0.5394432544708252, -0.5201928615570068, -0.5561145544052124, -0.538041889667511, -0.6269912123680115, -0.7347836494445801, -0.7222756147384644, -0.6592267751693726, -0.6577835083007812, -0.5014961361885071, -0.5600928664207458, -0.5206281542778015, -0.5624575018882751, -0.5871099829673767, -0.6268832683563232, -0.7847345471382141, -0.8237873911857605, -0.6969003677368164, -0.6484209895133972, -0.6576674580574036, -0.7435818314552307, -0.8365213871002197, -0.8290032148361206, -0.6371563673019409, -0.5887052416801453, -0.6226209402084351, -0.7335179448127747, -0.39684462547302246, -1.9048407077789307, -0.5970584750175476, 0.6347038745880127, -0.1693127304315567, -1.7198461294174194, -0.611796498298645, 0.5398023128509521, -0.05222681909799576, -1.5986300706863403, -0.911034882068634, 0.6046740412712097, 0.7747657299041748, -1.5167101621627808, -1.1409584283828735, 0.7384774684906006, 1.0259336233139038, -1.0761253833770752, -1.2781999111175537, 0.6517355442047119, 1.095820426940918, -0.3174588680267334, -1.6387311220169067, 0.238448828458786, 0.8653851747512817, -0.5431681275367737, -1.7917178869247437, 0.3078753352165222, 1.015761137008667, -0.6585779190063477, -1.4256526231765747, 0.41717517375946045, 0.9093184471130371, -0.5361003875732422, -1.5311230421066284, 0.239388108253479, 0.850944995880127, -0.5914439558982849, -1.6709903478622437, 0.38622018694877625, 0.8214827179908752, -0.6955543160438538, -1.5999804735183716, 0.4004426598548889, 0.8125432133674622, -0.7616220712661743, -1.7128193378448486, 0.007245254702866077, 0.6792293787002563, -0.34284186363220215, -1.8572015762329102, -0.5389453768730164, 0.6201918721199036, 0.03393067419528961, -1.9314409494400024, -0.23016640543937683, 0.9605368375778198, -0.9037595391273499, -1.822336196899414, 0.1200735792517662, 1.028260350227356, -0.8909642100334167, -1.5066196918487549, 0.26939770579338074, 1.0336521863937378, -0.8891660571098328, -1.8186107873916626, 0.3618473708629608, 1.0839378833770752, -0.7465847730636597, -1.5771033763885498, 0.3286626636981964, 1.1016955375671387, -1.2442548274993896, -1.9673770666122437, 0.06198398768901825, 0.6719071269035339, -0.9946901798248291, -1.7235215902328491, 0.28080353140830994, 0.6856502294540405, -1.43152916431427, -1.8005234003067017, 0.13670757412910461, 1.057970404624939, -0.982486367225647, -2.0149037837982178, -0.1320728361606598, 0.39898115396499634, -0.7197338342666626, -0.045959774404764175, 0.10187172144651413, 0.21544143557548523, 0.09210406243801117, -0.3031066656112671, -0.5473923683166504, -0.5336475968360901, -0.5955700874328613, -0.7091814875602722, -0.6208094954490662, -0.7779264450073242, -0.9690199494361877, -1.034871220588684, -0.966999888420105, -1.0688556432724, -1.0487215518951416, -1.150686502456665, -0.9502115249633789, -0.974104642868042, -0.9726707339286804, -1.1312395334243774, -1.1202423572540283, -1.033896565437317, -0.8779851794242859, -0.8987205624580383, -0.9873765707015991, -1.1438511610031128, -1.068489670753479, -0.9331914186477661, -0.9833625555038452, -1.1884185075759888, -1.2514338493347168, -1.1210933923721313, -1.1358509063720703, -1.3464162349700928, -1.4933077096939087, -1.4647009372711182, -1.1892623901367188, -1.2232176065444946, -1.0939708948135376, -1.0760273933410645, -0.973773181438446, -1.1139718294143677, -1.2368587255477905, -1.104583978652954, -1.016782283782959, -1.0350987911224365, -1.110069990158081, -1.0268396139144897, -1.1160746812820435, -0.9923778176307678, -1.040557622909546, -1.0087363719940186, -1.1628913879394531, -0.9542446732521057, -0.9659678339958191, -0.8321428298950195, -1.1840426921844482, -1.173536777496338, -1.114528775215149, -1.0171408653259277, -1.0636920928955078, -1.0070427656173706, -0.9434087872505188, -0.8339740037918091, -0.898883044719696, -0.9665765166282654, -0.9098795056343079, -0.8404166102409363, -0.8138887286186218, -0.7665702700614929, -0.7714174389839172, -0.7619660496711731, -0.8008726835250854, -0.7838822603225708, -0.6987817287445068, -0.7276050448417664, -0.699641227722168, -0.64820796251297, -0.6371484398841858, -0.5916815400123596, -0.42262575030326843, -0.2973729372024536, -0.3362438380718231, -0.47118911147117615, -0.45948556065559387, -0.4582589566707611, -0.47679391503334045, -0.41883623600006104, -0.3378605246543884]"
2021,22,0,60,0,0,0.4922552,18.033224,1.3829756,0.6194246324071359,34.992767,"[-0.01418436411768198, 0.04021453484892845, 0.04346020892262459, -0.008086465299129486, -0.08396532386541367, -0.021694639697670937, 0.15537451207637787, 0.12333749234676361, 0.02984815277159214, 0.0011014763731509447, -0.028521059080958366, 0.03888804838061333, 0.03617598116397858, -0.16219113767147064, -0.15787872672080994, -0.39772990345954895, -0.9541959166526794, -1.7626160383224487, -1.708069920539856, -1.6241555213928223, -1.35708749294281, -1.1228413581848145, -1.1406511068344116, -1.2277147769927979, -1.2141908407211304, -1.2358613014221191, -1.1461321115493774, -0.9610788822174072, -0.875785768032074, -0.7592734694480896, -0.8034326434135437, -0.9939807653427124, -1.064129114151001, -1.050868272781372, -1.2547450065612793, -1.1322510242462158, -1.1072382926940918, -1.0580991506576538, -0.9529725909233093, -1.124097228050232, -1.131669282913208, -1.1024057865142822, -1.0799040794372559, -0.8655782341957092, -0.8602213859558105, -0.9204885959625244, -0.9844431281089783, -1.040019154548645, -1.1941498517990112, -1.209158182144165, -1.180587887763977, -1.162182092666626, -1.0505461692810059, -1.0786116123199463, -0.8402041792869568, -0.7522290945053101, -0.6102703809738159, -0.44957080483436584, -0.2411179393529892, -0.14627878367900848, -0.11157966405153275, -0.17829905450344086, -0.10814782232046127, 0.03176994249224663, -0.16647279262542725, -0.4230167269706726, -0.3128785490989685, -0.2770642638206482, -0.2831569314002991, -0.2383788675069809, -0.15930186212062836, -0.05696090683341026, 0.08478964120149612, 0.1804102659225464, 0.18377771973609924, -0.05612300708889961, -0.18451523780822754, 0.04889679327607155, 0.4166010916233063, 0.4292910695075989, 0.2807803452014923, 0.268090158700943, 0.10432171076536179, -0.16881109774112701, -0.010202735662460327, -0.0033975078258663416, -0.24996288120746613, -0.5159018039703369, -0.6100314855575562, -0.5039257407188416, -0.37982338666915894, -0.5966750979423523, -0.4770091474056244, -0.35807090997695923, -0.18521903455257416, -0.09518028795719147, -0.18752089142799377, -0.13511095941066742, 0.003894313471391797, 0.19612976908683777, 0.17486338317394257, 0.2379421591758728, 0.15620748698711395, 0.09546998143196106, 0.0998615249991417, -0.048535823822021484, -0.02769618108868599, -0.038178179413080215, -0.227277010679245, -0.5000779628753662, -0.5175455808639526, -0.5152549743652344, -0.22388923168182373, -0.11865738034248352, -0.1649695485830307, -0.16305847465991974, -0.07357750833034515, -0.051152054220438004, -0.07624169439077377, -0.07137566804885864, -0.6845754384994507, -0.37200212478637695, 0.15806181728839874, 0.44918110966682434, 0.34409117698669434, 0.30105409026145935, 0.23966561257839203, 0.1608702689409256, -0.014240354299545288, -0.2649035155773163, -0.41749700903892517, -0.45340496301651, -0.47810494899749756, -0.204001322388649, -0.07080841064453125, -0.030034231022000313, -0.09690212458372116, 0.10525099188089371, 0.3195355534553528, 0.41297876834869385, -0.4916328191757202, 0.5071455836296082, 0.360664963722229, -0.08833710104227066, -0.36145535111427307, -0.452201247215271, -0.451016366481781, -0.29409733414649963, -0.23810917139053345, -0.2756732106208801, 0.29417458176612854, 1.4243297576904297, 1.7560639381408691, 1.717262625694275, 1.7020505666732788, 1.797208309173584, 1.8920018672943115, 1.7105923891067505, 1.962705373764038, 1.7021796703338623, 1.3081001043319702, 0.9571498036384583, 1.3397610187530518, 1.0157667398452759, 1.5125750303268433, 1.2151137590408325, 0.596430778503418, 0.43538424372673035, 0.23046696186065674, 0.30760666728019714, 0.526343047618866, 0.14311951398849487, -0.05522201210260391, -0.191433385014534, -0.287723183631897, -0.3422234356403351, -0.34555643796920776, -0.3500657081604004, -0.37182140350341797, -0.4685900807380676]"
2000,22,77,40,0,0,0.5068884,20.306696,1.2549047,0.6062511739756294,34.75037,"[0.874809980392456, 0.8403034806251526, 1.0328425168991089, 0.9419144988059998, 0.7979328632354736, 0.6056985855102539, 0.3474109172821045, 0.25498342514038086, 0.2773914635181427, 0.06700053066015244, 0.05928873270750046, 0.21841756999492645, 0.12551473081111908, 0.031019454821944237, -0.057919055223464966, 0.08449465781450272, 0.13718068599700928, 0.16763418912887573, 0.0509551577270031, -0.018580634146928787, -0.0014267094666138291, 0.023942293599247932, -0.006548020523041487, -0.005984872579574585, -0.015338463708758354, -0.024202408269047737, -0.010294805280864239, -0.07956145703792572, -0.1416645050048828, -0.2144533097743988, -0.15963882207870483, -0.09188731014728546, -0.0444381907582283, -0.0600426010787487, -0.1012696847319603, -0.10802694410085678, -0.17101366817951202, -0.3915349841117859, -0.4527965188026428, -0.4605911374092102, 0.08353044837713242, -0.3289264142513275, -0.29050758481025696, 0.04585284739732742, 0.1455819010734558, -0.02092832699418068, -0.24062010645866394, -0.3983568549156189, -0.09609800577163696, 0.13707450032234192, 0.20572002232074738, 0.16520322859287262, 0.11940360069274902, 0.14273974299430847, 0.11683127284049988, 0.12759113311767578, 0.14597874879837036, 0.3031526505947113, 0.3084163963794708, 0.2262333631515503, 0.4064438045024872, 0.4619050920009613, 0.3967355787754059, 0.36952561140060425, 0.4378041923046112, 0.4409462511539459, 0.2874471843242645, 0.15658500790596008, 0.01876968890428543, -0.18648281693458557, -0.3791627883911133, -0.6918027997016907, -0.32135146856307983, -0.1943175196647644, -0.39891788363456726, -0.2350643128156662, -0.10376010090112686, -0.13475070893764496, -0.16993430256843567, -0.09279100596904755, -1.918480634689331, -1.8571951389312744, -1.8066823482513428, -1.4482542276382446, -1.518809199333191, -1.818891167640686, -1.897454857826233, -1.9812514781951904, -1.9399442672729492, -1.7145441770553589, -1.4753849506378174, -1.5030674934387207, -2.017221689224243, -1.4839078187942505, -1.8259755373001099, -1.7609302997589111, -2.382664918899536, -1.6753592491149902, -1.4971942901611328, -0.9649955630302429, -0.7412210702896118, -0.750825822353363, -0.8390604853630066, -1.0641623735427856, -0.7991052865982056, -2.332451581954956, -1.2947561740875244, -1.3530662059783936, -1.2676481008529663, -1.4327569007873535, -1.294864296913147, -1.1624201536178589, -1.0929425954818726, -1.1748417615890503, -1.1621795892715454, -1.356434941291809, -1.4542171955108643, -1.266313076019287, -1.1284503936767578, -1.1968032121658325]"
2095,23,159,40,0,0,1.0778456,32.45374,1.889741,0.5499094450991229,34.553143,"[-0.6065861582756042, -0.4550037086009979, -0.5385103225708008, -0.6681864857673645, -0.7462212443351746, -0.5341576337814331, -0.35233184695243835, -0.1834724247455597, 0.023167699575424194, 0.11370610445737839, 0.20609696209430695, 0.379435658454895, 0.47954291105270386, 0.5811445116996765, 0.7162752747535706, 0.6741741299629211, 0.44690510630607605, 0.3640543222427368, 0.5207266807556152, 0.568077564239502, 0.6410856246948242, 0.689493715763092, 0.6300246119499207, 0.5379025936126709, 0.5176624655723572, 0.5391490459442139, 0.545235276222229, 0.7313616871833801, 0.7592498064041138, 0.7813052535057068, 0.6430307626724243, 0.6813952922821045, 0.8637612462043762, 0.9265854358673096, 0.7830265164375305, 0.6921947002410889, 0.8301154375076294, 0.9954130053520203, 0.9775883555412292, 0.8605106472969055, -1.2883573770523071, 0.7921566963195801, 1.6817396879196167, -0.9853560924530029, -2.0199193954467773, 0.3985764980316162, 1.6870296001434326, -0.7965444326400757, -2.39896559715271, -0.23360902070999146, 1.5655272006988525, 0.8855940103530884, -2.045454263687134, -1.0827548503875732, 1.3455556631088257, 1.5505152940750122, -2.293031692504883, -1.4867968559265137, 0.6340038776397705, 1.4295918941497803, -1.215429425239563, -2.361837148666382, 0.4528924524784088, 1.8240206241607666, -0.003206199500709772, -2.2991557121276855, -0.6305063366889954, 1.0087934732437134, 1.305745005607605, -1.5891817808151245, -1.5776383876800537, 0.7254063487052917, 1.8816741704940796, -1.061370611190796, -2.4552502632141113, -0.026073317974805832, 2.1766672134399414, 0.47230035066604614, -2.4998481273651123, -0.5050606727600098, -0.5233728289604187, -0.6345123648643494, -0.3712412714958191, 0.020322004333138466, -0.1439294070005417, -0.7588728070259094, -1.1112202405929565, -1.1265904903411865, -1.048683524131775, -1.2263134717941284, -1.1816037893295288, -1.4415560960769653, -1.2028573751449585, -1.5393364429473877, -2.149728536605835, -2.1488094329833984, -1.6929157972335815, -1.5223701000213623, -1.2918418645858765, -1.216850996017456, -1.1547333002090454, -1.31428861618042, -1.1718168258666992, -1.5858314037322998, -1.9119294881820679, -1.6889103651046753, -1.4852898120880127, -1.4525851011276245, -1.3792119026184082, -1.27388334274292, -0.9119584560394287, -0.5636472702026367, -0.3347700536251068, -0.2156400978565216, -0.3005291521549225, -0.1516457498073578, -0.14191403985023499, -0.06112902611494064, 0.05761505290865898, 0.06087171286344528]"
11086,123,154,30,2,0,0.10915899,15.42951,1.1499248,0.53898387886388,30.380074,"[1.2047491073608398, 0.8654075860977173, 0.006903211120516062, 0.05655237287282944, 0.8643079996109009, 0.9921339154243469, 0.3495276868343353, -0.2349487990140915, 0.17246688902378082, 1.0405969619750977, 0.83672696352005, 0.1157987117767334, -0.042077187448740005, 0.6805605292320251, 1.0003278255462646, 0.47112131118774414, -0.24279570579528809, 0.10363835841417313, 1.00724458694458, 1.1070524454116821, 0.15722344815731049, -0.13448819518089294, 0.28799572587013245, 0.98574298620224, 0.619830846786499, -0.024112720042467117, 0.38716164231300354, 1.1691322326660156, 0.716309666633606, -0.0772494226694107, -0.06838233768939972, -0.7825674414634705, -1.1142776012420654, -0.2833881080150604, -0.04434407129883766, -0.6043433547019958, -0.9271133542060852, -0.6728677749633789, -0.101831816136837, -0.003196899313479662, -0.564304530620575, -0.9488810300827026, -0.7106780409812927, -0.2095765471458435, -0.1667241007089615, -0.9263243675231934, -1.014214277267456, -0.31445014476776123, -0.07839212566614151, -0.49295297265052795, -1.0447146892547607, -0.9378557205200195, -0.11742690205574036, -0.04627910628914833, -0.8907964825630188, -1.09275221824646, -0.3383196294307709, 0.04837818443775177, -0.6995820999145508, -1.2550692558288574, 0.10807401686906815, 0.26666638255119324, -0.5751649737358093, -0.7858477234840393, -0.05901600047945976, 0.29032275080680847, -0.15667489171028137, -0.8851954340934753, -0.4402080774307251, 0.0811261385679245, 0.17382082343101501, -0.5368151068687439, -0.5673770904541016, 0.12975507974624634, 0.12668973207473755, -0.36690014600753784, -0.7385125756263733, 0.0152048384770751, 0.28154441714286804, -0.23978814482688904, -0.7697687149047852, -0.3240381181240082, 0.27411869168281555, 0.15249674022197723, -0.7155402898788452, -0.5987505912780762, 0.20194166898727417, 0.05962452292442322, -0.3532131612300873, -0.47650668025016785]"
11091,123,148,40,2,0,0.02357483,13.589219,1.1590376,0.5020726639130793,28.16919,"[0.04145066440105438, 0.7328816652297974, 0.9775511026382446, 0.2670062780380249, -0.2619786560535431, 0.279229998588562, 1.2047491073608398, 0.8654075860977173, 0.006903211120516062, 0.05655237287282944, 0.8643079996109009, 0.9921339154243469, 0.3495276868343353, -0.2349487990140915, 0.17246688902378082, 1.0405969619750977, 0.83672696352005, 0.1157987117767334, -0.042077187448740005, 0.6805605292320251, 1.0003278255462646, 0.47112131118774414, -0.24279570579528809, 0.10363835841417313, 1.00724458694458, 1.1070524454116821, 0.15722344815731049, -0.13448819518089294, 0.28799572587013245, 0.98574298620224, 0.619830846786499, -0.024112720042467117, 0.38716164231300354, 1.1691322326660156, 0.716309666633606, -0.0772494226694107, 0.0586063377559185, 0.761420726776123, 1.087552785873413, 0.3503592312335968, -0.43354856967926025, -0.13234762847423553, -0.3708212971687317, -0.832171618938446, -0.7948125004768372, -0.32013070583343506, -0.06838233768939972, -0.7825674414634705, -1.1142776012420654, -0.2833881080150604, -0.04434407129883766, -0.6043433547019958, -0.9271133542060852, -0.6728677749633789, -0.101831816136837, -0.003196899313479662, -0.564304530620575, -0.9488810300827026, -0.7106780409812927, -0.2095765471458435, -0.1667241007089615, -0.9263243675231934, -1.014214277267456, -0.31445014476776123, -0.07839212566614151, -0.49295297265052795, -1.0447146892547607, -0.9378557205200195, -0.11742690205574036, -0.04627910628914833, -0.8907964825630188, -1.09275221824646, -0.3383196294307709, 0.04837818443775177, -0.6995820999145508, -1.2550692558288574, -0.6423853635787964, 0.05792786926031113, -0.26645177602767944, -1.3146815299987793, -0.6241576671600342, 0.09515256434679031, 0.03267306834459305, -0.5124893188476562, -0.7711696028709412, -0.38595759868621826, 0.10807401686906815, 0.26666638255119324, -0.5751649737358093, -0.7858477234840393, -0.05901600047945976, 0.29032275080680847, -0.15667489171028137, -0.8851954340934753, -0.4402080774307251, 0.0811261385679245, 0.17382082343101501, -0.5368151068687439, -0.5673770904541016, 0.12975507974624634, 0.12668973207473755, -0.36690014600753784, -0.7385125756263733, 0.0152048384770751, 0.28154441714286804, -0.23978814482688904, -0.7697687149047852, -0.3240381181240082, 0.27411869168281555, 0.15249674022197723, -0.7155402898788452, -0.5987505912780762, 0.20194166898727417, 0.05962452292442322, -0.3532131612300873, -0.47650668025016785, -0.12637174129486084, 0.2135014683008194, 0.07488173246383667, -0.5375130772590637]"
11885,132,151,20,2,0,0.3232813,18.300402,1.0597081,0.4817390591412851,28.064945,"[-0.17125897109508514, 0.5748599171638489, 1.2575780153274536, 0.8709130883216858, 0.1044917032122612, 0.21706759929656982, 1.2160683870315552, 1.048410177230835, 0.31734946370124817, -0.03706533834338188, 0.6548004150390625, 1.2372945547103882, 0.49249324202537537, -0.15938341617584229, 0.2510364353656769, 1.3283690214157104, 1.1736050844192505, 0.2580398917198181, -0.23221249878406525, 0.47435232996940613, -1.1252986192703247, -0.5042860507965088, 0.1801876574754715, -0.17534761130809784, -1.1534461975097656, -0.9572563767433167, 0.012590051628649235, 0.19432199001312256, -0.68251633644104, -0.9363073110580444, -0.36873096227645874, 0.22539940476417542, -0.24764810502529144, -1.0746314525604248, -0.7529687881469727, -0.08099155128002167, -0.01962955854833126, -0.6126235127449036, -0.9053844809532166, -0.6020865440368652, -0.3764590620994568, -1.2619742155075073, -1.1158766746520996, 0.27979475259780884, 0.2265859693288803, -0.8288248181343079, -1.314492106437683, -0.6579191088676453, 0.15470680594444275, -0.02288040705025196, -0.9494397640228271, -1.2356691360473633, -0.2824251055717468, -0.02462461218237877, -0.25951603055000305, -1.277147889137268, -1.028709888458252, -0.10585768520832062, 0.08781816810369492, -0.8419013023376465]"
4772,53,80,30,3,3,1.4205351,79.89015,1.7375302,0.7661096276214749,119.93317,"[-0.9589246511459351, -0.9987791180610657, -1.4508776664733887, -1.609907627105713, -1.6844710111618042, -1.639431357383728, -1.7767871618270874, -1.2832826375961304, -1.1093783378601074, -0.9516094326972961, -1.0586382150650024, -1.331423282623291, -1.0809167623519897, -1.0691066980361938, -1.3114912509918213, -1.47152578830719, -1.2857472896575928, -1.2035043239593506, -1.1976765394210815, -1.379186987876892, -1.3620182275772095, -1.3689230680465698, -1.717996597290039, -1.5460506677627563, -1.1500893831253052, -1.1226855516433716, -1.3080334663391113, -1.3958961963653564, -1.0977280139923096, -0.8421171307563782, 0.6939790844917297, 0.7076877355575562, 0.43708786368370056, 0.17965024709701538, 0.0027979984879493713, 0.016748517751693726, -0.007539852522313595, -0.07845065742731094, -0.1484391987323761, -0.1669750064611435, 0.17885303497314453, 0.23695047199726105, 0.2350100427865982, 0.2936825156211853, 0.411922425031662, 0.48636144399642944, 0.5649152398109436, 0.5595026612281799, 0.5122079253196716, 0.28319957852363586, 0.03634108975529671, 0.03677336871623993, -0.07046911865472794, -0.15381570160388947, -0.319705992937088, -0.09467645734548569, 0.1116720587015152, 0.10213635116815567, 0.21701759099960327, 0.4670517146587372, 0.4173944294452667, 0.16602367162704468, 0.07996296882629395, 0.1964704990386963, 0.4206086993217468, 0.5567051768302917, 0.476842999458313, 0.9103968143463135, 1.154392957687378, 0.8100362420082092, 0.7205891609191895, 0.9324657917022705, 0.8739114999771118, 1.0147387981414795, 0.5530312061309814, 0.6195579171180725, 0.5016141533851624, 0.1678561121225357, 0.10158583521842957, 0.156727597117424, 0.38922950625419617, 0.46685734391212463, 0.5955362915992737, 1.0623575448989868, 0.9668213725090027, 0.714461624622345, 0.8491575717926025, 1.22852623462677, 1.2600195407867432, 0.8434019684791565]"
6122,68,167,30,3,3,1.5208106,74.582146,1.7873254,0.6822580501752451,110.482376,"[0.8962675929069519, 0.9075418710708618, 0.8482713103294373, 0.9489355087280273, 0.9843291640281677, 0.9752870798110962, 1.0847223997116089, 1.0417834520339966, 0.8274534940719604, 0.620752215385437, 0.7835620045661926, 0.9821040034294128, 1.2499113082885742, 1.4634640216827393, 1.3376034498214722, 1.0731240510940552, 0.872522234916687, 0.659284770488739, 0.6687698364257812, 0.9213303327560425, 0.997769296169281, 1.2917487621307373, 1.2352499961853027, 0.9819930195808411, 1.0981327295303345, 0.9492638111114502, 0.6777291297912598, 0.6049439311027527, 0.7774596810340881, 1.1731247901916504, -0.03962397947907448, 0.02278319001197815, 0.1416120082139969, -0.03918037191033363, -0.3982084095478058, -0.6253223419189453, -0.37981393933296204, -0.2988415062427521, -0.593507707118988, -0.31603777408599854, -0.019067788496613503, -0.04442529380321503, -0.01932687684893608, 0.06638384610414505, 0.17284411191940308, 0.1993836611509323, 0.1285688430070877, 0.10785016417503357, 0.15354372560977936, 0.07361361384391785, -0.1977783888578415, -0.3359471261501312, -0.4189556837081909, -0.41772139072418213, -0.526961088180542, -0.41679322719573975, -0.14169587194919586, -0.03834841772913933, -0.04252094775438309, 0.00886820163577795, 0.34946396946907043, -0.08471699804067612, -0.12059438973665237, 0.06791961193084717, 0.2800009846687317, 0.6590441465377808, 0.5878526568412781, 0.6092720031738281, 0.5423401594161987, 0.5799040198326111, 0.6610667109489441, 0.7428179979324341, 0.6629024744033813, 0.49272555112838745, 0.5111530423164368, 0.3625006377696991, 0.1097928062081337, -0.29304251074790955, -0.46165910363197327, -0.2966642379760742, -0.01378938090056181, 0.4100346565246582, 0.6676476001739502, 0.65256267786026, 0.7062428593635559, 0.6034389138221741, 0.5229206681251526, 0.5361496806144714, 0.5531811714172363, 0.5011992454528809]"
6045,67,83,40,3,3,1.418664,66.92015,2.0369177,0.7816380109792884,108.03897,"[1.1932872533798218, 0.8526060581207275, 0.2450854480266571, -0.24195848405361176, -0.08455820381641388, -0.30207839608192444, -0.7207971811294556, -0.9595784544944763, -1.037537693977356, -0.7577354907989502, -0.6129475235939026, -0.6508151292800903, -0.9301992654800415, -1.0951114892959595, -1.0569095611572266, -0.8513908386230469, -0.7955452799797058, -0.5946505665779114, -0.4980854392051697, -0.5888004302978516, -0.7311598062515259, -1.0235724449157715, -1.4058669805526733, -1.6124321222305298, -1.3509414196014404, -0.8695991039276123, -0.24615012109279633, -0.27729156613349915, -0.555798351764679, -0.4982825219631195, -0.40881776809692383, -0.15045501291751862, -0.16505490243434906, -0.15161459147930145, -0.18912465870380402, -0.3097775876522064, -0.3780389130115509, -0.28890666365623474, -0.30739641189575195, -0.39197519421577454, 0.39854106307029724, 0.32372185587882996, 0.45873069763183594, 0.5812471508979797, 0.5507844090461731, 0.6710781455039978, 0.7181951999664307, 0.8830621838569641, 1.0377452373504639, 0.9967077970504761, 1.0125075578689575, 0.8651297092437744, 0.8155596852302551, 0.6747580170631409, 0.671745777130127, 0.7234799265861511, 0.5205930471420288, 0.37904515862464905, 0.48793303966522217, 0.5766279101371765, 0.6012341380119324, 0.5661951899528503, 0.6238157153129578, 0.6613950729370117, 0.7672042846679688, 1.0176451206207275, 0.9866811037063599, 1.0068004131317139, 0.7743741869926453, 0.7419474720954895, 0.6656398177146912, 0.5309526324272156, 0.3837268650531769, 0.4302748739719391, 0.35276323556900024, 0.3187357485294342, 0.652946949005127, 0.7727969884872437, 0.7122676968574524, 0.7369837760925293, -0.2794216275215149, -0.28081950545310974, -0.2083970308303833, -0.316887766122818, -0.022390024736523628, 0.2100062221288681, 0.7286763191223145, 0.4056609570980072, 0.31281593441963196, 0.38722091913223267, 0.5504973530769348, 0.5921257138252258, 0.5497749447822571, 0.48066258430480957, 0.20152564346790314, 0.06880076974630356, 0.032254088670015335, -0.23723243176937103, -0.19446644186973572, -0.23076702654361725, 0.07729505002498627, 0.1567019373178482, 0.597866952419281, 0.48319011926651, 0.5515190362930298, 0.535194993019104, 0.5016941428184509, 0.7136484384536743, 0.6576828956604004, 0.4582858979701996, 0.2883615791797638, 0.27469345927238464, 0.08033081889152527, -0.2098102569580078, -0.11707223206758499, 0.07096794247627258, 0.1690191924571991, 0.4069347083568573, 0.45125019550323486, 0.4572441875934601]"
4770,53,111,30,3,3,1.5858889,69.26166,1.6622496,0.7379068317972881,107.819244,"[-1.3025240898132324, -1.0386364459991455, -1.0601941347122192, -0.9664180278778076, -1.2068779468536377, -1.527058720588684, -1.7381572723388672, -1.6262508630752563, -1.580337643623352, -1.0535657405853271, -0.8358544707298279, -0.8818680644035339, -1.046464443206787, -1.2911297082901, -1.0845324993133545, -1.000784158706665, -1.233255386352539, -1.282732605934143, -1.0136476755142212, -0.8725364208221436, -0.9617058634757996, -1.1911756992340088, -1.5686750411987305, -1.5924187898635864, -1.736531138420105, -1.4450994729995728, -0.9241478443145752, -0.7975772619247437, -1.0449975728988647, -1.2563062906265259, 0.537743866443634, 0.6198210120201111, 0.5718105435371399, 0.3719787299633026, 0.20219862461090088, 0.1500610113143921, -0.1272542029619217, -0.24097923934459686, 0.03371436148881912, 0.17712858319282532, 0.026421479880809784, 0.17501655220985413, 0.2158307135105133, 0.3047854006290436, 0.39623135328292847, 0.47057032585144043, 0.6072304844856262, 0.6021049618721008, 0.42060214281082153, 0.3460805416107178, 0.21856427192687988, 0.010370813310146332, -0.13288317620754242, 0.02540690451860428, 0.14184054732322693, -0.0040416419506073, 0.07352684438228607, 0.24738411605358124, 0.22490520775318146, 0.26973414421081543, 0.6189623475074768, 0.3331327438354492, 0.07585196197032928, 0.2949698269367218, 0.1344553530216217, -0.002022267086431384, 0.41103771328926086, 0.8107317686080933, 1.2205722332000732, 0.7713142037391663, 0.5648922920227051, 0.7406941652297974, 1.062945008277893, 1.1029211282730103, 0.8435873985290527, 0.6111787557601929, 0.2838175594806671, 0.03319757804274559, -0.1438751369714737, 0.026101114228367805, 0.08219189941883087, 0.1867227852344513, 0.5357999205589294, 0.684045672416687, 0.774661123752594, 0.5579134821891785, 0.48079177737236023, 0.6106778383255005, 0.4035433828830719, 0.5531711578369141]"
3964,44,98,30,3,3,1.5131645,69.07552,1.7056322,0.7176114230450688,106.66173,"[0.6010850071907043, 0.9013391733169556, 1.150322675704956, 1.4423682689666748, 1.3616290092468262, 1.3269621133804321, 1.0688230991363525, 0.6977658867835999, 0.6761945486068726, 0.7506961226463318, 0.903583824634552, 1.0007963180541992, 1.1447018384933472, 1.3705374002456665, 1.0627397298812866, 0.635452389717102, 0.5913295149803162, 0.7378584742546082, 1.014522671699524, 1.460205078125, 1.4864275455474854, 1.409995198249817, 1.222205400466919, 0.8359947800636292, 0.6816199421882629, 0.7330275774002075, 0.8494728803634644, 0.9987257122993469, 1.1334538459777832, 1.2192546129226685, 0.7033588290214539, 0.923129677772522, 0.769347071647644, 0.797061026096344, 0.9523615837097168, 0.7385159134864807, 0.48998868465423584, 0.4725542366504669, 0.43777894973754883, 0.417168527841568, 0.41176483035087585, 0.4401743412017822, 0.5243841409683228, 0.8039529919624329, 0.8828625679016113, 0.7594690322875977, 0.7594777345657349, 0.7740126252174377, 0.8132337927818298, 0.7817149758338928, 0.6708145141601562, 0.7544605135917664, 0.6994839310646057, 0.5217548608779907, 0.3919161856174469, 0.5663674473762512, 0.5438617467880249, 0.4390925168991089, 0.37222757935523987, 0.6909981369972229, 0.3310812711715698, 0.613130509853363, 0.2639371156692505, -0.1566765159368515, -0.03317275643348694, 0.11247584968805313, 0.027819298207759857, -0.27659323811531067, -0.1626347303390503, 0.2232731282711029, 0.3063030540943146, 0.37151971459388733, 0.38990727066993713, 0.3672792613506317, 0.31227388978004456, 0.309612512588501, 0.5180102586746216, 0.5494101047515869, 0.2923440635204315, -0.19531072676181793, 0.049831852316856384, 0.1260986477136612, 0.07725806534290314, -0.21166180074214935, -0.23113439977169037, 0.094457246363163, 0.5959415435791016, 0.4961201250553131, 0.6873329281806946, 0.6501200199127197]"
4799,53,59,50,3,3,1.8543901,62.34189,1.9885597,0.8056757332649531,104.61423,"[-1.141880989074707, -1.2041611671447754, -1.3848813772201538, -1.4369986057281494, -1.0453333854675293, -0.9822595119476318, -1.040021300315857, -1.2658745050430298, -1.3565446138381958, -1.4886683225631714, -1.596676230430603, -1.5054938793182373, -1.2079038619995117, -1.0693694353103638, -1.0887441635131836, -1.4121320247650146, -1.3480522632598877, -1.111644983291626, -1.4035714864730835, -1.4126951694488525, -1.1235034465789795, -0.9589246511459351, -0.9987791180610657, -1.4508776664733887, -1.609907627105713, -1.6844710111618042, -1.639431357383728, -1.7767871618270874, -1.2832826375961304, -1.1093783378601074, -0.9516094326972961, -1.0586382150650024, -1.331423282623291, -1.0809167623519897, -1.0691066980361938, -1.3114912509918213, -1.47152578830719, -1.2857472896575928, -1.2035043239593506, -1.1976765394210815, -1.379186987876892, -1.3620182275772095, -1.3689230680465698, -1.717996597290039, -1.5460506677627563, -1.1500893831253052, -1.1226855516433716, -1.3080334663391113, -1.3958961963653564, -1.0977280139923096, 0.16852781176567078, 0.10376865416765213, 0.08704755455255508, 0.19208773970603943, 0.5797848701477051, 0.8004090189933777, 0.6886793375015259, 0.5111565589904785, 0.27729612588882446, 0.17718729376792908, 0.12041865289211273, -0.047641605138778687, -0.19416722655296326, -0.2521803677082062, -0.3438800275325775, -0.09761221706867218, 0.19916954636573792, 0.318573534488678, 0.2940327823162079, 0.3133213222026825, 0.5460658669471741, 0.6939790844917297, 0.7076877355575562, 0.43708786368370056, 0.17965024709701538, 0.0027979984879493713, 0.016748517751693726, -0.007539852522313595, -0.07845065742731094, -0.1484391987323761, -0.1669750064611435, 0.17885303497314453, 0.23695047199726105, 0.2350100427865982, 0.2936825156211853, 0.411922425031662, 0.48636144399642944, 0.5649152398109436, 0.5595026612281799, 0.5122079253196716, 0.28319957852363586, 0.03634108975529671, 0.03677336871623993, -0.07046911865472794, -0.15381570160388947, -0.319705992937088, -0.09467645734548569, 0.1116720587015152, 0.10213635116815567, 0.21701759099960327, 0.6453276872634888, 0.8387120366096497, 1.0060580968856812, 0.7610258460044861, 0.5780467987060547, 0.3545578718185425, 0.2909519374370575, 0.46823573112487793, 0.47283217310905457, 0.5157433152198792, 0.4805106222629547, 0.5734875202178955, 0.9869306683540344, 1.0273135900497437, 0.642912745475769, 0.5992165207862854, 0.5412403345108032, 0.9108401536941528, 0.8981496691703796, 0.8117111921310425, 0.7821023464202881, 0.4173944294452667, 0.16602367162704468, 0.07996296882629395, 0.1964704990386963, 0.4206086993217468, 0.5567051768302917, 0.476842999458313, 0.9103968143463135, 1.154392957687378, 0.8100362420082092, 0.7205891609191895, 0.9324657917022705, 0.8739114999771118, 1.0147387981414795, 0.5530312061309814, 0.6195579171180725, 0.5016141533851624, 0.1678561121225357, 0.10158583521842957, 0.156727597117424, 0.38922950625419617, 0.46685734391212463, 0.5955362915992737, 1.0623575448989868, 0.9668213725090027, 0.714461624622345, 0.8491575717926025, 1.22852623462677, 1.2600195407867432]"
3703,41,59,40,3,3,1.7711143,66.24795,1.9776778,0.722918587254493,104.37155,"[0.6817469000816345, 0.9290727376937866, 1.1630444526672363, 1.3792728185653687, 1.3498705625534058, 1.3560835123062134, 1.1741104125976562, 0.9295066595077515, 0.8130260109901428, 0.783883810043335, 0.9496009945869446, 1.1533983945846558, 1.1381922960281372, 1.1963170766830444, 1.0568592548370361, 0.6655588746070862, 0.6298271417617798, 0.7836712598800659, 1.0172088146209717, 1.09697425365448, 1.4209847450256348, 1.4466569423675537, 1.2723456621170044, 0.8413479924201965, 0.5539621710777283, 0.6383640170097351, 0.8588994741439819, 1.0835753679275513, 1.1237560510635376, 1.1425634622573853, 1.1257014274597168, 0.843309760093689, 0.7257758378982544, 0.7602373957633972, 0.948130190372467, 1.0748310089111328, 1.3929940462112427, 1.3607245683670044, 1.2592887878417969, 0.985846757888794, 0.657930850982666, 0.4827406108379364, 0.2818221151828766, 0.2576436698436737, 0.3723132014274597, 0.6375938057899475, 0.6886793375015259, 0.628440797328949, 0.5518368482589722, 0.798602819442749, 1.0451362133026123, 1.1381769180297852, 1.0792807340621948, 0.9521894454956055, 0.8165034055709839, 0.7767679691314697, 0.7551907896995544, 0.7838877439498901, 0.5906497240066528, 0.40130046010017395, 0.4214698076248169, 0.5244691371917725, 0.6675373315811157, 0.5836530327796936, 0.5123642683029175, 0.5911584496498108, 0.9007128477096558, 1.2216821908950806, 1.1089768409729004, 1.0049556493759155, 0.8136547803878784, 0.8198639154434204, 0.707417368888855, 0.6353896260261536, 0.4610801339149475, 0.39379411935806274, 0.31731364130973816, 0.35438328981399536, 0.590114414691925, 0.7234799265861511, 0.15676727890968323, -0.31926217675209045, -0.6808797717094421, -0.4407714605331421, -0.15471981465816498, 0.2989383041858673, 0.4902540445327759, 0.5518438220024109, 0.5754263997077942, 0.6183527708053589, 0.4982258677482605, 0.5734875202178955, 0.3882312476634979, 0.40952250361442566, 0.36028459668159485, 0.1315053552389145, 0.09455402940511703, 0.11693820357322693, -0.3089776039123535, -0.36099010705947876, -0.16646000742912292, 0.20003731548786163, 0.31578660011291504, 0.13473762571811676, 0.2535775303840637, 0.5268856883049011, 0.6171079874038696, 0.32154789566993713, 0.24668310582637787, 0.2758936882019043, 0.3422165513038635, 0.12778320908546448, 0.17289501428604126, 0.06835471838712692, -0.12476296722888947, -0.3461438715457916, -0.17131651937961578, 0.3130500614643097, 0.2688646912574768, 0.18354849517345428]"
3700,41,102,40,3,3,1.7056584,67.05236,1.8969264,0.7049433378718728,104.19646,"[1.2076478004455566, 1.2642780542373657, 0.9909664392471313, 1.0214016437530518, 0.9242230653762817, 0.672025203704834, 0.6858245730400085, 0.8632654547691345, 1.1052019596099854, 1.2839604616165161, 1.1728118658065796, 1.276489496231079, 1.101306438446045, 0.8271575570106506, 0.7055462002754211, 0.7469813823699951, 0.9732260704040527, 1.2250261306762695, 1.0674530267715454, 1.0377696752548218, 1.1089732646942139, 0.8601341843605042, 0.8172025084495544, 0.9668391346931458, 1.0937471389770508, 1.0379406213760376, 1.2334177494049072, 1.3533879518508911, 1.4557018280029297, 1.2230250835418701, 0.8643166422843933, 0.8253998756408691, 0.8646887540817261, 1.039607048034668, 1.0731998682022095, 1.1263576745986938, 1.0742528438568115, 0.902891218662262, 0.628736138343811, 0.7641592621803284, 1.1297913789749146, 1.1013320684432983, 0.9186505079269409, 0.9736080765724182, 0.7638858556747437, 0.6446917653083801, 0.6822471022605896, 0.6551933884620667, 0.5145389437675476, 0.3799903094768524, 0.4883001744747162, 0.5718105435371399, 0.610439658164978, 0.6287899613380432, 0.7385100722312927, 0.8532069325447083, 0.977755069732666, 1.2924822568893433, 1.2310034036636353, 1.0551908016204834, 0.8257154822349548, 0.8447349071502686, 0.6817903518676758, 0.492669016122818, 0.25600433349609375, 0.4490027129650116, 0.581332266330719, 0.5119215250015259, 0.6332002282142639, 0.743354320526123, 0.6325523853302002, 0.5967944860458374, 0.8878921866416931, 1.0543431043624878, 1.197391152381897, 0.9569790959358215, 0.9264675378799438, 0.9146528244018555, 0.7096577286720276, 0.5698786973953247, 0.5416468977928162, 0.3763318657875061, 0.30399638414382935, 0.3063802123069763, 0.28944265842437744, 0.30533459782600403, 0.2872287333011627, -0.05154716596007347, -0.07771889865398407, 0.076875701546669, 0.24969729781150818, 0.41586729884147644, 0.4369046688079834, 0.4592025578022003, 0.4481850564479828, 0.626193642616272, 0.8952761292457581, 0.7055258750915527, 0.30282628536224365, 0.3376081585884094, 0.3560120463371277, 0.3623368442058563, 0.3323121964931488, 0.11004539579153061, -0.1503627449274063, -0.17406053841114044, 0.2030424326658249, 0.6709885597229004, 0.6255214214324951, 0.5136993527412415, 0.49679574370384216, 0.7100197076797485, 0.8437291979789734, 0.634226381778717, 0.3822925090789795, 0.5626668334007263, 0.5114336013793945, 0.24727171659469604, 0.010478177107870579, -0.05650999769568443]"
3713,41,20,50,3,3,2.0176864,65.81956,2.1433282,0.7027999825619295,103.10288,"[1.1478359699249268, 1.139353632926941, 1.079709768295288, 1.0709837675094604, 1.0407129526138306, 0.7534140348434448, 0.6995683312416077, 0.7846639752388, 1.0237025022506714, 1.077026605606079, 1.2302626371383667, 1.3730857372283936, 1.4119999408721924, 1.0097651481628418, 0.8985375761985779, 0.7100569009780884, 0.8071035146713257, 1.1661865711212158, 1.0397632122039795, 1.0114821195602417, 0.9412769079208374, 0.7963104248046875, 0.7475293278694153, 0.8984679579734802, 1.035722017288208, 1.2586934566497803, 1.2647255659103394, 1.310532808303833, 1.4569873809814453, 1.0622965097427368, 0.7561209797859192, 0.6688883900642395, 0.6222333312034607, 1.0579949617385864, 1.158835768699646, 1.0451911687850952, 1.3335801362991333, 1.093196988105774, 0.7032861709594727, 0.6817469000816345, 0.9290727376937866, 1.1630444526672363, 1.3792728185653687, 1.3498705625534058, 1.3560835123062134, 1.1741104125976562, 0.9295066595077515, 0.8130260109901428, 0.783883810043335, 0.9496009945869446, 0.7477842569351196, 0.9053328633308411, 1.1857694387435913, 0.967778205871582, 1.0580976009368896, 0.9722781181335449, 0.7651268243789673, 0.5703871846199036, 0.4354315400123596, 0.4939388334751129, 0.5621787905693054, 0.48724034428596497, 0.44137459993362427, 0.5203108787536621, 0.6515496373176575, 0.7994151711463928, 0.8169712424278259, 0.8796812891960144, 1.1302170753479004, 1.170681357383728, 1.1373926401138306, 1.0278303623199463, 0.8968774676322937, 0.6450241804122925, 0.4958913028240204, 0.4135075509548187, 0.35833221673965454, 0.46438801288604736, 0.5090044140815735, 0.44351235032081604, 0.3436334729194641, 0.526016116142273, 0.9597256183624268, 1.284958839416504, 1.259865164756775, 1.1246767044067383, 1.1574456691741943, 1.156736135482788, 0.8453859090805054, 0.657930850982666, 0.4827406108379364, 0.2818221151828766, 0.2576436698436737, 0.3723132014274597, 0.6375938057899475, 0.6886793375015259, 0.628440797328949, 0.5518368482589722, 0.798602819442749, 1.0451362133026123, 0.49403101205825806, 0.5672831535339355, 0.6815162301063538, 0.553310215473175, 0.4015551209449768, 0.2717434763908386, 0.22349406778812408, 0.21825434267520905, 0.05844496935606003, -0.43600577116012573, -0.4985896050930023, -0.17381256818771362, 0.2663414180278778, 0.4323199391365051, 0.3241453766822815, 0.4751555025577545, 0.4980142414569855, 0.6039924621582031, 0.6584662199020386, 0.5538015365600586, 0.29643237590789795, 0.3941955268383026, 0.25315770506858826, 0.1416458636522293, -0.039127200841903687, -0.19937966763973236, -0.07381641119718552, -0.09642425924539566, 0.4320029616355896, 0.6997222900390625, 0.5884702801704407, 0.4209568202495575, 0.4139510989189148, 0.770267128944397, 0.723525881767273, 0.7844787836074829, 0.3462388217449188, 0.32111626863479614, 0.15633250772953033, 0.15676727890968323, -0.31926217675209045, -0.6808797717094421, -0.4407714605331421, -0.15471981465816498, 0.2989383041858673, 0.4902540445327759, 0.5518438220024109, 0.5754263997077942, 0.6183527708053589, 0.4982258677482605]"
7842,87,54,40,1,1,1.7630019,59.337463,1.8972888,0.6993239233891313,96.20095,"[1.1078397035598755, 0.38350343704223633, -2.081582546234131, -2.122713327407837, -1.762657880783081, -1.427747130393982, -1.3999652862548828, -2.618077516555786, -2.299546718597412, -0.4823581576347351, 0.5731561183929443, 1.1336696147918701, 1.0531901121139526, -0.06276398152112961, -1.6789805889129639, -1.5762242078781128, -1.3169902563095093, -1.1767610311508179, -1.274360179901123, -3.0362918376922607, -1.8965678215026855, -0.06824799627065659, 0.7166651487350464, 1.1901216506958008, 0.8498097658157349, -1.5871177911758423, -2.0435843467712402, -1.3419712781906128, -1.3009189367294312, -1.1082831621170044, -1.5378843545913696, -2.9424402713775635, -0.9396078586578369, 0.31821322441101074, 0.6751793622970581, 0.7891002297401428, 0.7046260833740234, -1.1028456687927246, -1.5118252038955688, -1.332665205001831, -2.5036637783050537, -2.0170319080352783, -0.2609071433544159, 0.5215534567832947, 0.48232048749923706, -1.1173547506332397, -2.9863102436065674, -1.3294947147369385, 0.17335747182369232, 1.0569697618484497, 1.044631838798523, -0.6308226585388184, -2.92918062210083, -0.9409782290458679, 0.3941895663738251, 0.7696884274482727, -0.008441002108156681, -2.5241053104400635, -2.414771556854248, -0.5313265919685364, 0.7356206178665161, 1.1361682415008545, 0.859857439994812, -1.9640833139419556, -2.2028820514678955, -0.4507024586200714, 0.40481507778167725, 0.5872365236282349, -0.048409298062324524, -2.6659302711486816, -2.0208053588867188, -0.17132899165153503, 0.8808054327964783, 0.9059977531433105, 0.4687281847000122, -2.3191535472869873, -1.9066892862319946, -0.15343694388866425, 0.6158589720726013, 0.6580184698104858, 0.37268438935279846, 1.2443571090698242, 0.6453935503959656, 0.3821328282356262, 0.557000994682312, -0.3708779811859131, -0.2786315083503723, -0.3244844973087311, -0.8290443420410156, -0.42280513048171997, -1.425268530845642, 0.07171966135501862, 0.6145498752593994, 1.0473600625991821, 0.3515682816505432, 0.19706623256206512, 0.0841515064239502, -0.6546644568443298, -0.25403088331222534, -0.8913544416427612, -0.6729578971862793, -0.1734577715396881, -0.8398153185844421, 0.254348486661911, 0.30623650550842285, 0.4856766164302826, 0.3811682462692261, 0.22218477725982666, 0.2808033227920532, -0.18424318730831146, 0.03801147639751434, -0.5708138942718506, -0.8172832727432251, 0.03142460435628891, -0.7343805432319641, 0.5252764225006104, 0.44271132349967957, 0.7125899791717529, 0.30330875515937805, 0.3605804145336151]"
7836,87,54,30,1,1,1.4581051,57.252163,1.6137214,0.6515716464147963,91.444466,"[1.1078397035598755, 0.38350343704223633, -2.081582546234131, -2.122713327407837, -1.762657880783081, -1.427747130393982, -1.3999652862548828, -2.618077516555786, -2.299546718597412, -0.4823581576347351, 0.5731561183929443, 1.1336696147918701, 1.0531901121139526, -0.06276398152112961, -1.6789805889129639, -1.5762242078781128, -1.3169902563095093, -1.1767610311508179, -1.274360179901123, -3.0362918376922607, -1.8965678215026855, -0.06824799627065659, 0.7166651487350464, 1.1901216506958008, 0.8498097658157349, -1.5871177911758423, -2.0435843467712402, -1.3419712781906128, -1.3009189367294312, -1.1082831621170044, -2.5036637783050537, -2.0170319080352783, -0.2609071433544159, 0.5215534567832947, 0.48232048749923706, -1.1173547506332397, -2.9863102436065674, -1.3294947147369385, 0.17335747182369232, 1.0569697618484497, 1.044631838798523, -0.6308226585388184, -2.92918062210083, -0.9409782290458679, 0.3941895663738251, 0.7696884274482727, -0.008441002108156681, -2.5241053104400635, -2.414771556854248, -0.5313265919685364, 0.7356206178665161, 1.1361682415008545, 0.859857439994812, -1.9640833139419556, -2.2028820514678955, -0.4507024586200714, 0.40481507778167725, 0.5872365236282349, -0.048409298062324524, -2.6659302711486816, 0.37268438935279846, 1.2443571090698242, 0.6453935503959656, 0.3821328282356262, 0.557000994682312, -0.3708779811859131, -0.2786315083503723, -0.3244844973087311, -0.8290443420410156, -0.42280513048171997, -1.425268530845642, 0.07171966135501862, 0.6145498752593994, 1.0473600625991821, 0.3515682816505432, 0.19706623256206512, 0.0841515064239502, -0.6546644568443298, -0.25403088331222534, -0.8913544416427612, -0.6729578971862793, -0.1734577715396881, -0.8398153185844421, 0.254348486661911, 0.30623650550842285, 0.4856766164302826, 0.3811682462692261, 0.22218477725982666, 0.2808033227920532, -0.18424318730831146]"
6680,74,10,50,1,1,2.0528183,56.600864,2.1816254,0.6515716464147963,91.36107,"[-0.7120583653450012, -0.4473668932914734, 0.25424474477767944, 0.7119153141975403, 0.429819256067276, 0.505867063999176, 0.5831919312477112, 1.3337937593460083, 1.7960277795791626, 0.4656343162059784, -0.6398658156394958, -0.7247726917266846, -0.6383070349693298, -0.5073853731155396, 0.4267015755176544, 0.7641090154647827, 0.5744360685348511, 0.5228025913238525, 0.911967933177948, 1.944929599761963, 0.9702468514442444, -0.13591913878917694, -0.624353289604187, -0.6330440044403076, -0.6505076289176941, 0.0007191128679551184, 0.6974276304244995, 0.836662769317627, 0.6242163181304932, 0.7510456442832947, 1.3047794103622437, 1.919206976890564, 0.6507828831672668, -0.4825282394886017, -0.813058614730835, -0.6242890954017639, -0.22115056216716766, 0.5563973784446716, 0.6037478446960449, 0.43638455867767334, 0.4417860507965088, 0.9109264612197876, 1.7593475580215454, 1.2247544527053833, -0.034468770027160645, -0.6435937881469727, -0.6747074127197266, -0.5364872813224792, -0.34605175256729126, 0.4353106915950775, -0.18022647500038147, 0.06497102975845337, -0.5838392972946167, -2.2395482063293457, -1.7212531566619873, -0.5224147439002991, 0.4135417342185974, 1.057563066482544, 0.2848982810974121, -2.3495638370513916, -1.830889344215393, -0.5236356258392334, 0.03010471723973751, 0.12769044935703278, -1.3580580949783325, -2.563426971435547, -1.2267473936080933, 0.15181711316108704, 0.8745259642601013, 0.8745676279067993, -1.7339515686035156, -2.025908946990967, -0.9217002391815186, -0.23395173251628876, 0.0448923334479332, -0.21186666190624237, -2.2533631324768066, -2.2134835720062256, -0.6185472011566162, 0.7132387161254883, 1.0304449796676636, 0.14680121839046478, -2.322567939758301, -1.703070878982544, -0.46718108654022217, -0.18915770947933197, -0.046526845544576645, -1.5831040143966675, -2.416745662689209, -1.313171625137329, -0.14975033700466156, 0.8353045582771301, 1.040656566619873, -1.303269624710083, -2.366093635559082, -1.0672129392623901, -0.26982760429382324, 0.18834298849105835, -0.21588224172592163, -2.086564779281616, 0.6623724699020386, 0.7005220651626587, 0.1999102532863617, 0.011890525929629803, -0.164807990193367, -0.23996734619140625, 0.5021419525146484, 1.3305437564849854, 0.9398824572563171, 0.6073445081710815, 0.8225856423377991, 0.6274207234382629, 1.058988332748413, 0.7315455675125122, 0.24895302951335907, -0.1988205909729004, -0.36925753951072693, 0.054301802068948746, 1.2644318342208862, 1.1138757467269897, 0.8841386437416077, 0.705165684223175, 0.7566298842430115, 0.9944823980331421, 1.091835379600525, 0.7316733002662659, 0.3818485736846924, -0.04470408335328102, 0.09329593926668167, 1.0404024124145508, 1.1635760068893433, 0.8600887656211853, 0.8740739226341248, 0.9720607399940491, 0.8677117824554443, 1.234228491783142, 0.6949964761734009, 0.2226608395576477, -0.03824770823121071, -0.12578432261943817, 0.09145248681306839, 0.8377127051353455, 0.7267331480979919, 0.6300191283226013, 0.7441636323928833, 1.0374119281768799, 0.514513373374939, 0.26009970903396606, 0.11990808695554733, 0.03951277956366539]"
7833,87,101,30,1,1,1.4198065,57.333065,1.5804081,0.6202969528911084,89.92832,"[0.9028273820877075, 0.7867656350135803, -1.5982873439788818, -1.354462742805481, -1.1833672523498535, -1.2403894662857056, -1.2947478294372559, -2.1450464725494385, -1.7589894533157349, -0.17854204773902893, 0.8186097741127014, 1.022713541984558, 0.8215599656105042, -0.780971884727478, -1.911348819732666, -1.5669265985488892, -1.5821396112442017, -1.280397653579712, -1.2206755876541138, -2.4645440578460693, -0.9703711271286011, 0.2229967564344406, 0.7542120814323425, 1.0000680685043335, 0.9349524974822998, -0.49452295899391174, -1.2809697389602661, -1.3683888912200928, -1.493599534034729, -1.212735652923584, -2.3109281063079834, -1.7821449041366577, 0.150165393948555, 0.7567116022109985, 0.7278080582618713, -1.5188623666763306, -2.7331533432006836, -1.3517794609069824, 0.5476838946342468, 1.0461812019348145, 0.705357015132904, -1.41875159740448, -2.533937692642212, -0.6315443515777588, 0.34742122888565063, 0.6544459462165833, 0.35276323556900024, -2.1638710498809814, -3.2045676708221436, -0.6934637427330017, 0.8075241446495056, 0.8355745077133179, 0.7313259243965149, -2.012415647506714, -2.614767074584961, -0.43239477276802063, 0.5234628319740295, 0.7059684991836548, -0.8852642774581909, -3.1567800045013428, 0.145642951130867, 0.37997889518737793, 0.2531990706920624, 0.32240819931030273, 0.3646775782108307, -0.3348546624183655, -0.0639420747756958, -0.8381565809249878, -0.6047884821891785, -0.11369013041257858, -0.8717760443687439, 0.14540299773216248, 0.05460100993514061, 0.8221563100814819, 0.27878743410110474, 0.1191873848438263, 0.3523588180541992, -0.37289032340049744, -0.08850400894880295, -0.46063536405563354, -0.9313948154449463, 0.11305487155914307, -1.2243345975875854, 0.17007870972156525, 0.30308276414871216, 0.6873329281806946, 0.37539318203926086, 0.3728872537612915, 0.4287317991256714, -0.2426045686006546]"
8838,98,55,40,1,1,1.8120894,54.798485,2.115673,0.6516393191668091,89.496124,"[1.785886287689209, 3.277430534362793, 0.9845513105392456, -1.1225616931915283, -1.1615960597991943, -0.781636655330658, -0.192452073097229, 0.7349598407745361, 0.8790185451507568, 0.6671074628829956, 0.7798129916191101, 1.4654682874679565, 2.9328360557556152, 1.3660154342651367, -0.962663471698761, -1.2177778482437134, -0.823808491230011, -0.37887445092201233, 0.6607478857040405, 1.1069337129592896, 0.7355960607528687, 0.6209421157836914, 1.0172088146209717, 2.2377331256866455, 2.4883759021759033, 0.4801286458969116, -0.8372769355773926, -0.9902902245521545, -0.665673553943634, -0.3539150357246399, 0.7942874431610107, 0.9241126179695129, 0.7881131768226624, 1.1106964349746704, 1.6834980249404907, 2.457984209060669, 0.7693144679069519, -0.8164957165718079, -0.9981486201286316, -0.6310935020446777, -1.5969196557998657, -2.259089708328247, -1.0716091394424438, -0.4299977719783783, -0.416836678981781, -0.770781934261322, -2.3033676147460938, -2.0930047035217285, -0.09449803829193115, 1.3804380893707275, 1.4841238260269165, 0.5697987079620361, -2.2793643474578857, -1.6180131435394287, -0.5682008266448975, -0.19464391469955444, -0.14700250327587128, -2.212578058242798, -2.3433098793029785, -0.7662558555603027, 0.8375642895698547, 1.3821489810943604, 1.0403592586517334, -1.9213489294052124, -2.132749080657959, -0.8415814638137817, -0.23584705591201782, -0.18581415712833405, -1.378852367401123, -2.7161405086517334, -1.3656212091445923, 0.39531439542770386, 1.2916579246520996, 1.2275404930114746, -0.11490616947412491, -2.358105421066284, -1.3346091508865356, -0.3899727165699005, -0.1691226065158844, -0.4672996997833252, -0.43419909477233887, 0.925851047039032, 2.395678997039795, 1.7772186994552612, 1.1143457889556885, 0.6761893033981323, 0.8397401571273804, 1.8703771829605103, 2.38315486907959, 1.1332318782806396, 0.07171966135501862, -0.2633349299430847, -0.10169562697410583, 2.4242782592773438, 3.2440929412841797, 1.9827752113342285, 0.928991973400116, 0.5239282250404358, 1.1476058959960938, 2.6571457386016846, 1.5596851110458374, 0.4222851097583771, -0.10778972506523132, -0.21945717930793762, 1.789949893951416, 3.0437934398651123, 2.131661891937256, 0.9380989670753479, 0.5771842002868652, 0.7606950998306274, 2.6506690979003906, 1.6501842737197876, 0.42606520652770996, 0.0343063659965992, -0.16628310084342957, 0.3130350410938263, 2.3116862773895264, 2.0151169300079346, 1.5422861576080322, 0.6898621916770935]"
8833,98,70,40,1,1,1.7594762,54.565662,2.0066466,0.6516393191668091,89.154274,"[-1.2177778482437134, -0.823808491230011, -0.37887445092201233, 0.6607478857040405, 1.1069337129592896, 0.7355960607528687, 0.6209421157836914, 1.0172088146209717, 2.2377331256866455, 2.4883759021759033, 0.4801286458969116, -0.8372769355773926, -0.9902902245521545, -0.665673553943634, -0.3539150357246399, 0.7942874431610107, 0.9241126179695129, 0.7881131768226624, 1.1106964349746704, 1.6834980249404907, 2.457984209060669, 0.7693144679069519, -0.8164957165718079, -0.9981486201286316, -0.6310935020446777, -0.2986515760421753, 0.9121700525283813, 0.995418131351471, 0.7357516884803772, 0.7932574152946472, 1.265953540802002, 2.369999647140503, 1.495079517364502, -0.09387335926294327, -0.7510744333267212, -0.91029953956604, -0.8119764924049377, 0.05389655381441116, 0.9658008217811584, 0.7715782523155212, -0.19464391469955444, -0.14700250327587128, -2.212578058242798, -2.3433098793029785, -0.7662558555603027, 0.8375642895698547, 1.3821489810943604, 1.0403592586517334, -1.9213489294052124, -2.132749080657959, -0.8415814638137817, -0.23584705591201782, -0.18581415712833405, -1.378852367401123, -2.7161405086517334, -1.3656212091445923, 0.39531439542770386, 1.2916579246520996, 1.2275404930114746, -0.11490616947412491, -2.358105421066284, -1.3346091508865356, -0.3899727165699005, -0.1691226065158844, -0.4672996997833252, -1.9247937202453613, -2.190307855606079, -0.4098699688911438, 1.2466295957565308, 1.377273678779602, 0.5503972172737122, -1.9266068935394287, -1.6673375368118286, -0.4185734987258911, -0.18634448945522308, -0.5295532941818237, -1.6679397821426392, -2.348114013671875, -1.0272008180618286, 0.7268664240837097, 1.9827752113342285, 0.928991973400116, 0.5239282250404358, 1.1476058959960938, 2.6571457386016846, 1.5596851110458374, 0.4222851097583771, -0.10778972506523132, -0.21945717930793762, 1.789949893951416, 3.0437934398651123, 2.131661891937256, 0.9380989670753479, 0.5771842002868652, 0.7606950998306274, 2.6506690979003906, 1.6501842737197876, 0.42606520652770996, 0.0343063659965992, -0.16628310084342957, 0.3130350410938263, 2.3116862773895264, 2.0151169300079346, 1.5422861576080322, 0.6898621916770935, 0.7358630299568176, 0.920645534992218, 1.2452808618545532, 0.2491186112165451, -0.25818413496017456, -0.4878172278404236, -0.28894126415252686, 0.9547985196113586, 1.8363351821899414, 1.3534692525863647, 0.8116238713264465, 0.7845751047134399, 0.8592495918273926, 2.4044790267944336, 1.7546230554580688]"
6693,74,46,60,1,1,2.0912313,54.013065,2.3810415,0.6515716464147963,88.97269,"[-0.22115056216716766, 0.5563973784446716, 0.6037478446960449, 0.43638455867767334, 0.4417860507965088, 0.9109264612197876, 1.7593475580215454, 1.2247544527053833, -0.034468770027160645, -0.6435937881469727, -0.6747074127197266, -0.5364872813224792, -0.34605175256729126, 0.4353106915950775, 0.5683810114860535, 0.5821173191070557, 0.5790776610374451, 0.9301981329917908, 2.107693910598755, 1.1943308115005493, 0.07402951270341873, -0.5802762508392334, -0.9737058281898499, -0.4615887999534607, 0.7367063760757446, 1.210858941078186, 0.6784458756446838, 0.29764577746391296, 0.6117327213287354, 1.6769397258758545, 1.9706370830535889, 0.6713830232620239, -0.3384806215763092, -0.7892698645591736, -0.6367486119270325, 0.14183016121387482, 1.1733993291854858, 0.799856424331665, 0.5143291354179382, 0.3850781321525574, 0.8244484663009644, 2.1115050315856934, 1.8223949670791626, 0.3082411587238312, -0.7020229697227478, -1.0048836469650269, -0.5422812700271606, 0.7352559566497803, 1.3114911317825317, 0.8403897285461426, 0.396332323551178, 0.41881176829338074, 1.3706086874008179, 2.5009498596191406, 1.0452038049697876, -0.270910382270813, -0.8351705074310303, -0.7833964228630066, -0.19634632766246796, 0.7786749005317688, -0.046526845544576645, -1.5831040143966675, -2.416745662689209, -1.313171625137329, -0.14975033700466156, 0.8353045582771301, 1.040656566619873, -1.303269624710083, -2.366093635559082, -1.0672129392623901, -0.26982760429382324, 0.18834298849105835, -0.21588224172592163, -2.086564779281616, -2.2769525051116943, -0.9842125177383423, 0.2576436698436737, 1.0051017999649048, 0.8919925689697266, -1.557281494140625, -1.9029436111450195, -0.8466048836708069, -0.22722595930099487, 0.11058121174573898, -0.8610543012619019, -2.4014768600463867, -1.4917142391204834, -0.2189156860113144, 0.7253338098526001, 1.1567617654800415, 0.14764177799224854, -1.8588321208953857, -1.1383343935012817, -0.4863013029098511, -0.023945383727550507, 0.015093054622411728, -1.7522295713424683, -2.1318368911743164, -1.0045462846755981, 0.2706531584262848, 1.1390453577041626, 1.0074872970581055, -0.9376040697097778, -1.8678903579711914, -1.0489988327026367, -0.4937747120857239, -0.057950615882873535, -0.3660609722137451, -2.098845958709717, -1.8002320528030396, -0.405362606048584, 0.6819496750831604, 1.1762056350708008, 0.3348068594932556, -2.1055595874786377, -1.1746740341186523, -0.5296993255615234, -0.026339786127209663, -0.07203464955091476, -1.3614916801452637, 0.6949964761734009, 0.2226608395576477, -0.03824770823121071, -0.12578432261943817, 0.09145248681306839, 0.8377127051353455, 0.7267331480979919, 0.6300191283226013, 0.7441636323928833, 1.0374119281768799, 0.514513373374939, 0.26009970903396606, 0.11990808695554733, 0.03951277956366539, -0.07547815144062042, -0.15816667675971985, 0.2803069055080414, 0.8640044927597046, 0.892213761806488, 0.8489978313446045, 0.6145498752593994, 0.3907567858695984, 0.49522143602371216, 0.4273647665977478, 0.475620299577713, 0.2144152969121933, 0.020542927086353302, -0.023282188922166824, 0.6179249286651611, 0.7735171914100647, 0.8904837369918823, 0.8377932906150818, 0.8319302201271057, 0.8018640875816345, 0.7977694869041443, 0.5217106342315674, 0.04344654828310013, -0.20327886939048767, 0.14428849518299103, 0.6372422575950623, 1.1842988729476929, 0.8386440277099609, 0.7590683102607727, 0.5049364566802979, 0.4982869029045105, 0.4927143156528473, 0.5214803814888, 0.2761728763580322, 0.08389637619256973, -0.19457754492759705, -0.022175025194883347, 0.5887251496315002, 1.0031750202178955, 0.9658054113388062, 0.8402820825576782, 0.46685734391212463, 0.46979445219039917, 0.5698263049125671, 0.3960554003715515, 0.20921796560287476]"
7840,87,102,40,1,1,1.6326432,55.91612,1.8198977,0.6244413753915206,88.958084,"[0.7867656350135803, -1.5982873439788818, -1.354462742805481, -1.1833672523498535, -1.2403894662857056, -1.2947478294372559, -2.1450464725494385, -1.7589894533157349, -0.17854204773902893, 0.8186097741127014, 1.022713541984558, 0.8215599656105042, -0.780971884727478, -1.911348819732666, -1.5669265985488892, -1.5821396112442017, -1.280397653579712, -1.2206755876541138, -2.4645440578460693, -0.9703711271286011, 0.2229967564344406, 0.7542120814323425, 1.0000680685043335, 0.9349524974822998, -0.49452295899391174, -1.2809697389602661, -1.3683888912200928, -1.493599534034729, -1.212735652923584, -1.3430031538009644, -2.5051891803741455, -0.8279075026512146, 0.48176294565200806, 0.9470691680908203, 0.9623947143554688, 0.7706576585769653, -1.9267791509628296, -2.1271581649780273, -1.7994542121887207, -1.3051613569259644, -1.7821449041366577, 0.150165393948555, 0.7567116022109985, 0.7278080582618713, -1.5188623666763306, -2.7331533432006836, -1.3517794609069824, 0.5476838946342468, 1.0461812019348145, 0.705357015132904, -1.41875159740448, -2.533937692642212, -0.6315443515777588, 0.34742122888565063, 0.6544459462165833, 0.35276323556900024, -2.1638710498809814, -3.2045676708221436, -0.6934637427330017, 0.8075241446495056, 0.8355745077133179, 0.7313259243965149, -2.012415647506714, -2.614767074584961, -0.43239477276802063, 0.5234628319740295, 0.7059684991836548, -0.8852642774581909, -3.1567800045013428, -1.9613326787948608, 0.1218063160777092, 1.289526343345642, 1.0624427795410156, 0.2144259661436081, -3.0024001598358154, -1.8664249181747437, 0.2920606732368469, 0.7569962739944458, 0.48013240098953247, -2.012803554534912, 0.37997889518737793, 0.2531990706920624, 0.32240819931030273, 0.3646775782108307, -0.3348546624183655, -0.0639420747756958, -0.8381565809249878, -0.6047884821891785, -0.11369013041257858, -0.8717760443687439, 0.14540299773216248, 0.05460100993514061, 0.8221563100814819, 0.27878743410110474, 0.1191873848438263, 0.3523588180541992, -0.37289032340049744, -0.08850400894880295, -0.46063536405563354, -0.9313948154449463, 0.11305487155914307, -1.2243345975875854, 0.17007870972156525, 0.30308276414871216, 0.6873329281806946, 0.37539318203926086, 0.3728872537612915, 0.4287317991256714, -0.2426045686006546, -0.24657568335533142, -0.9674378037452698, -0.2965833842754364, -1.0724729299545288, 0.2530462145805359, 0.18715812265872955, 0.4398542642593384, 0.5114336013793945, 0.24727171659469604, 0.3956150710582733, 0.96559077501297]"
7839,87,137,30,1,1,1.4821763,55.792362,1.5689006,0.6194632199790393,88.33443,"[0.7706576585769653, -1.9267791509628296, -2.1271581649780273, -1.7994542121887207, -1.3051613569259644, -0.9865999817848206, -1.2715342044830322, -2.1652169227600098, -0.46787768602371216, 0.6764165163040161, 1.127987027168274, 0.852699339389801, 0.5102097392082214, -1.6000926494598389, -1.4962468147277832, -1.3880946636199951, -1.3257005214691162, -1.1529680490493774, -2.452185869216919, -1.3973771333694458, 0.2462913542985916, 0.8426489233970642, 1.116709589958191, 0.8823990821838379, -0.08840187638998032, -1.6545531749725342, -1.8424286842346191, -1.579580545425415, -1.2781901359558105, -1.5104124546051025, -1.8664249181747437, 0.2920606732368469, 0.7569962739944458, 0.48013240098953247, -2.012803554534912, -3.2191803455352783, -1.3425456285476685, 0.46393075585365295, 1.2564247846603394, 1.0575144290924072, -0.7351551055908203, -2.8108863830566406, -1.1552021503448486, 0.09459265321493149, 0.5199950933456421, 0.2801353633403778, -2.2013278007507324, -2.8049111366271973, -1.0792704820632935, 0.7071685194969177, 1.257739543914795, 0.9103201031684875, -0.8974922895431519, -2.6739649772644043, -0.8887068033218384, 0.13813775777816772, 0.4551491439342499, 0.21562913060188293, -2.3380770683288574, -2.924121379852295, 0.4398542642593384, 0.5114336013793945, 0.24727171659469604, 0.3956150710582733, 0.96559077501297, 0.07600479573011398, -0.1864202469587326, -0.9297671914100647, -0.35784414410591125, -1.230864405632019, 0.19573259353637695, 0.22866414487361908, 0.8777185082435608, 0.3785620331764221, 0.1870947629213333, 0.6467103958129883, -0.1712755411863327, -0.006406440865248442, -1.0159066915512085, -0.8107061386108398, -0.14782880246639252, -1.1370415687561035, 0.19345422089099884, 0.5696380734443665, 1.1920360326766968, 0.22965385019779205, 0.23693381249904633, 0.49133357405662537, -0.35855141282081604, -0.02967192232608795]"
2072,23,42,30,0,0,0.6497917,39.848156,1.6797299,0.6459597953751913,73.825874,"[0.7797781229019165, 0.7976652979850769, 0.7527453303337097, 0.8567084670066833, 0.8474590182304382, 0.7816585898399353, 0.7865848541259766, 0.6382917165756226, 0.5634641051292419, 0.4899906814098358, 0.48126882314682007, 0.5889837145805359, 0.6080796718597412, 0.6007739901542664, 0.753646731376648, 0.7889891862869263, 0.7137795090675354, 0.5437425971031189, 0.4344097971916199, 0.29674965143203735, 0.23613685369491577, 0.1010889932513237, -0.08450281620025635, -0.16043469309806824, -0.2248721420764923, -0.3115679621696472, -0.4923277795314789, -0.5945269465446472, -0.46376362442970276, -0.5746654868125916, 2.5066003799438477, 1.034708023071289, -2.429328680038452, -0.6411566734313965, 2.175490140914917, 1.5998153686523438, -2.126107931137085, -1.1726369857788086, 1.6264313459396362, 1.7631698846817017, -1.7413439750671387, -1.3530433177947998, 1.250038743019104, 1.718313455581665, -1.0726687908172607, -2.123305082321167, 1.0408827066421509, 2.001390218734741, -1.0331472158432007, -2.0377659797668457, 0.6603443026542664, 2.104701519012451, -0.512288510799408, -2.0719809532165527, 0.35477763414382935, 1.675737977027893, 0.7690116763114929, -2.348773956298828, -0.02804131992161274, 2.003709316253662, -1.3434840440750122, -1.3225066661834717, -0.7645983099937439, -0.677249014377594, -0.8623424172401428, -0.585688054561615, -0.30696240067481995, -0.0845089703798294, 0.1949978619813919, 0.460647851228714, 0.062071263790130615, 0.30945226550102234, 0.4552353322505951, 0.4165760278701782, -0.009007393382489681, -0.228032648563385, -0.31718480587005615, -0.19499623775482178, -0.2786315083503723, -0.2056860774755478, -0.34832555055618286, -0.3870604634284973, -0.10893857479095459, 0.15144048631191254, 0.28011754155158997, 0.206087127327919, 0.31052452325820923, -0.05094757303595543, -0.05286256968975067, 0.7744889259338379]"
2078,23,43,30,0,0,0.59948635,36.141254,1.5790491,0.7112984218179925,73.285225,"[0.7976652979850769, 0.7527453303337097, 0.8567084670066833, 0.8474590182304382, 0.7816585898399353, 0.7865848541259766, 0.6382917165756226, 0.5634641051292419, 0.4899906814098358, 0.48126882314682007, 0.5889837145805359, 0.6080796718597412, 0.6007739901542664, 0.753646731376648, 0.7889891862869263, 0.7137795090675354, 0.5437425971031189, 0.4344097971916199, 0.29674965143203735, 0.23613685369491577, 0.1010889932513237, -0.08450281620025635, -0.16043469309806824, -0.2248721420764923, -0.3115679621696472, -0.4923277795314789, -0.5945269465446472, -0.46376362442970276, -0.5746654868125916, -0.5514981746673584, 1.034708023071289, -2.429328680038452, -0.6411566734313965, 2.175490140914917, 1.5998153686523438, -2.126107931137085, -1.1726369857788086, 1.6264313459396362, 1.7631698846817017, -1.7413439750671387, -1.3530433177947998, 1.250038743019104, 1.718313455581665, -1.0726687908172607, -2.123305082321167, 1.0408827066421509, 2.001390218734741, -1.0331472158432007, -2.0377659797668457, 0.6603443026542664, 2.104701519012451, -0.512288510799408, -2.0719809532165527, 0.35477763414382935, 1.675737977027893, 0.7690116763114929, -2.348773956298828, -0.02804131992161274, 2.003709316253662, 0.7587869763374329, -1.3225066661834717, -0.7645983099937439, -0.677249014377594, -0.8623424172401428, -0.585688054561615, -0.30696240067481995, -0.0845089703798294, 0.1949978619813919, 0.460647851228714, 0.062071263790130615, 0.30945226550102234, 0.4552353322505951, 0.4165760278701782, -0.009007393382489681, -0.228032648563385, -0.31718480587005615, -0.19499623775482178, -0.2786315083503723, -0.2056860774755478, -0.34832555055618286, -0.3870604634284973, -0.10893857479095459, 0.15144048631191254, 0.28011754155158997, 0.206087127327919, 0.31052452325820923, -0.05094757303595543, -0.05286256968975067, 0.7744889259338379, 0.45528480410575867]"
1447,16,87,30,0,0,0.5770254,38.924953,1.4685059,0.5623100443555249,68.50896,"[-0.5256888270378113, -0.5463928580284119, -0.5188363194465637, -0.5336213111877441, -0.6130362749099731, -0.5031077861785889, -0.48116829991340637, -0.483180969953537, -0.5918701887130737, -0.5904877185821533, -0.43143823742866516, -0.35120049118995667, -0.3416016399860382, -0.3108295798301697, -0.270910382270813, -0.28083789348602295, -0.2819250822067261, -0.2742029130458832, -0.2832551598548889, -0.31591954827308655, -0.28326454758644104, -0.2059517204761505, -0.11778798699378967, -0.13904224336147308, -0.1986686885356903, -0.20809246599674225, -0.22271022200584412, -0.1133657917380333, -0.11544427275657654, -0.13168060779571533, 0.6624228954315186, 0.2056732177734375, -1.2257080078125, -0.5975826978683472, 0.6573677062988281, 0.35219430923461914, -1.5575380325317383, -0.7754806280136108, 0.5397449135780334, 0.3635368347167969, -1.7669916152954102, -0.8660903573036194, 0.7579864263534546, -0.45867592096328735, -1.3918989896774292, 0.2635164260864258, 1.032691240310669, -0.6912129521369934, -1.4938454627990723, 0.29801884293556213, 0.8372114300727844, -1.4275145530700684, -0.9932859539985657, 0.7803601622581482, 0.3799903094768524, -1.531483769416809, -0.5822892189025879, 0.7197341918945312, -0.5874492526054382, -1.6619887351989746, -1.0807445049285889, -1.2395176887512207, -1.1426023244857788, -1.057828664779663, -1.106382131576538, -0.8043317198753357, -0.5256987810134888, -0.3852384388446808, -0.12479449063539505, -0.022175025194883347, -0.20250867307186127, -0.1934797316789627, -0.09221941977739334, 0.16370320320129395, -0.1188865676522255, -0.2846563756465912, -0.3624649941921234, -0.41406404972076416, -0.8789991140365601, -0.8945695161819458, -0.781980037689209, -0.7809334993362427, -0.6698757410049438, -0.5813162922859192, -0.4458507299423218, -0.5846571326255798, -0.7529354095458984, -0.6985738277435303, -0.6413295865058899, -0.9370682835578918]"
2086,23,41,40,0,0,0.95374537,36.615902,1.9004464,0.5985509857192516,68.4439,"[0.6942288875579834, 0.7797781229019165, 0.7976652979850769, 0.7527453303337097, 0.8567084670066833, 0.8474590182304382, 0.7816585898399353, 0.7865848541259766, 0.6382917165756226, 0.5634641051292419, 0.4899906814098358, 0.48126882314682007, 0.5889837145805359, 0.6080796718597412, 0.6007739901542664, 0.753646731376648, 0.7889891862869263, 0.7137795090675354, 0.5437425971031189, 0.4344097971916199, 0.29674965143203735, 0.23613685369491577, 0.1010889932513237, -0.08450281620025635, -0.16043469309806824, -0.2248721420764923, -0.3115679621696472, -0.4923277795314789, -0.5945269465446472, -0.46376362442970276, -0.5746654868125916, -0.5514981746673584, -0.5165832042694092, -0.4001997113227844, -0.3115166127681732, -0.1448422372341156, -0.23386670649051666, -0.34798693656921387, -0.40112754702568054, -0.4434429407119751, -0.08611451089382172, 2.5066003799438477, 1.034708023071289, -2.429328680038452, -0.6411566734313965, 2.175490140914917, 1.5998153686523438, -2.126107931137085, -1.1726369857788086, 1.6264313459396362, 1.7631698846817017, -1.7413439750671387, -1.3530433177947998, 1.250038743019104, 1.718313455581665, -1.0726687908172607, -2.123305082321167, 1.0408827066421509, 2.001390218734741, -1.0331472158432007, -2.0377659797668457, 0.6603443026542664, 2.104701519012451, -0.512288510799408, -2.0719809532165527, 0.35477763414382935, 1.675737977027893, 0.7690116763114929, -2.348773956298828, -0.02804131992161274, 2.003709316253662, 0.7587869763374329, -2.307605743408203, -0.5913798809051514, 1.7230795621871948, 1.5340882539749146, -1.6866028308868408, -1.4550594091415405, 1.0622494220733643, 1.9603180885314941, -1.352903962135315, -1.3434840440750122, -1.3225066661834717, -0.7645983099937439, -0.677249014377594, -0.8623424172401428, -0.585688054561615, -0.30696240067481995, -0.0845089703798294, 0.1949978619813919, 0.460647851228714, 0.062071263790130615, 0.30945226550102234, 0.4552353322505951, 0.4165760278701782, -0.009007393382489681, -0.228032648563385, -0.31718480587005615, -0.19499623775482178, -0.2786315083503723, -0.2056860774755478, -0.34832555055618286, -0.3870604634284973, -0.10893857479095459, 0.15144048631191254, 0.28011754155158997, 0.206087127327919, 0.31052452325820923, -0.05094757303595543, -0.05286256968975067, 0.7744889259338379, 0.45528480410575867, -0.32609811425209045, -0.11170445382595062, 0.3268309235572815, 0.23907695710659027, -0.20838364958763123, 0.2051415592432022, 0.5054383277893066, 0.03701946511864662]"
1443,16,56,30,0,0,1.140583,37.488075,1.5529542,0.4838819243842003,63.235126,"[-0.01959763839840889, -0.08017571270465851, -0.10470400750637054, -0.11670643091201782, -0.1220860704779625, -0.1313018649816513, -0.11719608306884766, -0.16504478454589844, -0.2202102243900299, -0.13010412454605103, -0.10118871182203293, -0.2020942121744156, -0.3915742337703705, -0.3388766348361969, -0.30502378940582275, -0.35666540265083313, -0.27098461985588074, -0.3075244426727295, -0.3356083035469055, -0.43843933939933777, -0.27885448932647705, -0.46780768036842346, -0.4810754656791687, -0.5089448690414429, -0.5186173915863037, -0.5748358368873596, -0.6582388877868652, -0.6558377742767334, -0.703467845916748, -0.6917886734008789, 0.15835440158843994, 1.0942590236663818, -0.2810478210449219, -1.2325084209442139, 0.3272649347782135, 0.3703559935092926, -1.2407773733139038, -1.0903620719909668, 1.0039280652999878, -0.3500775098800659, -1.6390541791915894, -0.33184105157852173, 0.6999654769897461, -0.8141363859176636, -1.625466227531433, 0.04165644198656082, 0.7851600646972656, -0.567030668258667, -1.6920702457427979, 0.37421324849128723, 1.2397056818008423, -0.3853156566619873, -1.4374635219573975, 0.11887943744659424, 0.9532296061515808, -0.687539279460907, -1.3674958944320679, 0.14462772011756897, 0.3772091865539551, -0.8484081029891968, 0.8136680722236633, 0.8702651858329773, -0.15327496826648712, -0.6444718837738037, 1.5903794765472412, 0.9585386514663696, -0.29285794496536255, -0.5300393104553223, 0.947833240032196, 0.6696258783340454, -0.13792282342910767, -0.4710349142551422, -0.44878509640693665, 0.037628788501024246, -0.5813454389572144, -0.6932902336120605, -0.6887727379798889, -1.2143579721450806, -1.8141729831695557, -1.6385889053344727, -1.165518879890442, -1.2143230438232422, -1.8571951389312744, -1.6881120204925537, -1.466367483139038, -0.7887150049209595, -1.2528865337371826, -1.231205940246582, -1.4923772811889648, -1.2956476211547852]"
2098,23,31,50,0,0,1.1439867,32.88327,1.9637899,0.5384805587827001,61.771088,"[0.4854357838630676, 0.5706896781921387, 0.6014368534088135, 0.7337455749511719, 0.6706492304801941, 0.6974276304244995, 0.8160675168037415, 0.775324285030365, 0.7822980284690857, 0.597423255443573, 0.6942288875579834, 0.7797781229019165, 0.7976652979850769, 0.7527453303337097, 0.8567084670066833, 0.8474590182304382, 0.7816585898399353, 0.7865848541259766, 0.6382917165756226, 0.5634641051292419, 0.4899906814098358, 0.48126882314682007, 0.5889837145805359, 0.6080796718597412, 0.6007739901542664, 0.753646731376648, 0.7889891862869263, 0.7137795090675354, 0.5437425971031189, 0.4344097971916199, 0.29674965143203735, 0.23613685369491577, 0.1010889932513237, -0.08450281620025635, -0.16043469309806824, -0.2248721420764923, -0.3115679621696472, -0.4923277795314789, -0.5945269465446472, -0.46376362442970276, -0.5746654868125916, -0.5514981746673584, -0.5165832042694092, -0.4001997113227844, -0.3115166127681732, -0.1448422372341156, -0.23386670649051666, -0.34798693656921387, -0.40112754702568054, -0.4434429407119751, -1.747735857963562, -1.7144103050231934, 0.7399063110351562, 2.3355464935302734, -0.6980598568916321, -2.281792163848877, 0.44058847427368164, 2.355340003967285, -0.04253591224551201, -2.848839521408081, -0.08611451089382172, 2.5066003799438477, 1.034708023071289, -2.429328680038452, -0.6411566734313965, 2.175490140914917, 1.5998153686523438, -2.126107931137085, -1.1726369857788086, 1.6264313459396362, 1.7631698846817017, -1.7413439750671387, -1.3530433177947998, 1.250038743019104, 1.718313455581665, -1.0726687908172607, -2.123305082321167, 1.0408827066421509, 2.001390218734741, -1.0331472158432007, -2.0377659797668457, 0.6603443026542664, 2.104701519012451, -0.512288510799408, -2.0719809532165527, 0.35477763414382935, 1.675737977027893, 0.7690116763114929, -2.348773956298828, -0.02804131992161274, 2.003709316253662, 0.7587869763374329, -2.307605743408203, -0.5913798809051514, 1.7230795621871948, 1.5340882539749146, -1.6866028308868408, -1.4550594091415405, 1.0622494220733643, 1.9603180885314941, 0.32560691237449646, -0.07308903336524963, -0.5916188359260559, -0.7191256880760193, -0.5114511251449585, -0.4700327515602112, -0.8269557356834412, -1.0587819814682007, -0.8865370750427246, -1.2210693359375, -1.352903962135315, -1.3434840440750122, -1.3225066661834717, -0.7645983099937439, -0.677249014377594, -0.8623424172401428, -0.585688054561615, -0.30696240067481995, -0.0845089703798294, 0.1949978619813919, 0.460647851228714, 0.062071263790130615, 0.30945226550102234, 0.4552353322505951, 0.4165760278701782, -0.009007393382489681, -0.228032648563385, -0.31718480587005615, -0.19499623775482178, -0.2786315083503723, -0.2056860774755478, -0.34832555055618286, -0.3870604634284973, -0.10893857479095459, 0.15144048631191254, 0.28011754155158997, 0.206087127327919, 0.31052452325820923, -0.05094757303595543, -0.05286256968975067, 0.7744889259338379, 0.45528480410575867, -0.32609811425209045, -0.11170445382595062, 0.3268309235572815, 0.23907695710659027, -0.20838364958763123, 0.2051415592432022, 0.5054383277893066, 0.03701946511864662]"
1446,16,61,30,0,0,1.049468,35.7976,1.5850401,0.47522933498489395,61.144108,"[-0.1313018649816513, -0.11719608306884766, -0.16504478454589844, -0.2202102243900299, -0.13010412454605103, -0.10118871182203293, -0.2020942121744156, -0.3915742337703705, -0.3388766348361969, -0.30502378940582275, -0.35666540265083313, -0.27098461985588074, -0.3075244426727295, -0.3356083035469055, -0.43843933939933777, -0.27885448932647705, -0.46780768036842346, -0.4810754656791687, -0.5089448690414429, -0.5186173915863037, -0.5748358368873596, -0.6582388877868652, -0.6558377742767334, -0.703467845916748, -0.6917886734008789, -0.6306488513946533, -0.5256888270378113, -0.5463928580284119, -0.5188363194465637, -0.5336213111877441, 0.3703559935092926, -1.2407773733139038, -1.0903620719909668, 1.0039280652999878, -0.3500775098800659, -1.6390541791915894, -0.33184105157852173, 0.6999654769897461, -0.8141363859176636, -1.625466227531433, 0.04165644198656082, 0.7851600646972656, -0.567030668258667, -1.6920702457427979, 0.37421324849128723, 1.2397056818008423, -0.3853156566619873, -1.4374635219573975, 0.11887943744659424, 0.9532296061515808, -0.687539279460907, -1.3674958944320679, 0.14462772011756897, 0.3772091865539551, -0.8484081029891968, -1.1334658861160278, 0.6624228954315186, 0.2056732177734375, -1.2257080078125, -0.5975826978683472, 0.9585386514663696, -0.29285794496536255, -0.5300393104553223, 0.947833240032196, 0.6696258783340454, -0.13792282342910767, -0.4710349142551422, -0.44878509640693665, 0.037628788501024246, -0.5813454389572144, -0.6932902336120605, -0.6887727379798889, -1.2143579721450806, -1.8141729831695557, -1.6385889053344727, -1.165518879890442, -1.2143230438232422, -1.8571951389312744, -1.6881120204925537, -1.466367483139038, -0.7887150049209595, -1.2528865337371826, -1.231205940246582, -1.4923772811889648, -1.2956476211547852, -1.2486586570739746, -1.0807445049285889, -1.2395176887512207, -1.1426023244857788, -1.057828664779663]"
1444,16,58,30,0,0,1.0703168,35.408085,1.5524173,0.4345828012743065,58.689644,"[-0.10470400750637054, -0.11670643091201782, -0.1220860704779625, -0.1313018649816513, -0.11719608306884766, -0.16504478454589844, -0.2202102243900299, -0.13010412454605103, -0.10118871182203293, -0.2020942121744156, -0.3915742337703705, -0.3388766348361969, -0.30502378940582275, -0.35666540265083313, -0.27098461985588074, -0.3075244426727295, -0.3356083035469055, -0.43843933939933777, -0.27885448932647705, -0.46780768036842346, -0.4810754656791687, -0.5089448690414429, -0.5186173915863037, -0.5748358368873596, -0.6582388877868652, -0.6558377742767334, -0.703467845916748, -0.6917886734008789, -0.6306488513946533, -0.5256888270378113, -0.2810478210449219, -1.2325084209442139, 0.3272649347782135, 0.3703559935092926, -1.2407773733139038, -1.0903620719909668, 1.0039280652999878, -0.3500775098800659, -1.6390541791915894, -0.33184105157852173, 0.6999654769897461, -0.8141363859176636, -1.625466227531433, 0.04165644198656082, 0.7851600646972656, -0.567030668258667, -1.6920702457427979, 0.37421324849128723, 1.2397056818008423, -0.3853156566619873, -1.4374635219573975, 0.11887943744659424, 0.9532296061515808, -0.687539279460907, -1.3674958944320679, 0.14462772011756897, 0.3772091865539551, -0.8484081029891968, -1.1334658861160278, 0.6624228954315186, -0.15327496826648712, -0.6444718837738037, 1.5903794765472412, 0.9585386514663696, -0.29285794496536255, -0.5300393104553223, 0.947833240032196, 0.6696258783340454, -0.13792282342910767, -0.4710349142551422, -0.44878509640693665, 0.037628788501024246, -0.5813454389572144, -0.6932902336120605, -0.6887727379798889, -1.2143579721450806, -1.8141729831695557, -1.6385889053344727, -1.165518879890442, -1.2143230438232422, -1.8571951389312744, -1.6881120204925537, -1.466367483139038, -0.7887150049209595, -1.2528865337371826, -1.231205940246582, -1.4923772811889648, -1.2956476211547852, -1.2486586570739746, -1.0807445049285889]"
558,6,16,40,0,0,0.44960546,27.817299,1.5622315,0.5750390771860666,58.131485,"[0.5363203883171082, 0.5129334330558777, 0.462523877620697, 0.48695868253707886, 0.4734334945678711, 0.4111793339252472, 0.43670931458473206, 0.5413296222686768, 0.6066703796386719, 0.6571587324142456, 0.5744360685348511, 0.5131040215492249, 0.5158179998397827, 0.5380131602287292, 0.6359407305717468, 0.7714563608169556, 0.7905775904655457, 0.8198450207710266, 0.8765653371810913, 0.6312415599822998, 0.5578402280807495, 0.5277342200279236, 0.44477570056915283, 0.3343472182750702, 0.19462330639362335, 0.18382124602794647, 0.24229773879051208, 0.2533310353755951, 0.10189911723136902, -0.04246864840388298, -0.14990992844104767, -0.383823424577713, -0.3815407454967499, -0.4116251766681671, -0.4201001226902008, -0.48868492245674133, -0.5618690252304077, -0.5053757429122925, -0.4220377206802368, -0.3670675754547119, -0.5049028396606445, -0.3238711953163147, -0.1478395015001297, -0.2048099935054779, -0.42987772822380066, -0.5912219285964966, -0.5212215781211853, -0.583913266658783, -0.5792973041534424, -0.4688574969768524, -0.5564050674438477, -0.6653910875320435, -0.7041231393814087, -0.49363845586776733, -0.31113573908805847, -0.3568708300590515, -0.4576747715473175, -0.44399958848953247, -0.4153304100036621, -0.22159051895141602, -0.1211865171790123, -0.2717176377773285, -0.3221464455127716, -0.4303676187992096, -0.04875451698899269, -0.04560743644833565, -0.23881648480892181, -0.09437598288059235, -0.026147952303290367, -0.09875794500112534, -0.11243412643671036, 0.10142355412244797, 0.09242410957813263, -0.22904667258262634, -0.3560744524002075, -0.329681932926178, -0.24412193894386292, -0.06888380646705627, -0.2730604410171509, -0.14479270577430725, 0.3282259404659271, 0.3183453679084778, 0.21893875300884247, 0.2009434551000595, 0.49403101205825806, 0.6675124764442444, 0.9457467198371887, 1.301898717880249, 1.4888451099395752, 1.3395620584487915, 1.5316354036331177, 1.6938272714614868, 1.620296835899353, 1.309837818145752, 1.3819208145141602, 1.444306492805481, 1.360061764717102, 1.335795283317566, 1.2493103742599487, 1.2644407749176025, 1.2143690586090088, 1.1000545024871826, 1.484484314918518, 1.4491472244262695, 1.290034532546997, 1.2871575355529785, 1.4506388902664185, 1.4309742450714111, 1.2909032106399536, 1.1768840551376343, 1.148398995399475, 1.1799161434173584, 1.0366109609603882, 0.9267366528511047, 1.0026518106460571, 0.8575582504272461, 0.8831242322921753, 0.9305505156517029, 1.0124541521072388, 1.129387617111206]"
10273,114,164,40,2,2,0.85328054,21.271893,1.4700065,0.3743398805553193,41.458893,"[0.21539077162742615, -0.6124043464660645, -0.45538634061813354, 0.18751591444015503, 1.247757077217102, 1.388513207435608, 0.980574369430542, 0.28622058033943176, -0.5480207204818726, -0.45605602860450745, 0.0997844785451889, 1.0600109100341797, 1.1911919116973877, 0.9351977109909058, 0.4749216139316559, -0.20450550317764282, -0.47146153450012207, -0.10001691430807114, 0.5903753042221069, 1.436123013496399, 1.1498388051986694, 0.7305371165275574, 0.13770988583564758, -0.6264349222183228, -0.5244805216789246, 0.0196420568972826, 1.168570876121521, 1.6896417140960693, 1.1533691883087158, 0.25653961300849915, -0.6601921916007996, -0.3599037230014801, 0.3178867995738983, 1.289577841758728, 1.3807568550109863, 0.9192103743553162, 0.3126158118247986, -0.4296601116657257, -0.4759674668312073, -0.031794849783182144, -1.2286924123764038, -0.36114415526390076, 0.29109594225883484, -0.6194621324539185, -1.693929672241211, -0.7378649115562439, 0.12164995074272156, -0.035255905240774155, -0.9833129644393921, -1.0586479902267456, -0.22731941938400269, -0.060323745012283325, -0.5669147372245789, -0.9896047711372375, -0.8052083849906921, -0.09088855981826782, 0.13383443653583527, -0.708789587020874, -1.4035913944244385, -0.8597440123558044, 0.014070729725062847, 0.0961742028594017, -0.9890906810760498, -1.529470682144165, -0.5429033041000366, 0.3394547998905182, -0.28503692150115967, -1.486055612564087, -1.1502777338027954, 0.06275776028633118, 0.07212727516889572, -1.3023725748062134, -1.6820329427719116, -0.26200971007347107, 0.23297280073165894, -0.5153178572654724, -1.8433583974838257, -1.0945202112197876, -0.16440272331237793, -0.09160494804382324, -0.5008937120437622, -0.08125238120555878, -0.15872114896774292, -0.5293715596199036, -0.9514846801757812, -0.5753127336502075, -0.1388578712940216, -0.28489744663238525, -0.36242562532424927, -0.8764349222183228, -0.7506153583526611, -0.23740029335021973, -0.20367088913917542, -0.21367362141609192, -0.8066876530647278, -0.7056703567504883, -0.3588557839393616, -0.10456764698028564, -0.15440379083156586, -0.5573755502700806, -0.5847163796424866, -0.20030666887760162, -0.3585885763168335, -0.14472030103206635, -0.44138455390930176, -0.6344600319862366, -0.15824399888515472, -0.04014371335506439, -0.12256291508674622, -0.5384146571159363, -0.9203583598136902, -0.12147004902362823, -0.041045863181352615, -0.06767483800649643, -0.7124584913253784, -0.3377365171909332, 0.200945645570755, -0.32232630252838135, -0.9450430870056152, -0.5199294686317444]"
10801,120,51,30,2,2,0.20558453,13.912551,1.0081959,0.5267652202958486,41.259007,"[0.2795228064060211, 0.9605483412742615, 1.2560219764709473, 0.985449492931366, 0.5612702965736389, -0.20216922461986542, -0.31919607520103455, 0.03170992061495781, 0.6127448081970215, 1.3722083568572998, 1.1120859384536743, 0.818096935749054, 0.26486361026763916, -0.4603079557418823, -0.24131621420383453, 0.1977129578590393, 0.9324519038200378, 1.511548399925232, 1.0416351556777954, 0.6275727152824402, -0.10752245783805847, -0.5299201607704163, -0.21949967741966248, 0.37489745020866394, 1.317325234413147, 1.2048527002334595, 0.7934392094612122, 0.2509114444255829, -0.4981631338596344, -0.3682684898376465, -0.2781338393688202, 0.24146363139152527, 0.2795315980911255, -0.3320191204547882, -0.8571568131446838, -0.921021044254303, -0.7800500988960266, -0.2624291181564331, -0.052183378487825394, 0.07461696863174438, -0.22282105684280396, -0.6788695454597473, -1.0384939908981323, -0.7361594438552856, -0.3500775098800659, -0.16322769224643707, 0.04565241187810898, 0.08841366320848465, -0.17470398545265198, -0.6650512218475342, -0.9299371242523193, -0.7532685995101929, -0.3974362015724182, -0.08732540160417557, 0.23005962371826172, 0.11915315687656403, -0.4140205681324005, -0.8568013310432434, -0.8422900438308716, -0.4826193153858185, -0.25379088521003723, -0.09431978315114975, -0.3917876183986664, -0.9687684774398804, -2.020779609680176, -1.8974215984344482, -1.2042973041534424, -0.44467025995254517, -0.03865689039230347, -0.1567394882440567, -0.8947169184684753, -1.2173173427581787, -1.9240831136703491, -1.758985996246338, -0.9247907400131226, -0.13792282342910767, 0.10349287837743759, 0.002696304814890027, -0.7241278886795044, -1.7948986291885376, -2.257633686065674, -1.5811376571655273, -0.265534907579422, 0.1315053552389145, -0.048385586589574814, -0.493755578994751, -1.194204330444336, -2.079604148864746, -1.8659675121307373, -0.9410876631736755]"