id,series_id,start,length,true_class,pred_class,confidence,F_stat,Separability,IG,Composite_Score,dim_0,dim_1,dim_2,Shapelet_Length
102536,366,41,30,11,11,0.05815029,39.085026,2.2436335,0.41624528602260114,869.8218,"[0.21873880922794342, 0.2616833746433258, 0.13745011389255524, -0.12089291960000992, -0.741417407989502, -2.2511484622955322, -2.6346707344055176, -1.837774395942688, -1.1044180393218994, -1.92764151096344, -2.5776588916778564, -2.399019479751587, -1.4146648645401, -0.6329640746116638, 0.3707425594329834, 1.833954930305481, 1.5937535762786865, 0.5732809901237488, 0.6414811611175537, 0.6766358613967896, 0.9003934860229492, 0.9042602777481079, 0.8292559385299683, 0.9398259520530701, 0.6412761211395264, 0.212922140955925, 0.4681869149208069, 0.549238920211792, 0.2765510380268097, -0.19658242166042328]","[-0.5864275097846985, -0.39259862899780273, -0.4591907262802124, -0.5789673328399658, -0.9341679215431213, -1.1826902627944946, -0.9960604906082153, -0.02435854822397232, -0.2154691070318222, -0.8299087285995483, -0.07397369295358658, 1.0105769634246826, 1.197671890258789, 1.0468006134033203, 1.4327532052993774, 3.12237548828125, 3.1321468353271484, 1.6326563358306885, 1.0988339185714722, 0.7521730065345764, 0.3227602243423462, -1.3595287799835205, -2.528007745742798, -2.595014810562134, -2.6729414463043213, -2.3769257068634033, -1.8327797651290894, -1.0392237901687622, -0.5537699460983276, -0.5527174472808838]","[0.9058029055595398, 0.9038210511207581, 0.883391797542572, 1.1197646856307983, 1.4231083393096924, 1.454473853111267, 1.169611930847168, -0.04366758465766907, -0.8429285883903503, -0.7258377075195312, -0.4482095241546631, -0.7808287143707275, -2.1266114711761475, -2.727802038192749, -2.4901256561279297, -2.2328531742095947, -1.2291280031204224, -0.22744929790496826, 0.02122417837381363, -0.19653476774692535, -0.4319010078907013, 0.4616031348705292, 1.1076940298080444, 1.6493370532989502, 2.091160774230957, 2.4912045001983643, 2.0686745643615723, 1.33381986618042, 0.8403587341308594, 0.5436315536499023]",30
102540,366,40,30,11,11,0.036975145,38.8196,2.2682106,0.4180560129038273,865.34106,"[0.5013086795806885, 0.21873880922794342, 0.2616833746433258, 0.13745011389255524, -0.12089291960000992, -0.741417407989502, -2.2511484622955322, -2.6346707344055176, -1.837774395942688, -1.1044180393218994, -1.92764151096344, -2.5776588916778564, -2.399019479751587, -1.4146648645401, -0.6329640746116638, 0.3707425594329834, 1.833954930305481, 1.5937535762786865, 0.5732809901237488, 0.6414811611175537, 0.6766358613967896, 0.9003934860229492, 0.9042602777481079, 0.8292559385299683, 0.9398259520530701, 0.6412761211395264, 0.212922140955925, 0.4681869149208069, 0.549238920211792, 0.2765510380268097]","[-0.5067394971847534, -0.5864275097846985, -0.39259862899780273, -0.4591907262802124, -0.5789673328399658, -0.9341679215431213, -1.1826902627944946, -0.9960604906082153, -0.02435854822397232, -0.2154691070318222, -0.8299087285995483, -0.07397369295358658, 1.0105769634246826, 1.197671890258789, 1.0468006134033203, 1.4327532052993774, 3.12237548828125, 3.1321468353271484, 1.6326563358306885, 1.0988339185714722, 0.7521730065345764, 0.3227602243423462, -1.3595287799835205, -2.528007745742798, -2.595014810562134, -2.6729414463043213, -2.3769257068634033, -1.8327797651290894, -1.0392237901687622, -0.5537699460983276]","[0.5982836484909058, 0.9058029055595398, 0.9038210511207581, 0.883391797542572, 1.1197646856307983, 1.4231083393096924, 1.454473853111267, 1.169611930847168, -0.04366758465766907, -0.8429285883903503, -0.7258377075195312, -0.4482095241546631, -0.7808287143707275, -2.1266114711761475, -2.727802038192749, -2.4901256561279297, -2.2328531742095947, -1.2291280031204224, -0.22744929790496826, 0.02122417837381363, -0.19653476774692535, -0.4319010078907013, 0.4616031348705292, 1.1076940298080444, 1.6493370532989502, 2.091160774230957, 2.4912045001983643, 2.0686745643615723, 1.33381986618042, 0.8403587341308594]",30
139719,498,40,105,14,14,2.7326388,32.671505,6.011522,0.2748765712290986,847.5196,"[-0.746936559677124, -0.4910332262516022, 0.014745119027793407, 0.5782445669174194, 1.398285984992981, 1.7298986911773682, 1.0324333906173706, 0.5345836877822876, 0.37366244196891785, 0.4553123116493225, 0.7993935346603394, 1.9142087697982788, 2.138040542602539, 1.5532562732696533, 0.18986797332763672, -1.2295455932617188, -2.281545877456665, -3.760505437850952, -3.921154260635376, -2.3294107913970947, -0.48225170373916626, 0.04822264984250069, 0.11407414078712463, 0.3486775755882263, 0.2698020040988922, 0.30034664273262024, 0.28047141432762146, 0.21702827513217926, 0.20934990048408508, 0.04549043998122215, 0.02751273661851883, -0.01877003349363804, -0.034852802753448486, -0.06802042573690414, 0.00446765823289752, -0.001688508316874504, 0.059268608689308167, 0.05640343204140663, 0.15412844717502594, 0.13841982185840607, 0.15664751827716827, 0.15638545155525208, -0.0844978392124176, -0.1447421759366989, -0.13588638603687286, -0.10394779592752457, -0.12568262219429016, -0.11495787650346756, -0.13500075042247772, -0.12116076052188873, -0.1340063214302063, -0.1332155466079712, -0.2322390079498291, -0.25820809602737427, -0.3302348852157593, -0.31378185749053955, -0.31015634536743164, -0.3012804388999939, -0.28999948501586914, -0.29368889331817627, -0.3717634975910187, -0.4330199360847473, -0.386178195476532, -0.35266196727752686, -0.5093692541122437, -0.5683347582817078, -0.639107882976532, -0.4665466845035553, -0.4367586374282837, -0.549616813659668, -0.7362712621688843, -0.9442996382713318, -0.9459344148635864, -0.9460705518722534, -1.0916056632995605, -1.2707750797271729, -1.1176769733428955, -0.9366912245750427, -0.9457904100418091, -0.995921790599823, -0.9491602778434753, -0.8788938522338867, -1.591660499572754, -1.7256593704223633, -1.6570037603378296, -1.7173380851745605, -1.7368131875991821, -1.8369842767715454, -1.8741626739501953, -1.9276858568191528, -2.183826208114624, -2.1330363750457764, -2.2718305587768555, -2.293431043624878, -2.3143303394317627, -2.2011101245880127, -2.259986639022827, -2.162320137023926, -2.2371654510498047, -2.393878221511841, -2.3359811305999756, -2.264103651046753, -2.273789167404175, -2.395397424697876, -2.497795820236206]","[-0.9468687772750854, -0.19497628509998322, 0.07867339998483658, 0.6468323469161987, 0.8072381019592285, 0.6337448358535767, 0.6397100687026978, 0.9371277689933777, 1.2564129829406738, 1.0612379312515259, 0.4957771301269531, 0.2812831699848175, -0.1681925356388092, 0.20601870119571686, -0.20357204973697662, -0.49146080017089844, -1.207352876663208, -2.298919439315796, -2.4434311389923096, -1.722942590713501, -0.825402557849884, -0.799306333065033, -0.5451242327690125, 0.39918842911720276, 0.6123788356781006, 0.3909723162651062, 0.596072256565094, 0.3006896674633026, 0.5327059030532837, 0.20799021422863007, -0.1574706882238388, -0.11029583215713501, -0.23221689462661743, -0.3234843313694, -0.2492750585079193, 0.06212996318936348, -0.2670347988605499, -0.04017121344804764, 0.10810580849647522, 0.13146311044692993, 0.04563354328274727, 0.012615176849067211, -0.33082589507102966, -0.2595597505569458, -0.36950862407684326, -0.35650521516799927, -0.2707732021808624, -0.37298455834388733, -0.38010174036026, -0.3667123019695282, -0.24610798060894012, -0.445927232503891, -0.4960460066795349, -0.5156540274620056, -0.5019174218177795, -0.4437195360660553, -0.5317081212997437, -0.5207014083862305, -0.5363848209381104, -0.5948715209960938, -0.6440393328666687, -0.7000042200088501, -0.7809752225875854, -0.7976223230361938, -0.8167495727539062, -0.9068880677223206, -1.0496768951416016, -1.1564308404922485, -1.1841750144958496, -1.26199471950531, -1.294215202331543, -1.324506163597107, -1.4355747699737549, -1.4450771808624268, -1.450169324874878, -1.5620064735412598, -1.6123640537261963, -1.669371247291565, -1.7960634231567383, -1.8398444652557373, -1.8872534036636353, -1.6571435928344727, -1.5736274719238281, -1.831756591796875, -1.9050145149230957, -2.125739574432373, -2.195403814315796, -2.2649316787719727, -2.361008405685425, -2.415783643722534, -2.3414857387542725, -2.3210296630859375, -2.4137320518493652, -2.4189603328704834, -2.464716911315918, -2.4682130813598633, -2.381150245666504, -2.401081085205078, -2.398252248764038, -2.4221129417419434, -2.4686594009399414, -2.4200937747955322, -2.360579490661621, -2.347074270248413, -2.486362934112549]","[-0.5300297141075134, -0.9558368921279907, -0.9143372774124146, -0.8704326748847961, -0.7039491534233093, -1.0689752101898193, -1.1663687229156494, -1.0676867961883545, -0.9426153302192688, -0.9693164825439453, -0.31078827381134033, 0.4858990013599396, 0.6887719035148621, 0.8319642543792725, -0.0017351574497297406, -0.8310133814811707, -1.6015684604644775, -2.300861358642578, -2.2674689292907715, -1.8174450397491455, -1.0390574932098389, -0.42151978611946106, 0.10268756002187729, 0.5458433628082275, 0.5244923233985901, 0.4168732762336731, 0.69810551404953, 0.6111352443695068, 0.37855756282806396, 0.06887000799179077, -0.030493997037410736, -0.1124817505478859, -0.1266283243894577, 0.11723462492227554, 0.2810210883617401, 0.2020188421010971, 0.30220839381217957, 0.4857006371021271, 0.4685457646846771, 0.2762887477874756, 0.02600029669702053, 0.0855998545885086, -0.02632269263267517, -0.039375483989715576, -0.023558635264635086, -0.01709754206240177, -0.0448274239897728, -0.05807650089263916, -0.07611340284347534, -0.07702577859163284, -0.06264108419418335, -0.055039241909980774, -0.061837855726480484, -0.07004659622907639, -0.08114541321992874, -0.05703044310212135, -0.05369851738214493, -0.03789280727505684, -0.03257116302847862, -0.04408888518810272, -0.03814838081598282, -0.09745358675718307, -0.16873516142368317, -0.22343279421329498, -0.2577301561832428, -0.2490907609462738, -0.25449952483177185, -0.24443480372428894, -0.28783586621284485, -0.4693293273448944, -0.5188069343566895, -0.5042104125022888, -0.4821864068508148, -0.5133582949638367, -0.4462222754955292, -0.3999178111553192, -0.41397178173065186, -0.3739562928676605, -0.4247000217437744, -0.5014916062355042, -0.5811254978179932, -0.708827018737793, -0.9532183408737183, -1.0340549945831299, -1.0806825160980225, -1.0113288164138794, -0.9085548520088196, -1.0123447179794312, -1.02999746799469, -1.1473034620285034, -1.2325643301010132, -1.2792779207229614, -1.2566066980361938, -1.3042165040969849, -1.3787038326263428, -1.3373440504074097, -1.344091773033142, -1.3041694164276123, -1.2310963869094849, -1.28728449344635, -1.274535059928894, -1.2707632780075073, -1.3427224159240723, -1.4017199277877808, -1.5057047605514526]",105
139708,498,41,105,14,14,2.7412362,32.35442,6.0809646,0.2675453814532833,842.8946,"[-0.4910332262516022, 0.014745119027793407, 0.5782445669174194, 1.398285984992981, 1.7298986911773682, 1.0324333906173706, 0.5345836877822876, 0.37366244196891785, 0.4553123116493225, 0.7993935346603394, 1.9142087697982788, 2.138040542602539, 1.5532562732696533, 0.18986797332763672, -1.2295455932617188, -2.281545877456665, -3.760505437850952, -3.921154260635376, -2.3294107913970947, -0.48225170373916626, 0.04822264984250069, 0.11407414078712463, 0.3486775755882263, 0.2698020040988922, 0.30034664273262024, 0.28047141432762146, 0.21702827513217926, 0.20934990048408508, 0.04549043998122215, 0.02751273661851883, -0.01877003349363804, -0.034852802753448486, -0.06802042573690414, 0.00446765823289752, -0.001688508316874504, 0.059268608689308167, 0.05640343204140663, 0.15412844717502594, 0.13841982185840607, 0.15664751827716827, 0.15638545155525208, -0.0844978392124176, -0.1447421759366989, -0.13588638603687286, -0.10394779592752457, -0.12568262219429016, -0.11495787650346756, -0.13500075042247772, -0.12116076052188873, -0.1340063214302063, -0.1332155466079712, -0.2322390079498291, -0.25820809602737427, -0.3302348852157593, -0.31378185749053955, -0.31015634536743164, -0.3012804388999939, -0.28999948501586914, -0.29368889331817627, -0.3717634975910187, -0.4330199360847473, -0.386178195476532, -0.35266196727752686, -0.5093692541122437, -0.5683347582817078, -0.639107882976532, -0.4665466845035553, -0.4367586374282837, -0.549616813659668, -0.7362712621688843, -0.9442996382713318, -0.9459344148635864, -0.9460705518722534, -1.0916056632995605, -1.2707750797271729, -1.1176769733428955, -0.9366912245750427, -0.9457904100418091, -0.995921790599823, -0.9491602778434753, -0.8788938522338867, -1.591660499572754, -1.7256593704223633, -1.6570037603378296, -1.7173380851745605, -1.7368131875991821, -1.8369842767715454, -1.8741626739501953, -1.9276858568191528, -2.183826208114624, -2.1330363750457764, -2.2718305587768555, -2.293431043624878, -2.3143303394317627, -2.2011101245880127, -2.259986639022827, -2.162320137023926, -2.2371654510498047, -2.393878221511841, -2.3359811305999756, -2.264103651046753, -2.273789167404175, -2.395397424697876, -2.497795820236206, -2.240499496459961]","[-0.19497628509998322, 0.07867339998483658, 0.6468323469161987, 0.8072381019592285, 0.6337448358535767, 0.6397100687026978, 0.9371277689933777, 1.2564129829406738, 1.0612379312515259, 0.4957771301269531, 0.2812831699848175, -0.1681925356388092, 0.20601870119571686, -0.20357204973697662, -0.49146080017089844, -1.207352876663208, -2.298919439315796, -2.4434311389923096, -1.722942590713501, -0.825402557849884, -0.799306333065033, -0.5451242327690125, 0.39918842911720276, 0.6123788356781006, 0.3909723162651062, 0.596072256565094, 0.3006896674633026, 0.5327059030532837, 0.20799021422863007, -0.1574706882238388, -0.11029583215713501, -0.23221689462661743, -0.3234843313694, -0.2492750585079193, 0.06212996318936348, -0.2670347988605499, -0.04017121344804764, 0.10810580849647522, 0.13146311044692993, 0.04563354328274727, 0.012615176849067211, -0.33082589507102966, -0.2595597505569458, -0.36950862407684326, -0.35650521516799927, -0.2707732021808624, -0.37298455834388733, -0.38010174036026, -0.3667123019695282, -0.24610798060894012, -0.445927232503891, -0.4960460066795349, -0.5156540274620056, -0.5019174218177795, -0.4437195360660553, -0.5317081212997437, -0.5207014083862305, -0.5363848209381104, -0.5948715209960938, -0.6440393328666687, -0.7000042200088501, -0.7809752225875854, -0.7976223230361938, -0.8167495727539062, -0.9068880677223206, -1.0496768951416016, -1.1564308404922485, -1.1841750144958496, -1.26199471950531, -1.294215202331543, -1.324506163597107, -1.4355747699737549, -1.4450771808624268, -1.450169324874878, -1.5620064735412598, -1.6123640537261963, -1.669371247291565, -1.7960634231567383, -1.8398444652557373, -1.8872534036636353, -1.6571435928344727, -1.5736274719238281, -1.831756591796875, -1.9050145149230957, -2.125739574432373, -2.195403814315796, -2.2649316787719727, -2.361008405685425, -2.415783643722534, -2.3414857387542725, -2.3210296630859375, -2.4137320518493652, -2.4189603328704834, -2.464716911315918, -2.4682130813598633, -2.381150245666504, -2.401081085205078, -2.398252248764038, -2.4221129417419434, -2.4686594009399414, -2.4200937747955322, -2.360579490661621, -2.347074270248413, -2.486362934112549, -2.5531206130981445]","[-0.9558368921279907, -0.9143372774124146, -0.8704326748847961, -0.7039491534233093, -1.0689752101898193, -1.1663687229156494, -1.0676867961883545, -0.9426153302192688, -0.9693164825439453, -0.31078827381134033, 0.4858990013599396, 0.6887719035148621, 0.8319642543792725, -0.0017351574497297406, -0.8310133814811707, -1.6015684604644775, -2.300861358642578, -2.2674689292907715, -1.8174450397491455, -1.0390574932098389, -0.42151978611946106, 0.10268756002187729, 0.5458433628082275, 0.5244923233985901, 0.4168732762336731, 0.69810551404953, 0.6111352443695068, 0.37855756282806396, 0.06887000799179077, -0.030493997037410736, -0.1124817505478859, -0.1266283243894577, 0.11723462492227554, 0.2810210883617401, 0.2020188421010971, 0.30220839381217957, 0.4857006371021271, 0.4685457646846771, 0.2762887477874756, 0.02600029669702053, 0.0855998545885086, -0.02632269263267517, -0.039375483989715576, -0.023558635264635086, -0.01709754206240177, -0.0448274239897728, -0.05807650089263916, -0.07611340284347534, -0.07702577859163284, -0.06264108419418335, -0.055039241909980774, -0.061837855726480484, -0.07004659622907639, -0.08114541321992874, -0.05703044310212135, -0.05369851738214493, -0.03789280727505684, -0.03257116302847862, -0.04408888518810272, -0.03814838081598282, -0.09745358675718307, -0.16873516142368317, -0.22343279421329498, -0.2577301561832428, -0.2490907609462738, -0.25449952483177185, -0.24443480372428894, -0.28783586621284485, -0.4693293273448944, -0.5188069343566895, -0.5042104125022888, -0.4821864068508148, -0.5133582949638367, -0.4462222754955292, -0.3999178111553192, -0.41397178173065186, -0.3739562928676605, -0.4247000217437744, -0.5014916062355042, -0.5811254978179932, -0.708827018737793, -0.9532183408737183, -1.0340549945831299, -1.0806825160980225, -1.0113288164138794, -0.9085548520088196, -1.0123447179794312, -1.02999746799469, -1.1473034620285034, -1.2325643301010132, -1.2792779207229614, -1.2566066980361938, -1.3042165040969849, -1.3787038326263428, -1.3373440504074097, -1.344091773033142, -1.3041694164276123, -1.2310963869094849, -1.28728449344635, -1.274535059928894, -1.2707632780075073, -1.3427224159240723, -1.4017199277877808, -1.5057047605514526, -1.4804326295852661]",105
62676,223,14,90,19,19,0.17387009,36.553806,2.8770409,0.43266238431450166,839.02045,"[-0.07942616194486618, 3.7370829582214355, 0.7796536684036255, -1.4236040115356445, -0.0394686795771122, 1.7523293495178223, -0.22865702211856842, -0.002669702284038067, -0.3038000762462616, -0.6847659945487976, -0.3913346827030182, -0.5643714070320129, -0.8971847891807556, -0.5738877654075623, -0.3694508671760559, -0.6893638372421265, -0.22300861775875092, -0.6701151132583618, -0.26162096858024597, -0.7479557991027832, 0.4124768078327179, 0.35354697704315186, -0.09392071515321732, 0.8069736957550049, 2.451573371887207, 2.3096024990081787, 2.5320632457733154, 1.7098981142044067, 0.9646992683410645, 0.5765164494514465, 0.07122497260570526, -0.46091359853744507, -0.7793822884559631, -0.7985208630561829, -1.1450055837631226, -1.0675288438796997, -1.18678879737854, -1.269976019859314, -1.2265233993530273, -1.3271925449371338, -1.4006102085113525, -1.0409929752349854, -0.4878169000148773, -0.3293597102165222, -0.16604086756706238, -0.17556311190128326, -0.26289820671081543, -0.2124669849872589, -0.19736553728580475, -0.10176564753055573, -0.13442927598953247, -0.1472460925579071, -0.10950629413127899, -0.2526416778564453, -0.21709099411964417, -0.23777295649051666, -0.02956262044608593, -0.04207894206047058, -0.05702069401741028, -0.077778160572052, -0.039738979190588, 0.019775718450546265, 0.09871716052293777, 0.09517117589712143, 0.10887959599494934, 0.1440296769142151, 0.12584376335144043, 0.14164163172245026, 0.10302679985761642, 0.02674245461821556, 0.04774465411901474, 0.1039387434720993, 0.06481810659170151, 0.07937166839838028, 0.06570122390985489, 0.1028277650475502, 0.08162223547697067, 0.10847598314285278, 0.07415509223937988, 0.07017885893583298, 0.07367027550935745, 0.05281033366918564, 0.06622684001922607, 0.07914318144321442, 0.07301695644855499, 0.06953587383031845, 0.055960215628147125, 0.06062115356326103, 0.07138989865779877, 0.06599248200654984]","[-6.7346272468566895, 2.232210397720337, 0.8408017754554749, 0.7846294045448303, 0.38294756412506104, 1.5970538854599, 0.6742125749588013, 0.5429045557975769, 0.25114694237709045, 0.07555816322565079, 0.20050068199634552, 0.20692496001720428, -0.16989751160144806, -0.07618176192045212, -0.12010291963815689, 0.11102026700973511, -0.2067261040210724, -0.3154492676258087, -0.7956764698028564, -0.3831116259098053, -0.6892810463905334, -0.7265096306800842, -0.8205091953277588, -0.2592322528362274, 0.349918931722641, 0.6411095857620239, 0.8882879614830017, 0.583200216293335, 0.3829587399959564, 0.7536377906799316, 0.5035085082054138, 0.3870495855808258, 0.16146649420261383, -0.009518049657344818, -0.05770907551050186, -0.0503733791410923, -0.033300526440143585, -0.24076960980892181, -0.22371703386306763, -0.11782721430063248, 0.0207202211022377, -0.08908553421497345, -0.2069748342037201, -0.266571968793869, -0.11511172354221344, -0.07998853176832199, -0.15789523720741272, -0.12003383040428162, -0.21646782755851746, -0.17010600864887238, -0.11885422468185425, -0.12961599230766296, -0.08776991069316864, -0.3738105893135071, -0.3045739233493805, -0.09606444835662842, -0.0033405779395252466, -0.011097782291471958, -0.0016525649698451161, 0.005030796863138676, -0.004183562938123941, -0.01828230731189251, -0.01197351235896349, 0.005563267972320318, 0.026953721418976784, 0.03913527727127075, 0.04594993218779564, 0.012960206717252731, -0.026464389637112617, 0.0019902894273400307, -0.0271469634026289, -0.012828239239752293, 0.01236251275986433, -0.028028974309563637, -0.01272250059992075, 0.013322979211807251, 0.061242930591106415, 0.021340206265449524, 0.015284997411072254, -0.012226155027747154, -0.0010940213687717915, -6.367784226313233e-05, -0.012612679973244667, 0.01498023048043251, 0.012964515015482903, -0.01790156215429306, -0.03187258914113045, -0.03717682510614395, -0.054713573306798935, -0.05835092440247536]","[-0.27906933426856995, -0.352865070104599, 0.8189642429351807, -1.984197735786438, -1.023247241973877, -0.5374498963356018, -1.0094622373580933, -1.2615063190460205, -0.7919555306434631, -0.4472289979457855, -0.2750297486782074, -0.019118892028927803, 0.40891245007514954, 0.7033575773239136, 0.8049789667129517, 1.1081962585449219, 1.2145599126815796, 1.189241886138916, 1.6310802698135376, 1.5321376323699951, 2.210458278656006, 2.0084714889526367, 1.1844943761825562, 1.306361198425293, 1.5508642196655273, 1.6950256824493408, 1.1309155225753784, -0.12995584309101105, -0.5293785333633423, -1.1399798393249512, -1.4962215423583984, -1.5103486776351929, -1.7680730819702148, -1.7013558149337769, -1.6991623640060425, -1.541890025138855, -1.42270827293396, -1.1354916095733643, -1.187649130821228, -1.071565866470337, -1.1326937675476074, -0.7964704036712646, -0.15346695482730865, 0.016253238543868065, 0.012993985787034035, -0.05607076734304428, 0.041248057037591934, -0.07262846827507019, -0.10470964014530182, -0.047476090490818024, -0.009674690663814545, -0.10415014624595642, -0.10613346844911575, 0.1403646171092987, 0.471449077129364, 0.03187200427055359, 0.07594207674264908, 0.07202737778425217, 0.07930872589349747, 0.09175725281238556, 0.09506482630968094, 0.09823940694332123, 0.11681066453456879, 0.13326290249824524, 0.12830039858818054, 0.11633847653865814, 0.11619924008846283, 0.08570050448179245, 0.08533535897731781, 0.07523393630981445, 0.09871936589479446, 0.10612400621175766, 0.08446184545755386, 0.07749837636947632, 0.0560726560652256, 0.056310538202524185, 0.07578400522470474, 0.10835321992635727, 0.12381558865308762, 0.12106093019247055, 0.11677020788192749, 0.14674435555934906, 0.14257203042507172, 0.1429789960384369, 0.1429213136434555, 0.13942015171051025, 0.1560603827238083, 0.1465674191713333, 0.134792298078537, 0.0935320034623146]",90
154129,550,1,60,9,9,0.43275785,35.353436,2.8283348,0.37595506889822516,810.7165,"[0.12438228726387024, -0.3002767264842987, -0.19455038011074066, 0.2767713963985443, 0.3549846112728119, -0.7533848285675049, -1.773241639137268, -1.643873929977417, -0.6587780117988586, -1.6442384719848633, -2.5035736560821533, -1.662097692489624, -1.0755774974822998, -1.1150130033493042, -1.0341591835021973, 1.1412174701690674, 0.9798360466957092, 2.128213882446289, 1.9368034601211548, 1.2488876581192017, 1.1270568370819092, 1.2921781539916992, 1.603060245513916, 1.432121992111206, 1.2571303844451904, 0.38155680894851685, -0.6159099340438843, -0.9618434309959412, -0.7277242541313171, 0.2319510281085968, -0.015962840989232063, -0.5011959671974182, -0.20201952755451202, -0.1601816713809967, -0.5343542098999023, -1.2323782444000244, -0.9773390293121338, -0.7671794891357422, -0.7050325274467468, -0.4249517023563385, -0.15938612818717957, 0.23191115260124207, 0.259639710187912, 0.36176779866218567, 0.2371273934841156, 0.3925653100013733, 0.37998002767562866, 0.1516680270433426, 0.24210725724697113, -0.03262423351407051, -0.1057836040854454, 0.3453455865383148, 0.22005946934223175, 0.07745980471372604, 0.4081955850124359, 0.37707701325416565, 0.23147763311862946, -0.015637928619980812, 0.3806212544441223, 0.5415472388267517]","[1.7988041639328003, 1.1507983207702637, 0.7783219218254089, 0.01992887817323208, -0.5780249834060669, -1.3650767803192139, -1.6230487823486328, -1.4974356889724731, -1.2351701259613037, -1.4863331317901611, -1.2344807386398315, -0.5852525234222412, -0.4513901174068451, -0.03881536051630974, 0.4205033481121063, 0.6498072743415833, 0.5827720761299133, 1.7269787788391113, 1.576892375946045, 1.6198853254318237, 1.2505415678024292, 0.41620394587516785, -0.14941123127937317, -0.6113032102584839, -0.9693362712860107, -1.1241718530654907, -1.3358755111694336, -1.3144220113754272, -1.2657266855239868, -0.7353197932243347, -0.5610090494155884, -1.056958556175232, -1.4462990760803223, -1.6292831897735596, -1.0976786613464355, -0.45000573992729187, 0.6975183486938477, 1.429046630859375, 1.9738938808441162, 2.364274501800537, 2.309176206588745, 2.09317684173584, 1.4013056755065918, 0.493954062461853, -0.40067923069000244, -0.6688182353973389, -0.9937574863433838, -1.0875126123428345, -0.6649566888809204, -0.5693597793579102, -0.01976211555302143, 0.5658652186393738, 0.7255217432975769, 0.8090867400169373, 0.8273029327392578, 0.42796027660369873, -0.010222089476883411, -0.424630343914032, -0.23094390332698822, -0.08835789561271667]","[0.40533748269081116, 1.0064510107040405, 0.2842763662338257, 0.32119500637054443, 0.6314921975135803, 0.9477018117904663, 1.2606881856918335, 0.6445233821868896, -0.19076120853424072, 0.24579773843288422, 0.5412103533744812, -0.2851388454437256, -0.42556503415107727, -0.8646111488342285, -2.133490562438965, -2.143994092941284, -1.4279333353042603, -0.6438812613487244, 0.22115756571292877, 0.23235656321048737, 0.12761621177196503, -0.03788444772362709, -0.41759660840034485, -0.3764911890029907, 0.0766160786151886, 0.457064688205719, 3.146928310394287, 2.991541862487793, 2.3019137382507324, 2.156053304672241, 1.1948254108428955, -0.322695791721344, -1.1016570329666138, -1.3419535160064697, -1.4853005409240723, -1.4577280282974243, -2.0260729789733887, -1.9568456411361694, -1.0461691617965698, -0.7002461552619934, -0.48398199677467346, -0.16440673172473907, -0.030286528170108795, 0.16168080270290375, 0.2582626938819885, 0.16951243579387665, 0.31909888982772827, 0.48854902386665344, 0.5874144434928894, 0.7754560112953186, 0.6774664521217346, 0.3302745819091797, 0.3807141184806824, 0.30429551005363464, 0.04422612115740776, -0.01295434683561325, -0.0644821897149086, 0.0804121270775795, 0.17176415026187897, 0.3527623116970062]",60
154191,550,1,75,9,9,0.6213641,34.751774,3.1925654,0.3749673101250499,809.5608,"[0.12438228726387024, -0.3002767264842987, -0.19455038011074066, 0.2767713963985443, 0.3549846112728119, -0.7533848285675049, -1.773241639137268, -1.643873929977417, -0.6587780117988586, -1.6442384719848633, -2.5035736560821533, -1.662097692489624, -1.0755774974822998, -1.1150130033493042, -1.0341591835021973, 1.1412174701690674, 0.9798360466957092, 2.128213882446289, 1.9368034601211548, 1.2488876581192017, 1.1270568370819092, 1.2921781539916992, 1.603060245513916, 1.432121992111206, 1.2571303844451904, 0.38155680894851685, -0.6159099340438843, -0.9618434309959412, -0.7277242541313171, 0.2319510281085968, -0.015962840989232063, -0.5011959671974182, -0.20201952755451202, -0.1601816713809967, -0.5343542098999023, -1.2323782444000244, -0.9773390293121338, -0.7671794891357422, -0.7050325274467468, -0.4249517023563385, -0.15938612818717957, 0.23191115260124207, 0.259639710187912, 0.36176779866218567, 0.2371273934841156, 0.3925653100013733, 0.37998002767562866, 0.1516680270433426, 0.24210725724697113, -0.03262423351407051, -0.1057836040854454, 0.3453455865383148, 0.22005946934223175, 0.07745980471372604, 0.4081955850124359, 0.37707701325416565, 0.23147763311862946, -0.015637928619980812, 0.3806212544441223, 0.5415472388267517, 0.34210023283958435, -0.012116818688809872, 0.43440860509872437, 0.44452130794525146, 0.12049595266580582, 0.10408717393875122, 0.062475480139255524, 0.008049308322370052, -0.019307751208543777, -0.045009251683950424, -0.05955982953310013, -0.07364585250616074, -0.09564519673585892, -0.060585297644138336, -0.0010982694802805781]","[1.7988041639328003, 1.1507983207702637, 0.7783219218254089, 0.01992887817323208, -0.5780249834060669, -1.3650767803192139, -1.6230487823486328, -1.4974356889724731, -1.2351701259613037, -1.4863331317901611, -1.2344807386398315, -0.5852525234222412, -0.4513901174068451, -0.03881536051630974, 0.4205033481121063, 0.6498072743415833, 0.5827720761299133, 1.7269787788391113, 1.576892375946045, 1.6198853254318237, 1.2505415678024292, 0.41620394587516785, -0.14941123127937317, -0.6113032102584839, -0.9693362712860107, -1.1241718530654907, -1.3358755111694336, -1.3144220113754272, -1.2657266855239868, -0.7353197932243347, -0.5610090494155884, -1.056958556175232, -1.4462990760803223, -1.6292831897735596, -1.0976786613464355, -0.45000573992729187, 0.6975183486938477, 1.429046630859375, 1.9738938808441162, 2.364274501800537, 2.309176206588745, 2.09317684173584, 1.4013056755065918, 0.493954062461853, -0.40067923069000244, -0.6688182353973389, -0.9937574863433838, -1.0875126123428345, -0.6649566888809204, -0.5693597793579102, -0.01976211555302143, 0.5658652186393738, 0.7255217432975769, 0.8090867400169373, 0.8273029327392578, 0.42796027660369873, -0.010222089476883411, -0.424630343914032, -0.23094390332698822, -0.08835789561271667, -0.5358986258506775, -0.6500679850578308, -0.4288829267024994, -0.03147273138165474, 0.09379047900438309, 0.09953621029853821, 0.07485000044107437, 0.06200156360864639, 0.08143240958452225, 0.07882098853588104, 0.07694356888532639, 0.08617618680000305, 0.08469532430171967, 0.08917901664972305, 0.08944029361009598]","[0.40533748269081116, 1.0064510107040405, 0.2842763662338257, 0.32119500637054443, 0.6314921975135803, 0.9477018117904663, 1.2606881856918335, 0.6445233821868896, -0.19076120853424072, 0.24579773843288422, 0.5412103533744812, -0.2851388454437256, -0.42556503415107727, -0.8646111488342285, -2.133490562438965, -2.143994092941284, -1.4279333353042603, -0.6438812613487244, 0.22115756571292877, 0.23235656321048737, 0.12761621177196503, -0.03788444772362709, -0.41759660840034485, -0.3764911890029907, 0.0766160786151886, 0.457064688205719, 3.146928310394287, 2.991541862487793, 2.3019137382507324, 2.156053304672241, 1.1948254108428955, -0.322695791721344, -1.1016570329666138, -1.3419535160064697, -1.4853005409240723, -1.4577280282974243, -2.0260729789733887, -1.9568456411361694, -1.0461691617965698, -0.7002461552619934, -0.48398199677467346, -0.16440673172473907, -0.030286528170108795, 0.16168080270290375, 0.2582626938819885, 0.16951243579387665, 0.31909888982772827, 0.48854902386665344, 0.5874144434928894, 0.7754560112953186, 0.6774664521217346, 0.3302745819091797, 0.3807141184806824, 0.30429551005363464, 0.04422612115740776, -0.01295434683561325, -0.0644821897149086, 0.0804121270775795, 0.17176415026187897, 0.3527623116970062, 0.36345556378364563, 0.18114592134952545, 0.12710539996623993, 0.12354462593793869, -0.02437669225037098, 0.0011754976585507393, 0.01886790059506893, 0.015334628522396088, 0.0126103600487113, 0.016998084262013435, 0.010701969265937805, 0.015137006528675556, 0.028012603521347046, 0.028782986104488373, 0.03348391130566597]",75
81031,289,32,45,23,23,0.28907633,35.73745,2.4897041,0.39285362156757264,809.0828,"[-0.031954456120729446, 0.6129332780838013, 0.6785085797309875, 0.5698961019515991, 0.41910991072654724, 0.45967814326286316, 0.7777060866355896, 1.205429196357727, 1.6944583654403687, 1.8093258142471313, 1.3525381088256836, 0.6213828921318054, -0.28477200865745544, -1.0352572202682495, -1.0882385969161987, -0.921619176864624, -0.8419473767280579, -0.9143518805503845, -0.6082589030265808, -0.3680781424045563, -0.15667405724525452, -0.3142450153827667, -0.4627450108528137, -0.5427074432373047, -0.19244806468486786, 0.13482210040092468, 0.40177762508392334, 0.5677570700645447, 0.5933402180671692, 0.7173157334327698, 0.2727352976799011, 0.0027294703759253025, -0.23283128440380096, -0.4077930152416229, -0.23099493980407715, 0.11695372313261032, 0.173967182636261, -0.14967955648899078, -0.13105718791484833, -0.13022904098033905, 0.15127752721309662, 0.5419375896453857, 0.3966456949710846, 0.04209629073739052, 0.03894829750061035]","[-0.30280834436416626, -0.626870334148407, -0.444212943315506, 0.08635523170232773, 0.6481091380119324, 1.1056416034698486, 1.10075843334198, 0.6120402216911316, -0.4773269593715668, -1.3211796283721924, -2.119415760040283, -1.5402780771255493, -1.5664000511169434, -2.098538637161255, -1.276539921760559, -0.3333199918270111, 0.3628546893596649, -0.6867115497589111, -1.5313236713409424, -1.2793054580688477, -0.39502546191215515, 0.48433271050453186, 1.760908603668213, 2.7830049991607666, 2.5650405883789062, 1.9220820665359497, 1.153206706047058, -0.30188730359077454, -0.43361714482307434, 0.20993801951408386, 0.10221529006958008, -0.11843913048505783, 0.3080289959907532, 0.8680790662765503, 0.8284043669700623, 0.07538849115371704, -0.1898055374622345, 0.025739602744579315, 0.13845449686050415, -0.8090506792068481, -0.35546332597732544, 0.314424067735672, 0.4927113354206085, 0.47755250334739685, 0.2651239037513733]","[-1.3773982524871826, -1.9599156379699707, -1.8726255893707275, -1.3093997240066528, -0.45401856303215027, -0.31524986028671265, 0.08476543426513672, 0.635692298412323, 1.0764070749282837, 1.090020775794983, 1.11439847946167, 1.3876466751098633, 1.709321141242981, 2.548252582550049, 2.8304433822631836, 1.1435999870300293, 0.9111229181289673, 0.029433419927954674, -1.0339317321777344, -1.3817667961120605, -1.9857895374298096, -1.7073864936828613, -1.1096333265304565, -1.0722894668579102, -0.9770678281784058, -0.7775464653968811, -0.7873683571815491, -0.42223110795021057, 0.07161740213632584, -0.07676240056753159, 0.21790781617164612, 0.4226829707622528, 1.0440642833709717, 0.9682912230491638, 0.6914113759994507, 0.23953025043010712, -0.11730791628360748, 0.04457281529903412, -0.1405884176492691, 0.34361904859542847, 0.9874284267425537, 0.6581206917762756, 0.5228611826896667, 0.25385937094688416, -0.17948216199874878]",45
62630,223,14,75,19,19,0.13354778,35.440044,2.5193005,0.4179822978556844,805.279,"[-0.07942616194486618, 3.7370829582214355, 0.7796536684036255, -1.4236040115356445, -0.0394686795771122, 1.7523293495178223, -0.22865702211856842, -0.002669702284038067, -0.3038000762462616, -0.6847659945487976, -0.3913346827030182, -0.5643714070320129, -0.8971847891807556, -0.5738877654075623, -0.3694508671760559, -0.6893638372421265, -0.22300861775875092, -0.6701151132583618, -0.26162096858024597, -0.7479557991027832, 0.4124768078327179, 0.35354697704315186, -0.09392071515321732, 0.8069736957550049, 2.451573371887207, 2.3096024990081787, 2.5320632457733154, 1.7098981142044067, 0.9646992683410645, 0.5765164494514465, 0.07122497260570526, -0.46091359853744507, -0.7793822884559631, -0.7985208630561829, -1.1450055837631226, -1.0675288438796997, -1.18678879737854, -1.269976019859314, -1.2265233993530273, -1.3271925449371338, -1.4006102085113525, -1.0409929752349854, -0.4878169000148773, -0.3293597102165222, -0.16604086756706238, -0.17556311190128326, -0.26289820671081543, -0.2124669849872589, -0.19736553728580475, -0.10176564753055573, -0.13442927598953247, -0.1472460925579071, -0.10950629413127899, -0.2526416778564453, -0.21709099411964417, -0.23777295649051666, -0.02956262044608593, -0.04207894206047058, -0.05702069401741028, -0.077778160572052, -0.039738979190588, 0.019775718450546265, 0.09871716052293777, 0.09517117589712143, 0.10887959599494934, 0.1440296769142151, 0.12584376335144043, 0.14164163172245026, 0.10302679985761642, 0.02674245461821556, 0.04774465411901474, 0.1039387434720993, 0.06481810659170151, 0.07937166839838028, 0.06570122390985489]","[-6.7346272468566895, 2.232210397720337, 0.8408017754554749, 0.7846294045448303, 0.38294756412506104, 1.5970538854599, 0.6742125749588013, 0.5429045557975769, 0.25114694237709045, 0.07555816322565079, 0.20050068199634552, 0.20692496001720428, -0.16989751160144806, -0.07618176192045212, -0.12010291963815689, 0.11102026700973511, -0.2067261040210724, -0.3154492676258087, -0.7956764698028564, -0.3831116259098053, -0.6892810463905334, -0.7265096306800842, -0.8205091953277588, -0.2592322528362274, 0.349918931722641, 0.6411095857620239, 0.8882879614830017, 0.583200216293335, 0.3829587399959564, 0.7536377906799316, 0.5035085082054138, 0.3870495855808258, 0.16146649420261383, -0.009518049657344818, -0.05770907551050186, -0.0503733791410923, -0.033300526440143585, -0.24076960980892181, -0.22371703386306763, -0.11782721430063248, 0.0207202211022377, -0.08908553421497345, -0.2069748342037201, -0.266571968793869, -0.11511172354221344, -0.07998853176832199, -0.15789523720741272, -0.12003383040428162, -0.21646782755851746, -0.17010600864887238, -0.11885422468185425, -0.12961599230766296, -0.08776991069316864, -0.3738105893135071, -0.3045739233493805, -0.09606444835662842, -0.0033405779395252466, -0.011097782291471958, -0.0016525649698451161, 0.005030796863138676, -0.004183562938123941, -0.01828230731189251, -0.01197351235896349, 0.005563267972320318, 0.026953721418976784, 0.03913527727127075, 0.04594993218779564, 0.012960206717252731, -0.026464389637112617, 0.0019902894273400307, -0.0271469634026289, -0.012828239239752293, 0.01236251275986433, -0.028028974309563637, -0.01272250059992075]","[-0.27906933426856995, -0.352865070104599, 0.8189642429351807, -1.984197735786438, -1.023247241973877, -0.5374498963356018, -1.0094622373580933, -1.2615063190460205, -0.7919555306434631, -0.4472289979457855, -0.2750297486782074, -0.019118892028927803, 0.40891245007514954, 0.7033575773239136, 0.8049789667129517, 1.1081962585449219, 1.2145599126815796, 1.189241886138916, 1.6310802698135376, 1.5321376323699951, 2.210458278656006, 2.0084714889526367, 1.1844943761825562, 1.306361198425293, 1.5508642196655273, 1.6950256824493408, 1.1309155225753784, -0.12995584309101105, -0.5293785333633423, -1.1399798393249512, -1.4962215423583984, -1.5103486776351929, -1.7680730819702148, -1.7013558149337769, -1.6991623640060425, -1.541890025138855, -1.42270827293396, -1.1354916095733643, -1.187649130821228, -1.071565866470337, -1.1326937675476074, -0.7964704036712646, -0.15346695482730865, 0.016253238543868065, 0.012993985787034035, -0.05607076734304428, 0.041248057037591934, -0.07262846827507019, -0.10470964014530182, -0.047476090490818024, -0.009674690663814545, -0.10415014624595642, -0.10613346844911575, 0.1403646171092987, 0.471449077129364, 0.03187200427055359, 0.07594207674264908, 0.07202737778425217, 0.07930872589349747, 0.09175725281238556, 0.09506482630968094, 0.09823940694332123, 0.11681066453456879, 0.13326290249824524, 0.12830039858818054, 0.11633847653865814, 0.11619924008846283, 0.08570050448179245, 0.08533535897731781, 0.07523393630981445, 0.09871936589479446, 0.10612400621175766, 0.08446184545755386, 0.07749837636947632, 0.0560726560652256]",75
59405,212,39,30,24,24,0.0072493553,36.415783,1.8902359,0.3790035519798143,803.97296,"[-1.122913122177124, -0.655969500541687, -0.46644383668899536, -0.40098831057548523, 0.15966399013996124, 0.9967709183692932, 1.371729850769043, 1.5259015560150146, 1.711652159690857, 2.453856945037842, 2.3786780834198, 2.2747020721435547, 1.8516925573349, 1.4369794130325317, 1.2112334966659546, 1.0890955924987793, 0.945869505405426, 0.3413182497024536, -0.6613578200340271, -2.058213472366333, -2.8533568382263184, -2.7372639179229736, -2.9648914337158203, -2.632033586502075, -1.380366563796997, -0.9550495743751526, -0.25657522678375244, 0.08881990611553192, 0.20523393154144287, 0.4785456955432892]","[-1.208763837814331, -0.7893181443214417, -0.3960992395877838, -0.2429974377155304, -0.2038518786430359, -0.0560605451464653, 0.2808280885219574, 0.16859517991542816, 0.024554366245865822, -0.3406504690647125, -1.1024783849716187, -0.3265129625797272, -0.5386016964912415, -1.3229211568832397, -2.2282416820526123, -2.29649019241333, -1.6292566061019897, -1.2758427858352661, -1.6258165836334229, -2.1530745029449463, -1.6073790788650513, -0.8968545198440552, -2.748995542526245, -2.4193031787872314, -0.7759697437286377, -0.1150304526090622, 0.5376990437507629, 0.9405825138092041, 0.9753027558326721, 2.2592358589172363]","[0.8718032240867615, 0.6304582953453064, 0.12423677742481232, -0.30149421095848083, -0.6861504912376404, -1.2551933526992798, -1.2423264980316162, -0.9644548296928406, -0.7522322535514832, -0.41249728202819824, 0.30363383889198303, -0.09901096671819687, -0.10977570712566376, 0.49454495310783386, 0.7542142868041992, 1.0157798528671265, 1.3049670457839966, 2.0484673976898193, 2.8969173431396484, 3.7949886322021484, 3.4636120796203613, 1.037440538406372, -0.8220760822296143, -2.1087231636047363, -2.820094108581543, -2.1727986335754395, -1.2853354215621948, -1.1137044429779053, -1.5060410499572754, -1.9117025136947632]",30
179990,642,61,90,25,25,3.065248,26.055449,8.681143,0.27004951810078515,795.0457,"[0.2610087990760803, -0.03041927143931389, 0.029792893677949905, -0.0057124001905322075, -0.3997769057750702, -0.26894599199295044, 0.18081803619861603, 0.20869944989681244, 0.04514579847455025, -0.3287341296672821, -0.495066374540329, -0.1613772064447403, -0.026195712387561798, -0.1705917865037918, -0.4664907157421112, -0.4643528461456299, -0.29045605659484863, 0.1146153062582016, 0.2112114280462265, -0.01916659064590931, -0.13384225964546204, -0.41488951444625854, 0.13679139316082, -0.1652921885251999, -1.2610095739364624, -1.4911071062088013, -1.2743879556655884, -0.6895131468772888, -0.7400107383728027, -0.7297587990760803, -0.800976574420929, -1.07876455783844, -1.1654967069625854, -1.4461702108383179, -1.3266264200210571, -1.3500521183013916, -1.3523393869400024, -1.2929649353027344, -1.2972297668457031, -1.5535062551498413, -1.7968835830688477, -1.6503769159317017, -1.509347677230835, -2.061985731124878, -2.2022831439971924, -2.4629616737365723, -1.7785810232162476, -1.6440953016281128, -2.0877859592437744, -2.7465639114379883, -3.408808708190918, -3.3545749187469482, -3.3148200511932373, -3.7691690921783447, -4.318403720855713, -3.7476978302001953, -3.148339033126831, -3.163512706756592, -3.3340444564819336, -3.149451494216919, -2.892608165740967, -5.136295795440674, -5.590943336486816, -5.39525842666626, -5.579599857330322, -5.6143012046813965, -5.897573947906494, -5.9838643074035645, -6.105075359344482, -6.9240875244140625, -6.74967622756958, -7.1552629470825195, -7.237170219421387, -7.264104843139648, -6.887473106384277, -7.076157569885254, -6.799181938171387, -7.016529560089111, -7.46478796005249, -7.25290584564209, -7.003482818603516, -7.051342487335205, -7.444407939910889, -7.782835960388184, -7.003874778747559, -6.107806205749512, -6.749361991882324, -7.892513275146484, -7.892513275146484, -7.892513275146484]","[0.2825326919555664, 0.503665030002594, 0.7009824514389038, 0.7517790198326111, 0.6099611520767212, 0.09127562493085861, -0.319305956363678, -0.5157284736633301, -0.2646324038505554, -0.137346088886261, 0.13019992411136627, 0.04456726089119911, 0.3333907723426819, 0.5149008631706238, 0.11587012559175491, -0.2783186733722687, -1.0198830366134644, -0.8148571252822876, -0.5183701515197754, -0.057180870324373245, -0.18818148970603943, -0.5874001383781433, -0.5218334197998047, -0.5487359762191772, -0.15208666026592255, 0.07856658101081848, 0.32816827297210693, -0.689799427986145, -0.6870788931846619, -0.5052022337913513, -0.8398298621177673, -0.9270938038825989, -0.9400395154953003, -0.9241074323654175, -0.8177178502082825, -0.9693013429641724, -0.9722767472267151, -0.9994818568229675, -1.0812524557113647, -1.1600909233093262, -1.2587621212005615, -1.3932077884674072, -1.4208219051361084, -1.4338856935501099, -1.566612958908081, -1.800330638885498, -1.97788667678833, -2.026671886444092, -2.172711133956909, -2.2289741039276123, -2.2782363891601562, -2.4568052291870117, -2.469205379486084, -2.4840590953826904, -2.664306402206421, -2.733205556869507, -2.828892469406128, -3.039398670196533, -3.108586549758911, -3.1942138671875, -2.794879198074341, -2.652247428894043, -3.0708439350128174, -3.189453125, -3.549926996231079, -3.6716277599334717, -3.786160469055176, -3.942920207977295, -4.041887283325195, -3.9220328330993652, -3.8889992237091064, -4.035294055938721, -4.04372501373291, -4.1132588386535645, -4.112256050109863, -3.96923828125, -3.997202157974243, -3.9948878288269043, -4.031517028808594, -4.109713554382324, -4.030847072601318, -3.9288828372955322, -3.9091005325317383, -4.1389617919921875, -4.246377944946289, -4.062307834625244, -4.163316249847412, -4.106887340545654, -4.106887340545654, -4.106887340545654]","[0.7215972542762756, 0.5880746841430664, -0.023732110857963562, -0.41243651509284973, -0.6386556625366211, -0.3971650004386902, -0.2053007036447525, -0.3866044878959656, 0.04857558384537697, -0.03392957150936127, 0.20341698825359344, 0.4096131920814514, 0.5156415104866028, 0.7681781649589539, 0.3018386960029602, -0.46968701481819153, -0.9410878419876099, -0.49943286180496216, -0.0552651584148407, 0.6142612099647522, 0.21212823688983917, -0.26185837388038635, -0.6488686800003052, -0.01993953064084053, -0.2770256996154785, 0.05118449777364731, -0.8757327795028687, -0.5905743837356567, -0.5959634780883789, -0.6013839840888977, -0.6909538507461548, -0.7843910455703735, -0.8138267397880554, -0.8514223098754883, -0.8501109480857849, -0.817572832107544, -0.7418360114097595, -0.7155783772468567, -0.7582961320877075, -0.7939983606338501, -1.0471700429916382, -1.3500475883483887, -1.4570425748825073, -1.6138055324554443, -1.6064212322235107, -1.5761609077453613, -1.4969369173049927, -1.7360446453094482, -2.7356457710266113, -3.1381726264953613, -3.1975340843200684, -2.97468900680542, -3.0079076290130615, -2.681959867477417, -2.4540178775787354, -2.5287954807281494, -2.297593116760254, -2.4919440746307373, -2.8965041637420654, -3.337131977081299, -3.9486072063446045, -5.07374382019043, -5.529348373413086, -5.800957679748535, -5.503777503967285, -5.0090413093566895, -5.490367889404297, -5.55649995803833, -6.253520965576172, -6.685726642608643, -6.8949689865112305, -6.799468517303467, -6.991742134094238, -7.363749980926514, -7.050558090209961, -7.028041839599609, -6.780161380767822, -6.409214496612549, -6.677599906921387, -6.5652875900268555, -6.525607109069824, -6.919530868530273, -7.3111090660095215, -7.834338188171387, -7.655549049377441, -7.365649700164795, -7.558737277984619, -6.483163356781006, -6.483163356781006, -6.483163356781006]",90
179967,642,60,90,25,25,3.048778,25.926508,8.608553,0.2703124026097705,790.30237,"[0.2660975158214569, 0.2610087990760803, -0.03041927143931389, 0.029792893677949905, -0.0057124001905322075, -0.3997769057750702, -0.26894599199295044, 0.18081803619861603, 0.20869944989681244, 0.04514579847455025, -0.3287341296672821, -0.495066374540329, -0.1613772064447403, -0.026195712387561798, -0.1705917865037918, -0.4664907157421112, -0.4643528461456299, -0.29045605659484863, 0.1146153062582016, 0.2112114280462265, -0.01916659064590931, -0.13384225964546204, -0.41488951444625854, 0.13679139316082, -0.1652921885251999, -1.2610095739364624, -1.4911071062088013, -1.2743879556655884, -0.6895131468772888, -0.7400107383728027, -0.7297587990760803, -0.800976574420929, -1.07876455783844, -1.1654967069625854, -1.4461702108383179, -1.3266264200210571, -1.3500521183013916, -1.3523393869400024, -1.2929649353027344, -1.2972297668457031, -1.5535062551498413, -1.7968835830688477, -1.6503769159317017, -1.509347677230835, -2.061985731124878, -2.2022831439971924, -2.4629616737365723, -1.7785810232162476, -1.6440953016281128, -2.0877859592437744, -2.7465639114379883, -3.408808708190918, -3.3545749187469482, -3.3148200511932373, -3.7691690921783447, -4.318403720855713, -3.7476978302001953, -3.148339033126831, -3.163512706756592, -3.3340444564819336, -3.149451494216919, -2.892608165740967, -5.136295795440674, -5.590943336486816, -5.39525842666626, -5.579599857330322, -5.6143012046813965, -5.897573947906494, -5.9838643074035645, -6.105075359344482, -6.9240875244140625, -6.74967622756958, -7.1552629470825195, -7.237170219421387, -7.264104843139648, -6.887473106384277, -7.076157569885254, -6.799181938171387, -7.016529560089111, -7.46478796005249, -7.25290584564209, -7.003482818603516, -7.051342487335205, -7.444407939910889, -7.782835960388184, -7.003874778747559, -6.107806205749512, -6.749361991882324, -7.892513275146484, -7.892513275146484]","[-0.17736130952835083, 0.2825326919555664, 0.503665030002594, 0.7009824514389038, 0.7517790198326111, 0.6099611520767212, 0.09127562493085861, -0.319305956363678, -0.5157284736633301, -0.2646324038505554, -0.137346088886261, 0.13019992411136627, 0.04456726089119911, 0.3333907723426819, 0.5149008631706238, 0.11587012559175491, -0.2783186733722687, -1.0198830366134644, -0.8148571252822876, -0.5183701515197754, -0.057180870324373245, -0.18818148970603943, -0.5874001383781433, -0.5218334197998047, -0.5487359762191772, -0.15208666026592255, 0.07856658101081848, 0.32816827297210693, -0.689799427986145, -0.6870788931846619, -0.5052022337913513, -0.8398298621177673, -0.9270938038825989, -0.9400395154953003, -0.9241074323654175, -0.8177178502082825, -0.9693013429641724, -0.9722767472267151, -0.9994818568229675, -1.0812524557113647, -1.1600909233093262, -1.2587621212005615, -1.3932077884674072, -1.4208219051361084, -1.4338856935501099, -1.566612958908081, -1.800330638885498, -1.97788667678833, -2.026671886444092, -2.172711133956909, -2.2289741039276123, -2.2782363891601562, -2.4568052291870117, -2.469205379486084, -2.4840590953826904, -2.664306402206421, -2.733205556869507, -2.828892469406128, -3.039398670196533, -3.108586549758911, -3.1942138671875, -2.794879198074341, -2.652247428894043, -3.0708439350128174, -3.189453125, -3.549926996231079, -3.6716277599334717, -3.786160469055176, -3.942920207977295, -4.041887283325195, -3.9220328330993652, -3.8889992237091064, -4.035294055938721, -4.04372501373291, -4.1132588386535645, -4.112256050109863, -3.96923828125, -3.997202157974243, -3.9948878288269043, -4.031517028808594, -4.109713554382324, -4.030847072601318, -3.9288828372955322, -3.9091005325317383, -4.1389617919921875, -4.246377944946289, -4.062307834625244, -4.163316249847412, -4.106887340545654, -4.106887340545654]","[0.33974263072013855, 0.7215972542762756, 0.5880746841430664, -0.023732110857963562, -0.41243651509284973, -0.6386556625366211, -0.3971650004386902, -0.2053007036447525, -0.3866044878959656, 0.04857558384537697, -0.03392957150936127, 0.20341698825359344, 0.4096131920814514, 0.5156415104866028, 0.7681781649589539, 0.3018386960029602, -0.46968701481819153, -0.9410878419876099, -0.49943286180496216, -0.0552651584148407, 0.6142612099647522, 0.21212823688983917, -0.26185837388038635, -0.6488686800003052, -0.01993953064084053, -0.2770256996154785, 0.05118449777364731, -0.8757327795028687, -0.5905743837356567, -0.5959634780883789, -0.6013839840888977, -0.6909538507461548, -0.7843910455703735, -0.8138267397880554, -0.8514223098754883, -0.8501109480857849, -0.817572832107544, -0.7418360114097595, -0.7155783772468567, -0.7582961320877075, -0.7939983606338501, -1.0471700429916382, -1.3500475883483887, -1.4570425748825073, -1.6138055324554443, -1.6064212322235107, -1.5761609077453613, -1.4969369173049927, -1.7360446453094482, -2.7356457710266113, -3.1381726264953613, -3.1975340843200684, -2.97468900680542, -3.0079076290130615, -2.681959867477417, -2.4540178775787354, -2.5287954807281494, -2.297593116760254, -2.4919440746307373, -2.8965041637420654, -3.337131977081299, -3.9486072063446045, -5.07374382019043, -5.529348373413086, -5.800957679748535, -5.503777503967285, -5.0090413093566895, -5.490367889404297, -5.55649995803833, -6.253520965576172, -6.685726642608643, -6.8949689865112305, -6.799468517303467, -6.991742134094238, -7.363749980926514, -7.050558090209961, -7.028041839599609, -6.780161380767822, -6.409214496612549, -6.677599906921387, -6.5652875900268555, -6.525607109069824, -6.919530868530273, -7.3111090660095215, -7.834338188171387, -7.655549049377441, -7.365649700164795, -7.558737277984619, -6.483163356781006, -6.483163356781006]",90
198182,707,61,90,13,13,3.0324364,25.01669,8.706098,0.26849936000797614,774.9417,"[0.14480182528495789, 0.09546500444412231, 0.15752610564231873, 0.11926177144050598, 0.10348591208457947, 0.08740498870611191, 0.04560286924242973, -0.010989431291818619, -0.03778201714158058, -0.062218841165304184, -0.07903584092855453, -0.09216848760843277, -0.11555144190788269, -0.08381085097789764, -0.02435464970767498, 0.0527791865170002, 0.05002600699663162, 0.06376868486404419, 0.09483315050601959, 0.07700356096029282, 0.08456660807132721, 0.04239462688565254, -0.028703512623906136, -0.011628604494035244, 0.036722976714372635, 0.003223674837499857, 0.016539273783564568, 0.0008084365981630981, 0.030405759811401367, 0.011903248727321625, 0.030330076813697815, -0.024911031126976013, -0.03599819540977478, -0.05692401900887489, -0.06571958214044571, -0.05546879768371582, -0.0438588447868824, -0.044356826692819595, -0.04790525883436203, -0.08233530074357986, -0.09898737072944641, -0.07655517756938934, -0.06937068700790405, -0.12910792231559753, -0.1681540161371231, -0.19241616129875183, -0.1452079713344574, -0.14106208086013794, -0.1728939563035965, -0.2439175546169281, -0.3407009541988373, -0.3560188412666321, -0.3659248948097229, -0.43582630157470703, -0.5243607759475708, -0.4735415279865265, -0.3950223922729492, -0.4026339054107666, -0.42327722907066345, -0.4102729260921478, -0.38570213317871094, -0.7235211133956909, -0.7789878249168396, -0.741443932056427, -0.7714069485664368, -0.7871528267860413, -0.8424792885780334, -0.8676292896270752, -0.9045747518539429, -1.0228585004806519, -1.0023454427719116, -1.0757977962493896, -1.0826281309127808, -1.1020491123199463, -1.0533431768417358, -1.0804272890090942, -1.0266765356063843, -1.0666207075119019, -1.1519291400909424, -1.131745457649231, -1.1033520698547363, -1.1036878824234009, -1.1588120460510254, -1.2034027576446533, -1.0738706588745117, -0.9297855496406555, -1.0387511253356934, -1.2344311475753784, -1.2344311475753784, -1.2344311475753784]","[0.0059712170623242855, 0.5298330187797546, 0.006417933851480484, 0.01950044557452202, -0.0019017066806554794, 0.009457413107156754, -0.02765999361872673, -0.04723651334643364, -0.015875153243541718, -0.02349560521543026, -0.03269517794251442, -0.023197807371616364, -0.014511681161820889, -0.027086306363344193, -0.044707704335451126, -0.0397743321955204, -0.02416248619556427, 0.0002852064499165863, 0.008794143795967102, 0.018208401277661324, -0.01729239895939827, -0.05963876470923424, -0.026517782360315323, -0.06446322798728943, -0.050287868827581406, -0.01849832385778427, -0.06562796980142593, -0.05276560038328171, -0.028099583461880684, 0.027742715552449226, -0.029590371996164322, -0.04044836014509201, -0.06709809601306915, -0.05568208545446396, -0.04842067509889603, -0.06919233500957489, -0.043407268822193146, -0.04691271111369133, -0.08078934997320175, -0.09859670698642731, -0.10942277312278748, -0.13387364149093628, -0.13892900943756104, -0.1644650101661682, -0.20958934724330902, -0.2562706470489502, -0.28819000720977783, -0.2936946749687195, -0.2994094491004944, -0.3062181770801544, -0.31645724177360535, -0.3561813235282898, -0.3626207113265991, -0.35739558935165405, -0.3969263732433319, -0.4276861846446991, -0.4438108503818512, -0.4819156527519226, -0.49884238839149475, -0.505856454372406, -0.4546094238758087, -0.4335758090019226, -0.5220986604690552, -0.547422468662262, -0.6204386949539185, -0.6351029276847839, -0.6570626497268677, -0.6890009045600891, -0.6970673203468323, -0.6709202527999878, -0.6637585163116455, -0.6998158693313599, -0.7016589045524597, -0.7222840189933777, -0.7305357456207275, -0.7026143074035645, -0.7140547633171082, -0.7106821537017822, -0.7210468649864197, -0.7341408729553223, -0.7176021337509155, -0.7029553055763245, -0.6960846185684204, -0.7396421432495117, -0.7634251117706299, -0.7242245078086853, -0.7503821849822998, -0.7390721440315247, -0.7390721440315247, -0.7390721440315247]","[0.30866700410842896, 0.43537214398384094, -0.007604910060763359, -0.015926431864500046, 0.0007964536780491471, 0.027014486491680145, 0.044703200459480286, 0.04140704870223999, 0.03772741183638573, 0.04327915981411934, 0.03804483637213707, 0.043748948723077774, 0.05643412843346596, 0.05833575874567032, 0.062356140464544296, 0.08019191026687622, 0.0957883819937706, 0.08910704404115677, 0.07612597197294235, 0.07469473779201508, 0.0430251881480217, 0.04128929227590561, 0.030023636296391487, 0.05048401653766632, 0.05751645192503929, 0.033460747450590134, 0.024017775431275368, 0.003928853198885918, 0.0037129870615899563, 0.021179074421525, 0.04389933496713638, 0.050580356270074844, 0.04567420482635498, 0.038697876036167145, 0.06636074185371399, 0.06514863669872284, 0.07162998616695404, 0.07369430363178253, 0.06703082472085953, 0.07945030927658081, 0.05030776560306549, 0.015058968216180801, -0.03150199353694916, -0.04674558714032173, -0.03791092708706856, -0.04886925220489502, -0.049564652144908905, -0.0625167265534401, -0.11672519892454147, -0.11127372086048126, -0.08517050743103027, -0.09439115971326828, -0.12524458765983582, -0.09837571531534195, -0.08033127337694168, -0.08493757247924805, -0.07466786354780197, -0.10306847095489502, -0.1288643777370453, -0.1523331105709076, -0.20476680994033813, -0.31212764978408813, -0.3346561789512634, -0.346280038356781, -0.3123725652694702, -0.2705819606781006, -0.3156328499317169, -0.3257429301738739, -0.3528541624546051, -0.38413575291633606, -0.40556231141090393, -0.3942221701145172, -0.4193245470523834, -0.44752222299575806, -0.4484553039073944, -0.45975613594055176, -0.4521889388561249, -0.425460547208786, -0.4486338198184967, -0.45137500762939453, -0.45319002866744995, -0.4750562906265259, -0.4823094308376312, -0.5210661292076111, -0.519679069519043, -0.5036250948905945, -0.5169920921325684, -0.45316553115844727, -0.45316553115844727, -0.45316553115844727]",90
9444,212,37,45,24,24,0.05447626,34.320885,2.2585902,0.3877214754908733,773.56146,"[-1.1935055255889893, -1.2095955610275269, -1.122913122177124, -0.655969500541687, -0.46644383668899536, -0.40098831057548523, 0.15966399013996124, 0.9967709183692932, 1.371729850769043, 1.5259015560150146, 1.711652159690857, 2.453856945037842, 2.3786780834198, 2.2747020721435547, 1.8516925573349, 1.4369794130325317, 1.2112334966659546, 1.0890955924987793, 0.945869505405426, 0.3413182497024536, -0.6613578200340271, -2.058213472366333, -2.8533568382263184, -2.7372639179229736, -2.9648914337158203, -2.632033586502075, -1.380366563796997, -0.9550495743751526, -0.25657522678375244, 0.08881990611553192, 0.20523393154144287, 0.4785456955432892, 0.8183159232139587, 0.530886709690094, 0.470443457365036, 1.0325084924697876, 0.7820108532905579, 0.6585503220558167, 0.9806639552116394, 1.0535656213760376, 0.6766343712806702, 0.11036477237939835, 0.08082681894302368, -0.017338113859295845, 0.04951680824160576]","[0.35220736265182495, -0.7794612646102905, -1.208763837814331, -0.7893181443214417, -0.3960992395877838, -0.2429974377155304, -0.2038518786430359, -0.0560605451464653, 0.2808280885219574, 0.16859517991542816, 0.024554366245865822, -0.3406504690647125, -1.1024783849716187, -0.3265129625797272, -0.5386016964912415, -1.3229211568832397, -2.2282416820526123, -2.29649019241333, -1.6292566061019897, -1.2758427858352661, -1.6258165836334229, -2.1530745029449463, -1.6073790788650513, -0.8968545198440552, -2.748995542526245, -2.4193031787872314, -0.7759697437286377, -0.1150304526090622, 0.5376990437507629, 0.9405825138092041, 0.9753027558326721, 2.2592358589172363, 2.6033382415771484, 2.0802700519561768, 1.615733027458191, 0.9260250926017761, -0.08564665168523788, -0.6566383838653564, -0.9564540386199951, -1.7789288759231567, -2.801251173019409, -3.0523765087127686, -3.2088027000427246, -2.456721782684326, -2.249441623687744]","[0.7522804141044617, 0.6760494112968445, 0.8718032240867615, 0.6304582953453064, 0.12423677742481232, -0.30149421095848083, -0.6861504912376404, -1.2551933526992798, -1.2423264980316162, -0.9644548296928406, -0.7522322535514832, -0.41249728202819824, 0.30363383889198303, -0.09901096671819687, -0.10977570712566376, 0.49454495310783386, 0.7542142868041992, 1.0157798528671265, 1.3049670457839966, 2.0484673976898193, 2.8969173431396484, 3.7949886322021484, 3.4636120796203613, 1.037440538406372, -0.8220760822296143, -2.1087231636047363, -2.820094108581543, -2.1727986335754395, -1.2853354215621948, -1.1137044429779053, -1.5060410499572754, -1.9117025136947632, -1.6568598747253418, -0.9082823991775513, -0.7620211243629456, -0.4811153709888458, 0.49402475357055664, 1.3784562349319458, 1.495385766029358, 1.5571833848953247, 1.8617134094238281, 1.7638851404190063, 1.5536198616027832, 1.6161954402923584, 1.5258586406707764]",45
18608,66,14,60,7,7,0.14656973,33.656418,2.6355648,0.36235677010845224,770.3132,"[1.4255445003509521, 1.255205512046814, 1.2602641582489014, 0.7048092484474182, 0.017596090212464333, -0.5049130916595459, -0.7777930498123169, -1.2089718580245972, -1.5132635831832886, -1.331167459487915, -1.0693397521972656, -1.127440333366394, -1.1492993831634521, -1.4865849018096924, -1.2700539827346802, -1.0665555000305176, -0.7224069237709045, -0.22717775404453278, 0.07885928452014923, 0.19028161466121674, 0.20699776709079742, 0.22438929975032806, 0.7022578716278076, 1.4677046537399292, 1.7012635469436646, 1.5452320575714111, 1.124259352684021, 0.29312682151794434, -0.689308762550354, -0.6874940991401672, -0.2075086385011673, -0.15283168852329254, -0.3237837851047516, -0.5950560569763184, -0.5255604982376099, -0.176180899143219, 0.06141658499836922, 0.0295577272772789, -0.0401778444647789, -0.145137220621109, 0.04464588686823845, 0.20549741387367249, 0.2636016607284546, 0.35556885600090027, 0.3424929678440094, 0.3483402132987976, 0.35153400897979736, 0.3549248278141022, 0.3004359006881714, 0.225762739777565, 0.1860244870185852, 0.1694699078798294, 0.15211720764636993, 0.11105380207300186, 0.06286414712667465, 0.03388190641999245, 0.00453924247995019, -0.003486006986349821, -0.0203169584274292, -0.03833269700407982]","[1.0538122653961182, 1.2465524673461914, 0.1300809383392334, -0.1268455535173416, -0.10000187903642654, -0.5166972875595093, -0.057212866842746735, 0.12836360931396484, 0.4078531265258789, 0.13171544671058655, -0.7564735412597656, -1.4663132429122925, -0.9650925397872925, -0.6275882720947266, -0.006731171160936356, 0.6489073038101196, 1.200380563735962, 1.467866063117981, 1.040318250656128, 0.802081823348999, 0.4921197295188904, 0.5707409977912903, 1.1118301153182983, 0.8425962328910828, -0.1521480828523636, -1.0463333129882812, -1.7976816892623901, -1.8540643453598022, -1.57835853099823, -0.2858602702617645, 0.47643762826919556, 0.11415210366249084, 0.006110053975135088, 0.1993335336446762, 1.0795542001724243, 1.3335334062576294, 1.1803431510925293, 1.4253385066986084, 1.2325528860092163, 0.9716715812683105, 1.2542693614959717, 1.0090184211730957, 0.5179203152656555, 0.16585315763950348, 0.042131856083869934, 0.7909338474273682, 0.8845605254173279, 1.0037899017333984, 0.886255145072937, 0.08862242847681046, 0.09427497535943985, 0.08032446354627609, 0.08686012029647827, 0.0604245625436306, 0.04662933945655823, 0.0677390769124031, 0.06442277133464813, 0.061514962464571, 0.07078483700752258, 0.07073469460010529]","[0.7438756823539734, -0.2336675375699997, -0.2994467318058014, -0.17871399223804474, 0.27566656470298767, 1.1126776933670044, 1.5861806869506836, 1.8550459146499634, 1.4335901737213135, 0.16866882145404816, -0.11607178300619125, -0.33570578694343567, -0.5688718557357788, -0.9544602632522583, -1.0303950309753418, -1.7101306915283203, -1.9930166006088257, -1.6128394603729248, -1.2552878856658936, -1.462479829788208, -1.7144379615783691, -0.8112689256668091, -0.45099183917045593, 0.2649611234664917, 0.37464067339897156, 0.21216343343257904, 0.49582481384277344, 1.477251410484314, 2.1749629974365234, 1.6131861209869385, 1.0564864873886108, 0.805372953414917, 0.35803598165512085, -0.2082318365573883, -0.5149754285812378, -0.6560911536216736, -0.48878517746925354, -0.17649127542972565, -0.04958798736333847, -0.17621013522148132, -0.2993919551372528, -0.10647659748792648, 0.05925127863883972, -0.043077535927295685, -0.23873238265514374, 0.11605644971132278, 0.07527980953454971, -0.040168728679418564, -0.27201247215270996, 0.021298551931977272, 0.013998494483530521, 0.031984664499759674, 0.059027642011642456, 0.07671178877353668, 0.0737094134092331, 0.06884612888097763, 0.0758400410413742, 0.07192122936248779, 0.07919764518737793, 0.09164691716432571]",60
23423,83,26,75,1,1,0.48985004,32.75741,2.9524775,0.3495535508222103,761.2002,"[1.5630536079406738, 0.25382766127586365, -0.40794244408607483, 0.9609598517417908, 2.2350358963012695, 2.3442740440368652, 1.5373224020004272, 0.7283308506011963, 0.9544310569763184, 0.9623935222625732, 0.847813069820404, 0.7476943731307983, 0.0817718580365181, -0.9894192218780518, -1.928985834121704, -2.0390570163726807, -1.6962883472442627, -1.0355513095855713, -0.8338049650192261, -0.8406747579574585, -0.7099915146827698, -0.6672208309173584, -0.5591082572937012, -0.5179676413536072, -0.5557579398155212, -0.30217045545578003, -0.2728496193885803, -0.11923377960920334, 0.032827652990818024, 0.3361552357673645, 0.3343649208545685, 0.9051941633224487, 0.8412937521934509, 0.6783174872398376, 0.11649999767541885, -0.05448959395289421, 0.20013980567455292, 0.5038366913795471, 0.30386701226234436, 0.11172895133495331, 0.6507453322410583, 0.5937707424163818, 0.31508511304855347, -0.2653340995311737, -0.2962188124656677, -0.0945311039686203, -0.08319243788719177, 0.07247839123010635, 0.1355723738670349, 0.1953197717666626, 0.28145161271095276, 0.2747519314289093, 0.2883240878582001, 0.33972612023353577, 0.3201228380203247, 0.3686775863170624, 0.3442125916481018, 0.24729827046394348, 0.2839226722717285, 0.37131306529045105, 0.3098315894603729, 0.3293096125125885, 0.3238351047039032, 0.3909117579460144, 0.3589540123939514, 0.4193287789821625, 0.4682254493236542, 0.49253541231155396, 0.5931549072265625, 0.5243047475814819, 0.5503140091896057, 0.5684269666671753, 0.5399124026298523, 0.5366992354393005, 0.6060792803764343]","[-1.1713534593582153, -0.687566876411438, -0.20793867111206055, 0.762119710445404, 0.9971647262573242, 0.40808239579200745, 0.09510619938373566, 0.3129628896713257, 0.08129671216011047, -0.5552708506584167, -1.099145770072937, -1.1347215175628662, -0.8716263175010681, -0.5512812733650208, -0.5866528749465942, -0.468424528837204, -0.4460490942001343, -0.37550657987594604, -0.3918152451515198, -0.05515162646770477, 0.10280745476484299, 0.20416976511478424, 0.5339586138725281, 0.7301852703094482, 1.0649030208587646, 1.3112027645111084, 1.3391292095184326, 1.2964619398117065, 1.1382290124893188, 1.196639060974121, 1.0019559860229492, 0.9062280654907227, 1.0141329765319824, 0.9982251524925232, 0.7282549142837524, 0.4804783761501312, 0.3404541313648224, 0.34295961260795593, -0.2977764308452606, -0.6394340395927429, 0.05463123321533203, -0.01490311324596405, 0.17229227721691132, 0.3631306290626526, 0.9536755084991455, 1.0970910787582397, 0.5677527785301208, -0.07697179168462753, -0.10028621554374695, -0.12916643917560577, -0.12862910330295563, -0.11916956305503845, -0.08495057374238968, -0.08817975968122482, -0.0704568549990654, -0.11398336291313171, -0.1656680703163147, -0.11763300001621246, -0.18373048305511475, -0.17001333832740784, -0.1171332597732544, -0.18579886853694916, -0.18074814975261688, -0.16049107909202576, -0.07932798564434052, -0.19237060844898224, -0.21857886016368866, -0.24247537553310394, -0.23015208542346954, -0.20297543704509735, -0.25002771615982056, -0.23002071678638458, -0.2382875233888626, -0.2817862331867218, -0.3118549585342407]","[-2.669248104095459, -1.0315062999725342, -0.061545152217149734, 0.10784877836704254, 0.09100928157567978, 0.12913107872009277, -0.23387566208839417, -0.6312393546104431, -0.49769270420074463, -0.5893877744674683, -0.5783012509346008, -0.17255306243896484, 0.20653046667575836, 0.8259660601615906, 1.1810474395751953, 1.2416472434997559, 1.220394253730774, 1.2812947034835815, 0.9264108538627625, 0.07535133510828018, -0.3793153762817383, -0.5447995066642761, -0.7443578839302063, -0.3942875564098358, -0.42611050605773926, -0.3517763614654541, -0.31537264585494995, -0.3466772139072418, -0.2523655295372009, -0.33987343311309814, -0.23882022500038147, -0.07551123201847076, -0.15379583835601807, -0.01189285796135664, 0.04658171907067299, -0.08276867121458054, -0.31640902161598206, -0.4786973297595978, -0.7260856628417969, -0.6234384775161743, 0.07628502696752548, 0.09396670758724213, 0.11513154953718185, 0.3631705641746521, 0.16599567234516144, 0.14054052531719208, -0.11247198283672333, 0.18914522230625153, 0.19632907211780548, 0.19717173278331757, 0.2177707552909851, 0.23658239841461182, 0.23635882139205933, 0.2272067815065384, 0.23062963783740997, 0.20335893332958221, 0.20677301287651062, 0.199881449341774, 0.23170709609985352, 0.24013793468475342, 0.22507496178150177, 0.22494760155677795, 0.19983626902103424, 0.20132514834403992, 0.22633308172225952, 0.28605642914772034, 0.3257295489311218, 0.3289066553115845, 0.3320203125476837, 0.3683668375015259, 0.35603299736976624, 0.33969247341156006, 0.3337843418121338, 0.33900186419487, 0.36727896332740784]",75
139106,496,61,90,7,7,3.065291,24.30287,8.67688,0.2686221926270065,759.79486,"[0.16312788426876068, 0.1671787053346634, 0.20151633024215698, 0.16230180859565735, 0.1460239142179489, 0.12912312150001526, 0.08779722452163696, 0.03662186861038208, 0.008417676202952862, -0.01918180286884308, -0.030331013724207878, -0.04584784805774689, -0.0657707154750824, -0.025729337707161903, 0.03380395844578743, 0.1133200079202652, 0.10952199995517731, 0.12321952730417252, 0.15966835618019104, 0.14136916399002075, 0.159784734249115, 0.12230066955089569, 0.0443677194416523, 0.06661833822727203, 0.1253054141998291, 0.08439785242080688, 0.09934493899345398, 0.08632946014404297, 0.1258494108915329, 0.10378462821245193, 0.13331714272499084, 0.10564641654491425, 0.10393060743808746, 0.11518382281064987, 0.09048883616924286, 0.10491166263818741, 0.11824329197406769, 0.11032795161008835, 0.10686827450990677, 0.09992185235023499, 0.11135780066251755, 0.11841894686222076, 0.10902196913957596, 0.1103481575846672, 0.08384564518928528, 0.08887211978435516, 0.05714369937777519, 0.04514234885573387, 0.06433393806219101, 0.06612475216388702, 0.03939393535256386, 0.015459604561328888, -0.000598709040787071, -0.022872569039463997, -0.05433280020952225, -0.06792015582323074, -0.05392562597990036, -0.06060031056404114, -0.06267457455396652, -0.07092766463756561, -0.07513211667537689, -0.17684108018875122, -0.1828550100326538, -0.16490252315998077, -0.17574024200439453, -0.18913786113262177, -0.21622493863105774, -0.23380059003829956, -0.2603066861629486, -0.2917802333831787, -0.2903330326080322, -0.32263851165771484, -0.3201678991317749, -0.3386581838130951, -0.3305775225162506, -0.33764171600341797, -0.31154531240463257, -0.3295115530490875, -0.36985573172569275, -0.37342074513435364, -0.37240973114967346, -0.36685800552368164, -0.38011616468429565, -0.3883046507835388, -0.33922749757766724, -0.2883024513721466, -0.3312876522541046, -0.40958961844444275, -0.40958961844444275, -0.40958961844444275]","[-0.06968960911035538, -0.06908722966909409, -0.07024900615215302, -0.050237033516168594, -0.07858886569738388, -0.06273120641708374, -0.10981090366840363, -0.13477925956249237, -0.09385687112808228, -0.1054915189743042, -0.12055902928113937, -0.11084948480129242, -0.09401559829711914, -0.12026064842939377, -0.15221312642097473, -0.15287534892559052, -0.145094633102417, -0.1082092896103859, -0.11464151740074158, -0.09465140104293823, -0.14036791026592255, -0.19460082054138184, -0.14249607920646667, -0.21627555787563324, -0.2026834338903427, -0.144048273563385, -0.21859051287174225, -0.21567140519618988, -0.19661740958690643, -0.10854490846395493, -0.236789271235466, -0.2671862244606018, -0.29033148288726807, -0.2777605950832367, -0.24514958262443542, -0.29937317967414856, -0.2809428870677948, -0.2905089259147644, -0.3366332948207855, -0.37004783749580383, -0.40333816409111023, -0.4559175372123718, -0.4667417109012604, -0.4890882968902588, -0.5566149353981018, -0.6511262059211731, -0.7202885150909424, -0.7368611693382263, -0.7784604430198669, -0.7979159355163574, -0.8181341886520386, -0.8933644890785217, -0.9013281464576721, -0.9012376666069031, -0.9767533540725708, -1.0172663927078247, -1.0537370443344116, -1.1359292268753052, -1.1662206649780273, -1.1933380365371704, -1.053076148033142, -1.0009467601776123, -1.1738778352737427, -1.2230570316314697, -1.3695837259292603, -1.4116199016571045, -1.4572529792785645, -1.521111011505127, -1.552423119544983, -1.5023127794265747, -1.488534688949585, -1.552782654762268, -1.5563105344772339, -1.5894427299499512, -1.5953278541564941, -1.5379735231399536, -1.5536394119262695, -1.550537347793579, -1.5676186084747314, -1.5973609685897827, -1.5648833513259888, -1.5279072523117065, -1.5177346467971802, -1.6089348793029785, -1.6541051864624023, -1.5778577327728271, -1.6231564283370972, -1.6003084182739258, -1.6003084182739258, -1.6003084182739258]","[0.01768878661096096, -0.004019082523882389, 0.008141543716192245, 0.00037650958984158933, 0.017787626013159752, 0.04445508494973183, 0.062141310423612595, 0.05900520831346512, 0.054680727422237396, 0.06101815775036812, 0.05650051683187485, 0.06306120753288269, 0.07561787217855453, 0.07828305661678314, 0.08184409141540527, 0.10007929801940918, 0.11614052951335907, 0.11039268225431442, 0.09796509891748428, 0.0972355455160141, 0.06620185077190399, 0.06521040201187134, 0.05457703024148941, 0.07668029516935349, 0.0839148685336113, 0.06115908548235893, 0.053062714636325836, 0.03224778547883034, 0.03227834776043892, 0.05083462968468666, 0.07890377938747406, 0.09035389870405197, 0.08661621063947678, 0.08109841495752335, 0.11001651734113693, 0.10719674080610275, 0.11037912219762802, 0.11129100620746613, 0.10634495317935944, 0.1210566982626915, 0.10258569568395615, 0.08008529990911484, 0.03640309348702431, 0.02790072374045849, 0.03680446371436119, 0.023882703855633736, 0.019380375742912292, 0.01720113679766655, 0.008026096038520336, 0.032911453396081924, 0.06308574974536896, 0.04281073436141014, 0.012069971300661564, 0.024692339822649956, 0.03273838385939598, 0.031474679708480835, 0.0312203336507082, 0.01072471123188734, 0.0029710866510868073, -0.0006264082621783018, -0.026430394500494003, -0.08530986309051514, -0.08720897138118744, -0.08644850552082062, -0.06508193910121918, -0.04486726596951485, -0.06913629919290543, -0.0765778049826622, -0.07177813351154327, -0.0839618518948555, -0.09644188731908798, -0.08911069482564926, -0.10624994337558746, -0.1180703267455101, -0.13396665453910828, -0.14687833189964294, -0.15075835585594177, -0.14042669534683228, -0.1519193947315216, -0.16014112532138824, -0.16393277049064636, -0.16807618737220764, -0.157022163271904, -0.17270119488239288, -0.17976459860801697, -0.1767551153898239, -0.18156126141548157, -0.1659288853406906, -0.1659288853406906, -0.1659288853406906]",90
179961,642,52,90,25,25,2.7755013,24.776638,8.1200905,0.28061815035403415,753.1664,"[-0.19035254418849945, -0.4750460684299469, -0.025362521409988403, 0.6448996663093567, 1.2270146608352661, 0.9422523975372314, 0.45697224140167236, 0.36608192324638367, 0.2660975158214569, 0.2610087990760803, -0.03041927143931389, 0.029792893677949905, -0.0057124001905322075, -0.3997769057750702, -0.26894599199295044, 0.18081803619861603, 0.20869944989681244, 0.04514579847455025, -0.3287341296672821, -0.495066374540329, -0.1613772064447403, -0.026195712387561798, -0.1705917865037918, -0.4664907157421112, -0.4643528461456299, -0.29045605659484863, 0.1146153062582016, 0.2112114280462265, -0.01916659064590931, -0.13384225964546204, -0.41488951444625854, 0.13679139316082, -0.1652921885251999, -1.2610095739364624, -1.4911071062088013, -1.2743879556655884, -0.6895131468772888, -0.7400107383728027, -0.7297587990760803, -0.800976574420929, -1.07876455783844, -1.1654967069625854, -1.4461702108383179, -1.3266264200210571, -1.3500521183013916, -1.3523393869400024, -1.2929649353027344, -1.2972297668457031, -1.5535062551498413, -1.7968835830688477, -1.6503769159317017, -1.509347677230835, -2.061985731124878, -2.2022831439971924, -2.4629616737365723, -1.7785810232162476, -1.6440953016281128, -2.0877859592437744, -2.7465639114379883, -3.408808708190918, -3.3545749187469482, -3.3148200511932373, -3.7691690921783447, -4.318403720855713, -3.7476978302001953, -3.148339033126831, -3.163512706756592, -3.3340444564819336, -3.149451494216919, -2.892608165740967, -5.136295795440674, -5.590943336486816, -5.39525842666626, -5.579599857330322, -5.6143012046813965, -5.897573947906494, -5.9838643074035645, -6.105075359344482, -6.9240875244140625, -6.74967622756958, -7.1552629470825195, -7.237170219421387, -7.264104843139648, -6.887473106384277, -7.076157569885254, -6.799181938171387, -7.016529560089111, -7.46478796005249, -7.25290584564209, -7.003482818603516]","[0.4905979037284851, 0.2536608874797821, -0.13548840582370758, -0.5818420052528381, -0.8073788285255432, -0.7834699153900146, -0.5807106494903564, -0.4823296368122101, -0.17736130952835083, 0.2825326919555664, 0.503665030002594, 0.7009824514389038, 0.7517790198326111, 0.6099611520767212, 0.09127562493085861, -0.319305956363678, -0.5157284736633301, -0.2646324038505554, -0.137346088886261, 0.13019992411136627, 0.04456726089119911, 0.3333907723426819, 0.5149008631706238, 0.11587012559175491, -0.2783186733722687, -1.0198830366134644, -0.8148571252822876, -0.5183701515197754, -0.057180870324373245, -0.18818148970603943, -0.5874001383781433, -0.5218334197998047, -0.5487359762191772, -0.15208666026592255, 0.07856658101081848, 0.32816827297210693, -0.689799427986145, -0.6870788931846619, -0.5052022337913513, -0.8398298621177673, -0.9270938038825989, -0.9400395154953003, -0.9241074323654175, -0.8177178502082825, -0.9693013429641724, -0.9722767472267151, -0.9994818568229675, -1.0812524557113647, -1.1600909233093262, -1.2587621212005615, -1.3932077884674072, -1.4208219051361084, -1.4338856935501099, -1.566612958908081, -1.800330638885498, -1.97788667678833, -2.026671886444092, -2.172711133956909, -2.2289741039276123, -2.2782363891601562, -2.4568052291870117, -2.469205379486084, -2.4840590953826904, -2.664306402206421, -2.733205556869507, -2.828892469406128, -3.039398670196533, -3.108586549758911, -3.1942138671875, -2.794879198074341, -2.652247428894043, -3.0708439350128174, -3.189453125, -3.549926996231079, -3.6716277599334717, -3.786160469055176, -3.942920207977295, -4.041887283325195, -3.9220328330993652, -3.8889992237091064, -4.035294055938721, -4.04372501373291, -4.1132588386535645, -4.112256050109863, -3.96923828125, -3.997202157974243, -3.9948878288269043, -4.031517028808594, -4.109713554382324, -4.030847072601318]","[0.14230456948280334, -0.059564992785453796, -0.04731255769729614, 0.27763259410858154, 0.7820808291435242, 0.5976312756538391, 0.23444578051567078, 0.19882440567016602, 0.33974263072013855, 0.7215972542762756, 0.5880746841430664, -0.023732110857963562, -0.41243651509284973, -0.6386556625366211, -0.3971650004386902, -0.2053007036447525, -0.3866044878959656, 0.04857558384537697, -0.03392957150936127, 0.20341698825359344, 0.4096131920814514, 0.5156415104866028, 0.7681781649589539, 0.3018386960029602, -0.46968701481819153, -0.9410878419876099, -0.49943286180496216, -0.0552651584148407, 0.6142612099647522, 0.21212823688983917, -0.26185837388038635, -0.6488686800003052, -0.01993953064084053, -0.2770256996154785, 0.05118449777364731, -0.8757327795028687, -0.5905743837356567, -0.5959634780883789, -0.6013839840888977, -0.6909538507461548, -0.7843910455703735, -0.8138267397880554, -0.8514223098754883, -0.8501109480857849, -0.817572832107544, -0.7418360114097595, -0.7155783772468567, -0.7582961320877075, -0.7939983606338501, -1.0471700429916382, -1.3500475883483887, -1.4570425748825073, -1.6138055324554443, -1.6064212322235107, -1.5761609077453613, -1.4969369173049927, -1.7360446453094482, -2.7356457710266113, -3.1381726264953613, -3.1975340843200684, -2.97468900680542, -3.0079076290130615, -2.681959867477417, -2.4540178775787354, -2.5287954807281494, -2.297593116760254, -2.4919440746307373, -2.8965041637420654, -3.337131977081299, -3.9486072063446045, -5.07374382019043, -5.529348373413086, -5.800957679748535, -5.503777503967285, -5.0090413093566895, -5.490367889404297, -5.55649995803833, -6.253520965576172, -6.685726642608643, -6.8949689865112305, -6.799468517303467, -6.991742134094238, -7.363749980926514, -7.050558090209961, -7.028041839599609, -6.780161380767822, -6.409214496612549, -6.677599906921387, -6.5652875900268555, -6.525607109069824]",90
172416,615,61,90,6,6,2.5927029,24.779812,8.015341,0.2714602230843717,749.62946,"[0.05191982537508011, 0.35230594873428345, 0.3705896735191345, 0.14192792773246765, 0.1258876919746399, 0.109375, 0.06782366335391998, 0.01408409234136343, -0.013451890088617802, -0.03955426067113876, -0.05338643863797188, -0.06777466088533401, -0.08933544158935547, -0.05322340503334999, 0.00627339631319046, 0.08466177433729172, 0.08135835826396942, 0.0950772613286972, 0.12897728383541107, 0.1109003946185112, 0.12417870759963989, 0.08447550982236862, 0.009777963161468506, 0.029578551650047302, 0.08337311446666718, 0.04597240313887596, 0.06014719232916832, 0.04584634304046631, 0.08066920936107635, 0.060290709137916565, 0.08456612378358841, 0.04384439066052437, 0.03769246116280556, 0.033713068813085556, 0.01654439978301525, 0.02899230644106865, 0.04150894284248352, 0.037104759365320206, 0.03360307216644287, 0.013646711595356464, 0.0117866275832057, 0.026123978197574615, 0.024576174095273018, -0.0030032508075237274, -0.03544352203607559, -0.04428142309188843, -0.03864358365535736, -0.04300130903720856, -0.04796271026134491, -0.08064008504152298, -0.1405317187309265, -0.16038727760314941, -0.17353329062461853, -0.21835264563560486, -0.27683010697364807, -0.2599292993545532, -0.21539072692394257, -0.22250886261463165, -0.23337318003177643, -0.23156365752220154, -0.22214676439762115, -0.4356231987476349, -0.46504661440849304, -0.4378201365470886, -0.45771121978759766, -0.47222042083740234, -0.5126751661300659, -0.5338363647460938, -0.5652840733528137, -0.6378510594367981, -0.6273786425590515, -0.679161787033081, -0.6810939908027649, -0.7000248432159424, -0.6727133393287659, -0.6892544627189636, -0.6500672698020935, -0.6784371733665466, -0.7400661110877991, -0.7323891520500183, -0.718416154384613, -0.7156513929367065, -0.7487276792526245, -0.7741479277610779, -0.6869857907295227, -0.5919615030288696, -0.666179895401001, -0.8000451922416687, -0.8000451922416687, -0.8000451922416687]","[0.1781739741563797, 0.2062828540802002, 0.20758689939975739, 0.056883398443460464, 0.03920663520693779, 0.048154305666685104, 0.016377205029129982, -0.0003089997044298798, 0.025927139446139336, 0.020458512008190155, 0.014404458925127983, 0.023788094520568848, 0.02810658887028694, 0.022860035300254822, 0.012920846231281757, 0.020853744819760323, 0.04066348820924759, 0.05844395235180855, 0.07496214658021927, 0.07870718091726303, 0.04868253692984581, 0.012707973830401897, 0.03565267473459244, 0.016916146501898766, 0.03140415996313095, 0.048803046345710754, 0.01636798493564129, 0.03456046059727669, 0.06223481521010399, 0.1008000373840332, 0.08147911727428436, 0.08109503984451294, 0.05256672576069832, 0.06336365640163422, 0.05703634396195412, 0.05419667810201645, 0.08392428606748581, 0.08366765081882477, 0.056356437504291534, 0.04691535606980324, 0.048131316900253296, 0.0387587808072567, 0.03679582104086876, 0.009550106711685658, -0.02356541156768799, -0.044607359915971756, -0.056562505662441254, -0.05613416060805321, -0.042612966150045395, -0.042642347514629364, -0.04753204807639122, -0.0682229995727539, -0.07384522259235382, -0.06586766988039017, -0.08610871434211731, -0.11164027452468872, -0.1168583482503891, -0.13133001327514648, -0.14109265804290771, -0.13733023405075073, -0.13379982113838196, -0.129435196518898, -0.17271079123020172, -0.18524682521820068, -0.21885770559310913, -0.21884913742542267, -0.22811873257160187, -0.24294617772102356, -0.23855175077915192, -0.22525031864643097, -0.221635103225708, -0.242580845952034, -0.24352072179317474, -0.25744137167930603, -0.26696181297302246, -0.25481802225112915, -0.26399335265159607, -0.26047563552856445, -0.2672399878501892, -0.2714096009731293, -0.2634148895740509, -0.260737806558609, -0.2556370198726654, -0.27365559339523315, -0.2859739363193512, -0.2666323781013489, -0.28252938389778137, -0.2774043381214142, -0.2774043381214142, -0.2774043381214142]","[-0.3209334909915924, -0.3192502558231354, -0.05278528481721878, -0.0013179853558540344, 0.016021598130464554, 0.042642343789339066, 0.06032882630825043, 0.05717609077692032, 0.05291863530874252, 0.05917440354824066, 0.054582271724939346, 0.06105393171310425, 0.07362394779920578, 0.07620976865291595, 0.07981855422258377, 0.09801223874092102, 0.11402516812086105, 0.10818029195070267, 0.09569519013166428, 0.09489269554615021, 0.06379291415214539, 0.06272409111261368, 0.052025001496076584, 0.07395750284194946, 0.08117107301950455, 0.05828017741441727, 0.05004383996129036, 0.029304374009370804, 0.02930932305753231, 0.04775229096412659, 0.07526548951864243, 0.0862199142575264, 0.08236078172922134, 0.07669138163328171, 0.10547902435064316, 0.10282634943723679, 0.10635161399841309, 0.10738328099250793, 0.10225872695446014, 0.11673221737146378, 0.09715203195810318, 0.07332659512758255, 0.029345177114009857, 0.02014213614165783, 0.029038697481155396, 0.016321012750267982, 0.012214367277920246, 0.008915422484278679, -0.004940302111208439, 0.017925135791301727, 0.047676295042037964, 0.028550248593091965, -0.0022022281773388386, 0.011900895275175571, 0.020986150950193405, 0.019375022500753403, 0.02021452784538269, -0.0011027234140783548, -0.01073162630200386, -0.016394495964050293, -0.04496632516384125, -0.10888484120368958, -0.1129281297326088, -0.11345487087965012, -0.09078482538461685, -0.06832759827375412, -0.09475665539503098, -0.10247552394866943, -0.1009926125407219, -0.11516132205724716, -0.12857124209403992, -0.12082336843013763, -0.1387902945280075, -0.15231288969516754, -0.16665399074554443, -0.17939822375774384, -0.1820884346961975, -0.17005254328250885, -0.18275929987430573, -0.19041138887405396, -0.1939975917339325, -0.19998309016227722, -0.19083186984062195, -0.2089095413684845, -0.21509462594985962, -0.21072931587696075, -0.21642526984214783, -0.19578368961811066, -0.19578368961811066, -0.19578368961811066]",90
154135,550,12,60,9,9,0.6148181,32.263275,2.919715,0.3342196121688312,749.56793,"[-1.662097692489624, -1.0755774974822998, -1.1150130033493042, -1.0341591835021973, 1.1412174701690674, 0.9798360466957092, 2.128213882446289, 1.9368034601211548, 1.2488876581192017, 1.1270568370819092, 1.2921781539916992, 1.603060245513916, 1.432121992111206, 1.2571303844451904, 0.38155680894851685, -0.6159099340438843, -0.9618434309959412, -0.7277242541313171, 0.2319510281085968, -0.015962840989232063, -0.5011959671974182, -0.20201952755451202, -0.1601816713809967, -0.5343542098999023, -1.2323782444000244, -0.9773390293121338, -0.7671794891357422, -0.7050325274467468, -0.4249517023563385, -0.15938612818717957, 0.23191115260124207, 0.259639710187912, 0.36176779866218567, 0.2371273934841156, 0.3925653100013733, 0.37998002767562866, 0.1516680270433426, 0.24210725724697113, -0.03262423351407051, -0.1057836040854454, 0.3453455865383148, 0.22005946934223175, 0.07745980471372604, 0.4081955850124359, 0.37707701325416565, 0.23147763311862946, -0.015637928619980812, 0.3806212544441223, 0.5415472388267517, 0.34210023283958435, -0.012116818688809872, 0.43440860509872437, 0.44452130794525146, 0.12049595266580582, 0.10408717393875122, 0.062475480139255524, 0.008049308322370052, -0.019307751208543777, -0.045009251683950424, -0.05955982953310013]","[-0.5852525234222412, -0.4513901174068451, -0.03881536051630974, 0.4205033481121063, 0.6498072743415833, 0.5827720761299133, 1.7269787788391113, 1.576892375946045, 1.6198853254318237, 1.2505415678024292, 0.41620394587516785, -0.14941123127937317, -0.6113032102584839, -0.9693362712860107, -1.1241718530654907, -1.3358755111694336, -1.3144220113754272, -1.2657266855239868, -0.7353197932243347, -0.5610090494155884, -1.056958556175232, -1.4462990760803223, -1.6292831897735596, -1.0976786613464355, -0.45000573992729187, 0.6975183486938477, 1.429046630859375, 1.9738938808441162, 2.364274501800537, 2.309176206588745, 2.09317684173584, 1.4013056755065918, 0.493954062461853, -0.40067923069000244, -0.6688182353973389, -0.9937574863433838, -1.0875126123428345, -0.6649566888809204, -0.5693597793579102, -0.01976211555302143, 0.5658652186393738, 0.7255217432975769, 0.8090867400169373, 0.8273029327392578, 0.42796027660369873, -0.010222089476883411, -0.424630343914032, -0.23094390332698822, -0.08835789561271667, -0.5358986258506775, -0.6500679850578308, -0.4288829267024994, -0.03147273138165474, 0.09379047900438309, 0.09953621029853821, 0.07485000044107437, 0.06200156360864639, 0.08143240958452225, 0.07882098853588104, 0.07694356888532639]","[-0.2851388454437256, -0.42556503415107727, -0.8646111488342285, -2.133490562438965, -2.143994092941284, -1.4279333353042603, -0.6438812613487244, 0.22115756571292877, 0.23235656321048737, 0.12761621177196503, -0.03788444772362709, -0.41759660840034485, -0.3764911890029907, 0.0766160786151886, 0.457064688205719, 3.146928310394287, 2.991541862487793, 2.3019137382507324, 2.156053304672241, 1.1948254108428955, -0.322695791721344, -1.1016570329666138, -1.3419535160064697, -1.4853005409240723, -1.4577280282974243, -2.0260729789733887, -1.9568456411361694, -1.0461691617965698, -0.7002461552619934, -0.48398199677467346, -0.16440673172473907, -0.030286528170108795, 0.16168080270290375, 0.2582626938819885, 0.16951243579387665, 0.31909888982772827, 0.48854902386665344, 0.5874144434928894, 0.7754560112953186, 0.6774664521217346, 0.3302745819091797, 0.3807141184806824, 0.30429551005363464, 0.04422612115740776, -0.01295434683561325, -0.0644821897149086, 0.0804121270775795, 0.17176415026187897, 0.3527623116970062, 0.36345556378364563, 0.18114592134952545, 0.12710539996623993, 0.12354462593793869, -0.02437669225037098, 0.0011754976585507393, 0.01886790059506893, 0.015334628522396088, 0.0126103600487113, 0.016998084262013435, 0.010701969265937805]",60
130916,467,16,60,5,5,0.2771983,32.57941,2.4258404,0.3976948925523127,744.24817,"[-0.7569660544395447, -0.5929798483848572, -0.40742436051368713, -0.45830005407333374, -0.5382277965545654, -0.2767820954322815, 0.6001822352409363, 1.4810842275619507, 2.085918664932251, 1.9300854206085205, 1.559391736984253, 1.3433680534362793, 1.2498807907104492, 0.596764862537384, 0.45537611842155457, 0.5604953169822693, 0.5863820910453796, 0.2897043824195862, -0.5200625658035278, -1.3288668394088745, -2.052626132965088, -2.1746110916137695, -1.6417300701141357, -1.4736751317977905, -1.1518231630325317, -0.9199092984199524, -0.7512466311454773, -0.5597544312477112, 0.19091781973838806, 0.9503095149993896, 1.0312206745147705, 0.9840416312217712, 1.0314619541168213, 0.8804717063903809, 0.7790546417236328, 0.6614152789115906, 0.4646149277687073, 0.20558564364910126, -0.14005108177661896, -0.6625670790672302, -0.5603020787239075, -0.40070611238479614, -0.10952083021402359, 0.19219160079956055, 0.3171793520450592, 0.3768479526042938, 0.27298906445503235, 0.2627166509628296, 0.1976296305656433, -0.053607869893312454, 0.004726850427687168, 0.2909054458141327, 0.07570187747478485, -0.26988252997398376, -0.17205595970153809, -0.06443622708320618, -0.2368137240409851, -0.28045809268951416, -0.12161660939455032, 0.03731007128953934]","[-0.5853090882301331, -1.5882569551467896, -1.1844205856323242, -0.5820840001106262, -0.34735241532325745, -0.8292719125747681, -1.3520840406417847, -1.687751293182373, -1.3201687335968018, -0.9294216632843018, -0.7049014568328857, -0.404945969581604, 0.05187316983938217, -1.1089545488357544, -1.3623627424240112, -0.8269422650337219, -0.3591865599155426, -0.13255442678928375, -0.17047174274921417, -0.19101771712303162, -0.03352794051170349, -0.39335212111473083, -1.2109370231628418, -1.3647050857543945, -0.30889803171157837, 0.8626706004142761, 1.0314189195632935, 0.9347238540649414, 1.3426926136016846, 1.4132684469223022, 0.871358335018158, 0.7988728880882263, 1.0652837753295898, 0.511964738368988, -0.12885917723178864, 0.13406050205230713, 0.38450199365615845, 0.14807207882404327, -0.3729288876056671, -0.6809501647949219, -0.6388677358627319, -1.0801429748535156, -1.512215256690979, -1.4507910013198853, -0.9258016347885132, -0.7545455098152161, -0.425363153219223, 0.07204139977693558, 0.3073965013027191, 0.007973864674568176, -0.033744264394044876, -0.7638098001480103, -0.4497426450252533, -0.005832870490849018, 0.40444067120552063, 0.20224878191947937, 0.1793072372674942, 0.6316684484481812, 0.8657212257385254, 0.47727182507514954]","[1.3515726327896118, 1.0307270288467407, 0.1089663952589035, -0.5608512759208679, -0.7905891537666321, -1.2211264371871948, -1.1691489219665527, -1.0640333890914917, -0.9710803627967834, -0.7087289094924927, -0.2917430102825165, -0.3104099631309509, -0.42314594984054565, 0.01491470169275999, 0.1652652621269226, 0.2835545241832733, 0.703169584274292, 1.2861844301223755, 1.9103182554244995, 2.211066484451294, 2.301955223083496, 0.7175341248512268, -0.8796171545982361, -1.5991171598434448, -1.3098994493484497, -0.6387143135070801, 0.08158572763204575, -0.0851769670844078, -0.511890172958374, -0.9233227372169495, -1.0661301612854004, -1.0598901510238647, -1.2933356761932373, -1.075554609298706, -0.29237982630729675, 0.04999197646975517, 0.24664388597011566, 0.5860317945480347, 0.8713043928146362, 1.1589245796203613, 1.0010902881622314, 0.7732570767402649, 0.5927430987358093, 0.5325853228569031, 0.576648473739624, 0.4916446805000305, 0.36561527848243713, 0.1711777299642563, -0.0582505539059639, -0.054089054465293884, -0.018263109028339386, -0.12219873070716858, -0.3501977026462555, -0.3717748522758484, -0.1490003764629364, -0.021571364253759384, 0.005857737734913826, -0.005533890798687935, -0.044042978435754776, 0.1476895660161972]",60
158374,565,73,75,3,3,2.7410624,22.222271,8.903672,0.24607140289420437,723.8592,"[-0.11101856827735901, -0.07852213084697723, -0.01905890740454197, 0.05829184502363205, 0.05544352903962135, 0.06918209046125412, 0.1007368415594101, 0.08286449313163757, 0.09141574054956436, 0.04967062175273895, -0.02204987220466137, -0.004503680393099785, 0.04478901997208595, 0.010615144856274128, 0.024079300463199615, 0.008595716208219528, 0.039096564054489136, 0.02026968263089657, 0.03970776125788689, -0.013022874481976032, -0.023256711661815643, -0.041252411901950836, -0.05149573087692261, -0.04086504876613617, -0.029098326340317726, -0.030271708965301514, -0.033812057226896286, -0.06573952734470367, -0.0798339918255806, -0.05880143120884895, -0.053126800805330276, -0.10730379074811935, -0.1452077031135559, -0.16680292785167694, -0.12678246200084686, -0.12410688400268555, -0.15129271149635315, -0.21568605303764343, -0.30609068274497986, -0.3221931755542755, -0.33265942335128784, -0.39822402596473694, -0.48156145215034485, -0.43660691380500793, -0.36396315693855286, -0.37148937582969666, -0.3904418647289276, -0.3793731927871704, -0.3574225902557373, -0.6737421154975891, -0.7247058153152466, -0.6889458298683167, -0.7171673774719238, -0.732699453830719, -0.785454511642456, -0.8099148869514465, -0.8459096550941467, -0.9562888145446777, -0.9375118613243103, -1.0072174072265625, -1.0132008790969849, -1.0325372219085693, -0.9875303506851196, -1.0127915143966675, -0.961558997631073, -0.9995018243789673, -1.0807158946990967, -1.062694787979126, -1.036794662475586, -1.0365943908691406, -1.0879064798355103, -1.1291824579238892, -1.0069763660430908, -0.8713740706443787, -0.9743316173553467]","[0.015825210139155388, 0.008466914296150208, -0.0036860706750303507, 0.0033824488054960966, 0.021982479840517044, 0.04168424755334854, 0.0558943971991539, 0.06127314642071724, 0.02967042662203312, -0.00814030971378088, 0.017736906185746193, -0.006535086315125227, 0.007862826809287071, 0.029408695176243782, -0.007260929327458143, 0.00939556211233139, 0.03620299696922302, 0.07974699139595032, 0.049472033977508545, 0.0460696741938591, 0.01808270998299122, 0.029058042913675308, 0.02664661779999733, 0.01863945461809635, 0.04723093658685684, 0.04603808373212814, 0.016834907233715057, 0.004982898943126202, 0.002728687832131982, -0.010988996364176273, -0.013843102380633354, -0.0405961275100708, -0.07717224210500717, -0.10560273379087448, -0.12331099063158035, -0.1245923787355423, -0.1166144385933876, -0.11859744042158127, -0.12502868473529816, -0.1512044370174408, -0.15706214308738708, -0.14987777173519135, -0.1756775677204132, -0.20271576941013336, -0.21107681095600128, -0.23235885798931122, -0.24418601393699646, -0.2435290664434433, -0.22624807059764862, -0.21707992255687714, -0.27339449524879456, -0.28961560130119324, -0.33458197116851807, -0.33880168199539185, -0.351728230714798, -0.37148651480674744, -0.370682954788208, -0.3536798059940338, -0.34904253482818604, -0.37434303760528564, -0.3755432069301605, -0.3913958668708801, -0.4005506932735443, -0.3838602304458618, -0.3936883211135864, -0.39021244645118713, -0.3980143070220947, -0.4047556519508362, -0.394298791885376, -0.3881723880767822, -0.3825615644454956, -0.40793973207473755, -0.42356184124946594, -0.39849749207496643, -0.41735130548477173]","[0.06464286148548126, 0.06687121838331223, 0.07069505006074905, 0.08870173245668411, 0.10449708253145218, 0.09821517765522003, 0.08547095209360123, 0.08433996140956879, 0.05294249951839447, 0.05152515321969986, 0.04053005203604698, 0.06169342249631882, 0.06881235539913177, 0.04531288519501686, 0.03644612431526184, 0.016046546399593353, 0.015936126932501793, 0.033868707716464996, 0.05887776240706444, 0.06759948283433914, 0.06319331377744675, 0.05684109777212143, 0.08504108339548111, 0.08314105123281479, 0.08821076899766922, 0.08978196233510971, 0.08385337144136429, 0.09725371748209, 0.07267753034830093, 0.04288378730416298, -0.0024453552905470133, -0.014804376289248466, -0.005940154194831848, -0.01773863658308983, -0.020063024014234543, -0.02840539440512657, -0.06334402412176132, -0.0495767779648304, -0.0217315461486578, -0.03568236529827118, -0.06648758798837662, -0.04571479931473732, -0.03194868564605713, -0.035124681890010834, -0.02935822680592537, -0.05437628552317619, -0.0724518820643425, -0.08741769194602966, -0.12845651805400848, -0.2150721400976181, -0.2287733256816864, -0.23509791493415833, -0.20655672252178192, -0.17399847507476807, -0.21015679836273193, -0.21912497282028198, -0.23258152604103088, -0.2556911110877991, -0.2732894718647003, -0.26366475224494934, -0.2853597104549408, -0.3065495193004608, -0.3138853907585144, -0.32587549090385437, -0.3232065737247467, -0.30349433422088623, -0.3216695189476013, -0.3267558217048645, -0.3294166326522827, -0.34369927644729614, -0.3431187868118286, -0.372000515460968, -0.37422940135002136, -0.3637571930885315, -0.373460978269577]",75
158375,565,71,75,3,3,2.7491434,22.20442,8.756193,0.24429651411431186,718.989,"[-0.07460092753171921, -0.08795066922903061, -0.11101856827735901, -0.07852213084697723, -0.01905890740454197, 0.05829184502363205, 0.05544352903962135, 0.06918209046125412, 0.1007368415594101, 0.08286449313163757, 0.09141574054956436, 0.04967062175273895, -0.02204987220466137, -0.004503680393099785, 0.04478901997208595, 0.010615144856274128, 0.024079300463199615, 0.008595716208219528, 0.039096564054489136, 0.02026968263089657, 0.03970776125788689, -0.013022874481976032, -0.023256711661815643, -0.041252411901950836, -0.05149573087692261, -0.04086504876613617, -0.029098326340317726, -0.030271708965301514, -0.033812057226896286, -0.06573952734470367, -0.0798339918255806, -0.05880143120884895, -0.053126800805330276, -0.10730379074811935, -0.1452077031135559, -0.16680292785167694, -0.12678246200084686, -0.12410688400268555, -0.15129271149635315, -0.21568605303764343, -0.30609068274497986, -0.3221931755542755, -0.33265942335128784, -0.39822402596473694, -0.48156145215034485, -0.43660691380500793, -0.36396315693855286, -0.37148937582969666, -0.3904418647289276, -0.3793731927871704, -0.3574225902557373, -0.6737421154975891, -0.7247058153152466, -0.6889458298683167, -0.7171673774719238, -0.732699453830719, -0.785454511642456, -0.8099148869514465, -0.8459096550941467, -0.9562888145446777, -0.9375118613243103, -1.0072174072265625, -1.0132008790969849, -1.0325372219085693, -0.9875303506851196, -1.0127915143966675, -0.961558997631073, -0.9995018243789673, -1.0807158946990967, -1.062694787979126, -1.036794662475586, -1.0365943908691406, -1.0879064798355103, -1.1291824579238892, -1.0069763660430908]","[0.0008316769963130355, 0.010248087346553802, 0.015825210139155388, 0.008466914296150208, -0.0036860706750303507, 0.0033824488054960966, 0.021982479840517044, 0.04168424755334854, 0.0558943971991539, 0.06127314642071724, 0.02967042662203312, -0.00814030971378088, 0.017736906185746193, -0.006535086315125227, 0.007862826809287071, 0.029408695176243782, -0.007260929327458143, 0.00939556211233139, 0.03620299696922302, 0.07974699139595032, 0.049472033977508545, 0.0460696741938591, 0.01808270998299122, 0.029058042913675308, 0.02664661779999733, 0.01863945461809635, 0.04723093658685684, 0.04603808373212814, 0.016834907233715057, 0.004982898943126202, 0.002728687832131982, -0.010988996364176273, -0.013843102380633354, -0.0405961275100708, -0.07717224210500717, -0.10560273379087448, -0.12331099063158035, -0.1245923787355423, -0.1166144385933876, -0.11859744042158127, -0.12502868473529816, -0.1512044370174408, -0.15706214308738708, -0.14987777173519135, -0.1756775677204132, -0.20271576941013336, -0.21107681095600128, -0.23235885798931122, -0.24418601393699646, -0.2435290664434433, -0.22624807059764862, -0.21707992255687714, -0.27339449524879456, -0.28961560130119324, -0.33458197116851807, -0.33880168199539185, -0.351728230714798, -0.37148651480674744, -0.370682954788208, -0.3536798059940338, -0.34904253482818604, -0.37434303760528564, -0.3755432069301605, -0.3913958668708801, -0.4005506932735443, -0.3838602304458618, -0.3936883211135864, -0.39021244645118713, -0.3980143070220947, -0.4047556519508362, -0.394298791885376, -0.3881723880767822, -0.3825615644454956, -0.40793973207473755, -0.42356184124946594]","[0.0459420345723629, 0.05201268196105957, 0.06464286148548126, 0.06687121838331223, 0.07069505006074905, 0.08870173245668411, 0.10449708253145218, 0.09821517765522003, 0.08547095209360123, 0.08433996140956879, 0.05294249951839447, 0.05152515321969986, 0.04053005203604698, 0.06169342249631882, 0.06881235539913177, 0.04531288519501686, 0.03644612431526184, 0.016046546399593353, 0.015936126932501793, 0.033868707716464996, 0.05887776240706444, 0.06759948283433914, 0.06319331377744675, 0.05684109777212143, 0.08504108339548111, 0.08314105123281479, 0.08821076899766922, 0.08978196233510971, 0.08385337144136429, 0.09725371748209, 0.07267753034830093, 0.04288378730416298, -0.0024453552905470133, -0.014804376289248466, -0.005940154194831848, -0.01773863658308983, -0.020063024014234543, -0.02840539440512657, -0.06334402412176132, -0.0495767779648304, -0.0217315461486578, -0.03568236529827118, -0.06648758798837662, -0.04571479931473732, -0.03194868564605713, -0.035124681890010834, -0.02935822680592537, -0.05437628552317619, -0.0724518820643425, -0.08741769194602966, -0.12845651805400848, -0.2150721400976181, -0.2287733256816864, -0.23509791493415833, -0.20655672252178192, -0.17399847507476807, -0.21015679836273193, -0.21912497282028198, -0.23258152604103088, -0.2556911110877991, -0.2732894718647003, -0.26366475224494934, -0.2853597104549408, -0.3065495193004608, -0.3138853907585144, -0.32587549090385437, -0.3232065737247467, -0.30349433422088623, -0.3216695189476013, -0.3267558217048645, -0.3294166326522827, -0.34369927644729614, -0.3431187868118286, -0.372000515460968, -0.37422940135002136]",75
72050,257,25,45,24,24,0.3632717,31.712093,2.2368813,0.350130669855949,718.85486,"[1.566563606262207, 1.6352519989013672, 1.6144369840621948, 0.9375568628311157, 0.5623581409454346, 0.6772125959396362, 0.6747092604637146, 0.6444534659385681, 0.4428429901599884, 0.40110743045806885, 0.3442821800708771, 0.14231261610984802, -0.5739492177963257, -1.409994125366211, -1.5747863054275513, -1.423232913017273, -1.3223170042037964, -1.378334403038025, -1.3931535482406616, -1.2162435054779053, -1.0284003019332886, -1.236464500427246, -0.8761025667190552, 0.23393526673316956, 1.3795835971832275, 1.448773741722107, 1.182456612586975, 1.0363960266113281, 0.7344309687614441, 0.6949445605278015, 0.39253824949264526, 0.3465496301651001, 0.39309579133987427, 0.31845712661743164, 0.17513573169708252, 0.2616545259952545, 0.08056333661079407, -0.1295347511768341, -0.20918937027454376, -0.10842642188072205, -0.06264791637659073, -0.23726432025432587, -0.4113028645515442, -0.4606299102306366, -0.4101226329803467]","[-0.3289733827114105, -0.18331949412822723, 0.02524375356733799, -0.4127926230430603, -0.3277958035469055, 0.5908083319664001, 0.6154693961143494, -0.0858868807554245, -0.10879763960838318, -0.2241615355014801, 0.18120534718036652, 0.28557854890823364, -0.3348897695541382, -0.9575496315956116, -1.0679200887680054, -0.9100121855735779, -0.9127919673919678, -1.3484386205673218, -1.4974147081375122, -0.530362069606781, 0.27686649560928345, 0.6764553189277649, -0.2613675892353058, 0.6099892258644104, 1.2684611082077026, 1.5839370489120483, 1.8205387592315674, 1.7178245782852173, 0.9647791981697083, 0.1336275041103363, -0.8265523910522461, -1.4008231163024902, -1.7368419170379639, -1.8821948766708374, -1.7836813926696777, -0.9105952382087708, -0.9165681600570679, -0.4718933701515198, -0.16045533120632172, 0.48406660556793213, 0.46377184987068176, 0.36274808645248413, -0.44848912954330444, -0.5472596883773804, 0.36576685309410095]","[-1.9479037523269653, -1.2658830881118774, -0.10230016708374023, 0.78957200050354, 0.9093182682991028, -0.5043522119522095, -0.6748180985450745, 0.24416834115982056, 0.8436049818992615, 0.707021951675415, 0.7467976212501526, 0.7002176642417908, 1.002171277999878, 1.7170335054397583, 2.09100604057312, 1.2200390100479126, -0.893786609172821, -1.7821696996688843, -0.8712186217308044, -0.11465173959732056, 0.14532677829265594, -0.004275740124285221, -0.5320833921432495, -1.8038849830627441, -2.2673566341400146, -1.0578160285949707, -0.32739803194999695, 0.10765279084444046, 0.41183504462242126, 0.8706334829330444, 0.9488508105278015, 0.8014833927154541, 0.46900030970573425, 0.4121798276901245, 0.3328779637813568, 0.39404067397117615, 0.36416926980018616, 0.3195873200893402, 0.5452149510383606, 0.37788161635398865, 0.08040537685155869, -0.12472148984670639, -0.3192179501056671, -0.5400087237358093, -0.2335534691810608]",45
222482,794,72,75,13,13,2.6942372,22.333622,8.66291,0.24396041253844825,718.75775,"[-0.16775566339492798, -0.15504008531570435, -0.04462717846035957, 0.014881031587719917, 0.09362198412418365, 0.0901639312505722, 0.10387615114450455, 0.1385730803012848, 0.12042668461799622, 0.13531120121479034, 0.09630182385444641, 0.02059270814061165, 0.04115931689739227, 0.09648355841636658, 0.05798640474677086, 0.07240266352891922, 0.05850369110703468, 0.09479513764381409, 0.07388940453529358, 0.09980849176645279, 0.06316725164651871, 0.05840231105685234, 0.05918550863862038, 0.03966367989778519, 0.052729059010744095, 0.06550050526857376, 0.0599985308945179, 0.05650998279452324, 0.04062127694487572, 0.04291829839348793, 0.05498069152235985, 0.05097878351807594, 0.03243691474199295, 0.0018531250534579158, -0.002649977570399642, -0.00869497749954462, -0.015442539006471634, -0.012852325104176998, -0.03475296497344971, -0.08427663147449493, -0.10540743917226791, -0.11946400254964828, -0.1572343409061432, -0.20726466178894043, -0.1998962014913559, -0.16490745544433594, -0.17188695073127747, -0.18000298738479614, -0.18133960664272308, -0.17618152499198914, -0.3547130525112152, -0.37681734561920166, -0.3524903953075409, -0.3695508539676666, -0.3837125599384308, -0.4199877977371216, -0.4400279223918915, -0.46993061900138855, -0.5296494364738464, -0.5219988226890564, -0.5676921010017395, -0.5682477951049805, -0.587040901184082, -0.565742015838623, -0.5793201327323914, -0.5442258715629578, -0.5693430304527283, -0.6243170499801636, -0.6201549768447876, -0.6102346777915955, -0.6065984964370728, -0.6334785223007202, -0.6535111665725708, -0.5782565474510193, -0.4970202147960663]","[0.062377288937568665, -0.03543733060359955, -0.05161005258560181, -0.07300342619419098, -0.06954283267259598, -0.05599215626716614, -0.028270844370126724, -0.023694463074207306, -0.011496608145534992, -0.049686212092638016, -0.09516114741563797, -0.057043589651584625, -0.10442064702510834, -0.09039880335330963, -0.05154341459274292, -0.10588813573122025, -0.09564285725355148, -0.07245393842458725, -0.00812856201082468, -0.08412569761276245, -0.10012638568878174, -0.1258537471294403, -0.11413376033306122, -0.10020026564598083, -0.12977656722068787, -0.10592728853225708, -0.11102790385484695, -0.1481281816959381, -0.17004339396953583, -0.1867821216583252, -0.21863648295402527, -0.22521021962165833, -0.2499067485332489, -0.30092743039131165, -0.3601977229118347, -0.40191951394081116, -0.41033732891082764, -0.42549699544906616, -0.4356343746185303, -0.44849997758865356, -0.4975694417953491, -0.5044099688529968, -0.500536322593689, -0.5495384335517883, -0.582865297794342, -0.6043450832366943, -0.654053807258606, -0.6744981408119202, -0.6868034601211548, -0.6121274828910828, -0.5829094052314758, -0.6936487555503845, -0.725251317024231, -0.8176157474517822, -0.8394842743873596, -0.8676748871803284, -0.9080145955085754, -0.9221993088722229, -0.8897450566291809, -0.880841851234436, -0.9243190288543701, -0.9266055226325989, -0.9505225419998169, -0.9581514000892639, -0.9224831461906433, -0.935035765171051, -0.9317343235015869, -0.9438667893409729, -0.9613428115844727, -0.9406088590621948, -0.9200850129127502, -0.9123451709747314, -0.9684423804283142, -0.9978545904159546, -0.9489030838012695]","[0.1860991269350052, -0.27902185916900635, 0.040088288486003876, 0.04452887549996376, 0.06199924275279045, 0.07717056572437286, 0.0696352869272232, 0.05614788085222244, 0.05407477170228958, 0.021823544055223465, 0.019406648352742195, 0.0075625828467309475, 0.026520084589719772, 0.03336760401725769, 0.008122747763991356, -0.0025520690251141787, -0.021976852789521217, -0.022418146952986717, -0.005949351936578751, 0.011877822689712048, 0.01419615838676691, 0.008221123367547989, -8.945148874772713e-05, 0.026425136253237724, 0.026683710515499115, 0.036182891577482224, 0.03930144011974335, 0.031066887080669403, 0.04138944298028946, 0.0024847439490258694, -0.044426072388887405, -0.09362047165632248, -0.11503082513809204, -0.10625936090946198, -0.11542157083749771, -0.11263445764780045, -0.1354413479566574, -0.230845645070076, -0.24317198991775513, -0.2207929491996765, -0.21990123391151428, -0.25085774064064026, -0.2109563797712326, -0.18376559019088745, -0.19142961502075195, -0.17153267562389374, -0.20716464519500732, -0.24946533143520355, -0.29111191630363464, -0.3679060637950897, -0.5196169018745422, -0.561016857624054, -0.5839697122573853, -0.5385900139808655, -0.4770621657371521, -0.5411238670349121, -0.5536751747131348, -0.6099779605865479, -0.6587299704551697, -0.6883407235145569, -0.6733332276344299, -0.7057201862335205, -0.748899519443512, -0.736144483089447, -0.7459716796875, -0.7279327511787415, -0.6862049102783203, -0.7200634479522705, -0.7177911400794983, -0.7177979350090027, -0.7558767795562744, -0.7798770666122437, -0.8397448062896729, -0.8306273818016052, -0.8026403784751892]",75
